Timestamp,IR_Presence_L1,IR_Presence_L2,IR_Presence_L3,IR_Presence_L4,Vehicle_Count,Average_Speed_kmph,Car_Count,Bike_Count,Bus_Count,Truck_Count,Van_Count,Ambulance_Count,Fire_Truck_Count,Police_Car_Count,Vehicle_Density_Percent,Signal_Duration_Class
08:00:00,0,1,0,0,104,42.4,74,10,4,3,7,1,0,1,52.0,Emergency
08:00:09,1,1,1,1,36,46.8,1,20,0,9,5,0,1,0,18.0,Emergency
08:00:18,0,0,0,1,46,47.3,18,11,3,8,2,0,0,0,23.0,Low
08:00:27,0,0,1,1,95,38.9,59,13,1,9,8,1,0,1,47.5,Emergency
08:00:37,1,0,1,0,17,44.1,1,5,1,3,5,0,0,1,8.5,Emergency
08:00:46,1,1,1,1,65,33.9,30,15,3,8,7,0,1,0,32.5,Emergency
08:00:55,0,0,1,1,62,35.2,44,0,0,6,8,1,0,1,31.0,Emergency
08:01:05,0,0,1,0,60,34.8,4,38,1,8,6,0,1,1,30.0,Emergency
08:01:14,0,1,0,0,66,45.9,39,21,2,2,0,0,0,0,33.0,Low
08:01:23,0,0,1,0,47,35.5,26,8,1,9,2,0,1,0,23.5,Emergency
08:01:33,1,0,1,1,79,44.4,28,35,4,6,2,1,1,1,39.5,Emergency
08:01:42,0,1,0,0,70,51.4,27,27,3,3,9,0,1,0,35.0,Emergency
08:01:51,0,0,0,1,94,41.5,69,7,2,8,4,0,0,1,47.0,Emergency
08:02:01,1,0,0,1,66,41.3,51,11,1,2,0,0,0,1,33.0,Emergency
08:02:10,0,0,1,1,38,39.6,0,18,1,4,9,1,1,1,19.0,Emergency
08:02:19,0,0,1,0,70,38.8,37,23,4,3,1,1,1,0,35.0,Emergency
08:02:29,0,1,0,1,63,37.9,35,18,1,2,2,1,1,0,31.5,Emergency
08:02:38,0,0,1,1,37,44.3,17,0,2,8,8,1,0,0,18.5,Emergency
08:02:47,0,0,1,1,13,40.1,1,0,3,4,4,1,0,0,6.5,Emergency
08:02:57,0,0,0,1,56,41.9,19,23,0,7,3,0,0,1,28.0,Emergency
08:03:06,1,1,1,1,100,41.5,17,65,2,8,3,0,1,0,50.0,Emergency
08:03:15,1,1,1,1,80,36.4,6,66,0,0,2,1,0,1,40.0,Emergency
08:03:25,0,1,1,0,49,40.1,27,14,0,4,2,1,0,1,24.5,Emergency
08:03:34,1,0,1,1,59,47.3,5,34,3,8,4,1,0,0,29.5,Emergency
08:03:43,0,0,1,0,66,35.8,32,17,0,9,5,1,0,1,33.0,Emergency
08:03:52,1,0,1,0,39,32.4,26,1,1,0,7,0,0,0,19.5,Low
08:04:02,1,0,1,0,74,42.6,44,19,0,7,2,0,0,1,37.0,Emergency
08:04:11,1,1,0,0,94,59.3,50,24,1,5,9,1,1,0,47.0,Emergency
08:04:20,1,1,0,1,86,47.8,4,67,4,3,2,0,1,1,43.0,Emergency
08:04:30,1,1,1,1,101,40.6,16,62,2,9,6,1,0,1,50.5,Emergency
08:04:39,1,0,0,0,49,34.0,0,33,0,7,4,0,1,0,24.5,Emergency
08:04:48,1,0,0,0,55,38.3,25,15,2,4,5,0,0,1,27.5,Emergency
08:04:58,0,0,0,1,94,39.9,38,32,4,6,9,1,1,0,47.0,Emergency
08:05:07,1,1,0,1,73,35.3,57,0,4,3,7,1,0,1,36.5,Emergency
08:05:16,1,1,1,0,75,30.5,32,32,4,2,4,1,0,0,37.5,Emergency
08:05:26,1,1,0,1,28,46.4,12,11,1,2,1,0,0,0,14.0,Low
08:05:35,1,0,1,1,80,33.8,6,57,4,1,7,1,0,0,40.0,Emergency
08:05:44,0,1,1,0,71,35.9,35,17,0,6,7,0,1,1,35.5,Emergency
08:05:54,1,0,0,0,48,38.0,16,16,3,8,5,0,0,0,24.0,Low
08:06:03,1,1,0,0,97,41.3,75,8,3,3,2,1,0,1,48.5,Emergency
08:06:12,0,0,1,0,113,38.3,52,41,1,6,9,0,0,0,56.5,Medium
08:06:22,0,0,1,0,25,41.2,8,9,1,0,5,0,1,0,12.5,Emergency
08:06:31,0,1,0,1,32,32.1,7,15,4,0,5,1,0,0,16.0,Emergency
08:06:40,0,1,1,1,49,40.4,26,9,1,2,6,1,0,0,24.5,Emergency
08:06:50,1,1,1,1,117,46.4,76,27,0,0,8,1,0,1,58.5,Emergency
08:06:59,1,1,1,0,78,43.9,46,20,4,4,3,0,0,1,39.0,Emergency
08:07:08,1,0,0,0,57,35.5,22,10,3,9,7,1,1,1,28.5,Emergency
08:07:17,0,1,1,1,76,47.6,7,57,3,1,4,0,1,1,38.0,Emergency
08:07:27,1,0,0,0,97,33.4,55,29,1,4,6,1,0,1,48.5,Emergency
08:07:36,1,1,0,0,41,49.2,20,16,4,0,1,0,0,0,20.5,Low
08:07:45,0,1,0,1,80,41.6,22,36,4,4,9,1,0,0,40.0,Emergency
08:07:55,1,0,1,0,65,41.0,44,12,3,0,0,1,1,1,32.5,Emergency
08:08:04,0,1,0,1,124,37.4,64,43,4,8,0,1,0,0,62.0,Emergency
08:08:13,0,1,1,0,76,44.5,37,33,1,1,1,1,0,0,38.0,Emergency
08:08:23,0,1,1,0,84,48.1,50,16,4,3,9,1,0,1,42.0,Emergency
08:08:32,1,1,1,0,23,33.1,5,1,4,2,8,0,0,1,11.5,Emergency
08:08:41,1,1,1,1,110,36.2,66,26,4,1,9,0,0,0,55.0,Medium
08:08:51,1,1,1,0,41,48.4,20,5,0,4,8,1,1,1,20.5,Emergency
08:09:00,0,1,1,0,80,39.8,21,46,2,0,9,1,0,1,40.0,Emergency
08:09:09,0,0,1,0,52,35.5,21,13,1,6,7,1,0,1,26.0,Emergency
08:09:19,1,0,0,0,68,42.4,17,37,2,2,8,0,0,1,34.0,Emergency
08:09:28,0,0,0,0,80,43.3,43,24,0,3,8,1,1,0,40.0,Emergency
08:09:37,0,1,0,1,105,42.0,39,48,3,2,9,0,0,1,52.5,Emergency
08:09:47,1,1,1,0,65,48.2,44,5,4,8,0,0,1,0,32.5,Emergency
08:09:56,1,0,1,1,95,40.2,39,36,3,7,5,1,1,1,47.5,Emergency
08:10:05,1,0,1,1,74,35.8,50,1,2,7,9,0,0,1,37.0,Emergency
08:10:15,1,1,1,1,43,43.2,11,14,0,9,5,0,1,0,21.5,Emergency
08:10:24,0,0,0,0,80,35.9,49,9,4,6,9,1,1,0,40.0,Emergency
08:10:33,1,0,0,0,70,42.6,23,37,2,0,4,1,1,1,35.0,Emergency
08:10:42,1,0,1,0,118,47.2,33,75,2,2,0,1,1,1,59.0,Emergency
08:10:52,1,0,1,0,69,43.8,34,20,4,4,2,0,1,1,34.5,Emergency
08:11:01,0,0,1,0,117,43.2,39,71,2,5,0,0,0,0,58.5,Medium
08:11:10,0,0,0,0,71,41.2,50,5,2,6,2,1,1,1,35.5,Emergency
08:11:20,0,0,0,0,48,43.9,32,4,2,6,0,1,1,1,24.0,Emergency
08:11:29,1,0,0,1,100,40.4,46,35,4,7,3,1,0,0,50.0,Emergency
08:11:38,0,0,1,1,80,35.3,26,35,3,9,4,1,0,1,40.0,Emergency
08:11:48,1,1,1,1,51,43.3,11,25,4,7,1,0,0,0,25.5,Low
08:11:57,0,1,1,1,81,39.7,4,55,4,7,9,0,1,0,40.5,Emergency
08:12:06,0,1,0,0,54,38.4,25,13,3,5,6,0,0,0,27.0,Low
08:12:16,1,0,0,0,36,37.6,8,9,3,8,4,1,0,0,18.0,Emergency
08:12:25,0,1,0,1,71,32.2,16,42,2,2,5,1,0,0,35.5,Emergency
08:12:34,1,0,1,0,57,26.1,21,25,3,1,4,0,0,0,28.5,Low
08:12:44,0,0,1,1,59,52.9,12,29,2,7,2,1,1,1,29.5,Emergency
08:12:53,0,0,0,1,65,40.3,39,18,1,0,2,0,1,1,32.5,Emergency
08:13:02,0,1,1,1,85,38.5,54,6,2,9,9,0,1,1,42.5,Emergency
08:13:12,0,0,0,1,51,36.4,6,28,0,8,6,0,1,0,25.5,Emergency
08:13:21,0,0,1,1,61,40.7,7,33,2,7,7,1,0,1,30.5,Emergency
08:13:30,1,0,1,0,161,44.9,94,47,1,6,9,0,0,0,80.5,High
08:13:40,0,1,0,0,20,46.8,0,4,3,9,1,0,0,0,10.0,Low
08:13:49,1,0,0,1,112,44.8,52,43,2,3,9,1,1,1,56.0,Emergency
08:13:58,1,1,1,0,101,39.7,80,13,0,7,1,0,0,0,50.5,Medium
08:14:07,1,1,0,1,47,33.3,25,9,4,1,6,0,0,1,23.5,Emergency
08:14:17,1,0,1,1,55,42.0,24,11,4,9,5,0,0,0,27.5,Low
08:14:26,1,1,1,0,31,31.5,6,9,4,0,9,0,1,1,15.5,Emergency
08:14:35,1,1,1,1,77,38.3,35,25,4,4,7,0,1,1,38.5,Emergency
08:14:45,0,0,1,0,72,41.0,33,23,4,7,0,1,1,0,36.0,Emergency
08:14:54,0,0,1,0,47,52.8,25,1,4,8,8,1,0,0,23.5,Emergency
08:15:03,0,0,1,1,49,39.5,34,2,1,4,2,1,1,1,24.5,Emergency
08:15:13,0,0,1,0,51,33.4,15,23,2,7,4,0,0,0,25.5,Low
08:15:22,1,0,1,0,89,38.9,25,40,4,9,9,1,0,0,44.5,Emergency
08:15:31,0,1,1,0,45,41.8,18,15,1,6,1,0,1,1,22.5,Emergency
08:15:41,1,0,1,0,43,37.1,13,23,2,1,2,0,0,1,21.5,Emergency
08:15:50,0,0,1,0,48,40.9,21,12,1,0,9,1,1,1,24.0,Emergency
08:15:59,1,1,1,0,45,46.9,12,17,2,6,3,0,1,0,22.5,Emergency
08:16:09,1,0,1,0,31,37.8,6,19,4,0,0,0,0,1,15.5,Emergency
08:16:18,1,1,1,0,78,47.3,14,48,0,7,3,1,0,1,39.0,Emergency
08:16:27,0,0,0,1,48,51.5,24,6,3,3,7,1,0,0,24.0,Emergency
08:16:37,0,0,1,1,96,36.7,56,25,0,0,9,0,1,1,48.0,Emergency
08:16:46,0,1,0,0,49,38.1,17,17,0,7,2,1,0,1,24.5,Emergency
08:16:55,1,0,0,0,33,34.1,3,13,4,1,8,1,0,0,16.5,Emergency
08:17:05,0,0,0,0,42,39.7,24,4,2,1,7,1,0,1,21.0,Emergency
08:17:14,0,1,1,1,50,39.1,12,27,4,0,1,1,0,1,25.0,Emergency
08:17:23,0,1,0,1,47,43.4,32,5,2,7,0,0,0,1,23.5,Emergency
08:17:32,0,0,0,0,102,49.2,62,26,3,6,4,0,0,1,51.0,Emergency
08:17:42,0,0,0,1,77,37.3,38,30,1,3,1,1,0,0,38.5,Emergency
08:17:51,0,1,1,0,55,43.2,26,16,1,7,2,1,1,0,27.5,Emergency
08:18:00,0,1,1,0,33,42.8,21,3,3,3,1,1,0,1,16.5,Emergency
08:18:10,1,1,0,1,101,36.5,64,21,1,7,1,1,1,1,50.5,Emergency
08:18:19,1,1,0,0,58,36.9,32,5,2,9,6,1,1,1,29.0,Emergency
08:18:28,0,1,0,0,64,39.2,38,14,4,3,1,0,1,1,32.0,Emergency
08:18:38,0,0,0,1,92,42.2,58,19,2,8,4,0,0,0,46.0,Low
08:18:47,1,1,0,1,85,41.2,48,24,3,1,7,1,1,0,42.5,Emergency
08:18:56,0,0,1,0,49,42.3,2,28,3,4,7,1,1,0,24.5,Emergency
08:19:06,1,0,0,1,41,43.0,19,3,0,5,8,1,0,1,20.5,Emergency
08:19:15,0,1,1,1,140,49.8,81,45,2,8,0,1,1,0,70.0,Emergency
08:19:24,1,0,1,0,141,38.1,75,56,3,3,0,1,1,1,70.5,Emergency
08:19:34,1,0,1,0,55,37.6,38,1,1,9,1,0,1,1,27.5,Emergency
08:19:43,0,1,0,0,31,45.4,5,8,0,6,8,1,1,1,15.5,Emergency
08:19:52,1,1,1,1,94,40.6,57,21,1,2,8,1,1,1,47.0,Emergency
08:20:02,1,1,1,0,43,44.8,12,12,2,9,2,0,1,1,21.5,Emergency
08:20:11,1,0,0,0,56,54.8,17,18,4,7,8,0,0,1,28.0,Emergency
08:20:20,0,0,0,0,79,39.5,6,48,4,9,7,1,0,1,39.5,Emergency
08:20:30,1,1,1,1,73,41.1,35,25,4,1,3,1,0,1,36.5,Emergency
08:20:39,1,0,1,0,80,45.2,57,11,2,1,7,0,0,0,40.0,Low
08:20:48,1,1,1,1,61,33.1,1,36,4,5,8,1,1,1,30.5,Emergency
08:20:57,0,1,1,0,41,47.2,1,16,2,8,8,1,1,0,20.5,Emergency
08:21:07,0,0,0,1,32,36.2,9,2,1,9,8,0,0,1,16.0,Emergency
08:21:16,1,0,0,1,76,36.2,27,36,4,4,0,0,1,1,38.0,Emergency
08:21:25,0,0,1,1,67,39.6,36,19,1,0,6,0,1,0,33.5,Emergency
08:21:35,0,0,0,0,42,39.8,9,19,4,1,7,0,0,1,21.0,Emergency
08:21:44,0,1,0,0,52,45.0,22,19,4,3,1,1,1,0,26.0,Emergency
08:21:53,0,0,0,1,59,25.5,4,46,1,0,6,0,1,0,29.5,Emergency
08:22:03,1,1,1,0,44,41.0,11,26,0,3,0,0,0,0,22.0,Low
08:22:12,1,0,0,1,56,45.3,8,32,0,8,8,0,0,0,28.0,Low
08:22:21,0,1,1,0,117,45.9,69,33,1,8,6,0,0,0,58.5,Medium
08:22:31,1,1,1,0,35,33.9,14,0,3,9,6,0,0,0,17.5,Low
08:22:40,0,0,0,0,20,48.2,9,1,0,2,4,1,1,1,10.0,Emergency
08:22:49,1,1,0,0,24,45.0,4,1,4,3,6,1,1,1,12.0,Emergency
08:22:59,0,0,0,0,49,44.6,14,24,3,2,3,0,0,1,24.5,Emergency
08:23:08,1,1,0,1,111,39.2,51,45,2,2,7,1,1,1,55.5,Emergency
08:23:17,1,0,0,1,74,39.3,38,12,0,9,9,1,1,1,37.0,Emergency
08:23:27,1,0,1,0,103,39.2,44,41,2,6,5,1,0,1,51.5,Emergency
08:23:36,0,1,0,0,34,37.7,9,7,0,9,4,1,1,1,17.0,Emergency
08:23:45,1,1,0,1,48,34.6,17,18,3,9,0,0,1,0,24.0,Emergency
08:23:55,0,1,1,0,72,33.4,36,14,2,6,9,0,1,0,36.0,Emergency
08:24:04,0,1,0,1,49,40.7,34,6,4,1,2,1,1,0,24.5,Emergency
08:24:13,0,0,0,1,64,41.5,41,6,4,3,7,0,0,1,32.0,Emergency
08:24:22,0,1,0,0,86,37.3,40,38,3,0,1,1,0,1,43.0,Emergency
08:24:32,1,0,1,1,33,34.5,2,21,1,6,1,1,0,0,16.5,Emergency
08:24:41,0,1,1,1,117,43.7,43,57,3,4,8,0,1,1,58.5,Emergency
08:24:50,0,1,1,0,61,45.5,15,29,4,6,2,1,1,0,30.5,Emergency
08:25:00,1,1,1,0,64,43.0,29,20,3,5,5,1,1,0,32.0,Emergency
08:25:09,0,1,1,1,120,38.5,65,40,4,1,8,0,0,0,60.0,Medium
08:25:18,1,1,0,1,53,38.0,5,34,2,5,4,1,1,1,26.5,Emergency
08:25:28,1,1,1,0,34,41.9,13,5,2,6,3,1,0,0,17.0,Emergency
08:25:37,0,1,0,1,39,50.0,17,9,0,1,8,0,1,0,19.5,Emergency
08:25:46,0,1,0,1,54,36.7,2,34,0,5,8,0,0,1,27.0,Emergency
08:25:56,1,1,0,0,67,42.6,44,11,3,3,1,0,1,0,33.5,Emergency
08:26:05,0,1,1,1,29,38.9,1,10,1,7,8,0,0,0,14.5,Low
08:26:14,0,0,1,1,29,47.5,6,15,3,0,3,1,0,1,14.5,Emergency
08:26:24,0,0,1,1,70,44.8,49,4,3,2,6,0,1,1,35.0,Emergency
08:26:33,0,1,0,1,103,42.1,61,26,4,5,5,0,0,1,51.5,Emergency
08:26:42,1,0,0,0,30,39.9,2,16,3,4,3,1,0,0,15.0,Emergency
08:26:52,1,1,1,1,93,42.9,51,28,1,4,9,0,0,0,46.5,Low
08:27:01,1,0,0,0,82,32.0,9,57,3,7,4,1,0,0,41.0,Emergency
08:27:10,1,0,1,1,54,38.0,16,22,4,2,4,1,1,0,27.0,Emergency
08:27:20,1,0,1,0,69,38.2,23,34,0,4,3,0,1,1,34.5,Emergency
08:27:29,0,1,0,0,95,40.9,27,50,2,9,4,0,1,1,47.5,Emergency
08:27:38,1,0,1,1,41,45.0,24,8,1,1,2,0,1,1,20.5,Emergency
08:27:47,1,0,0,0,121,36.2,61,49,1,4,3,1,0,1,60.5,Emergency
08:27:57,1,0,0,1,29,51.8,10,9,0,7,1,0,0,0,14.5,Low
08:28:06,1,1,1,0,65,42.1,21,29,3,4,2,1,0,1,32.5,Emergency
08:28:15,0,1,1,1,84,38.3,46,17,4,4,7,1,1,1,42.0,Emergency
08:28:25,1,0,1,1,117,42.7,88,21,3,1,1,0,0,0,58.5,Medium
08:28:34,0,1,0,0,92,42.5,42,36,4,0,7,0,0,1,46.0,Emergency
08:28:43,0,0,1,0,51,43.6,24,7,1,9,7,0,1,0,25.5,Emergency
08:28:53,0,1,1,0,44,37.1,9,20,2,1,8,1,0,0,22.0,Emergency
08:29:02,1,1,1,1,35,42.9,11,16,0,1,4,0,1,0,17.5,Emergency
08:29:11,0,0,1,1,40,38.6,3,19,1,7,5,0,1,0,20.0,Emergency
08:29:21,1,1,0,0,38,35.3,3,19,0,6,6,1,0,1,19.0,Emergency
08:29:30,1,0,1,1,64,38.8,23,33,1,2,2,0,0,1,32.0,Emergency
08:29:39,1,1,0,1,66,40.6,37,20,3,2,3,1,0,0,33.0,Emergency
08:29:49,1,0,1,0,41,34.9,3,19,2,5,6,0,1,1,20.5,Emergency
08:29:58,0,1,0,1,24,49.3,2,12,2,0,5,0,1,0,12.0,Emergency
08:30:07,0,0,0,0,44,45.2,28,4,3,0,4,1,1,0,22.0,Emergency
08:30:17,1,1,1,1,47,39.0,34,0,0,3,5,0,1,1,23.5,Emergency
08:30:26,1,1,0,0,73,41.8,29,23,3,9,5,1,0,0,36.5,Emergency
08:30:35,1,1,1,1,139,40.6,53,69,3,8,3,1,0,1,69.5,Emergency
08:30:45,1,0,0,0,54,39.2,23,10,3,7,6,0,1,1,27.0,Emergency
08:30:54,1,1,1,0,51,38.8,20,17,4,2,6,1,0,1,25.5,Emergency
08:31:03,0,0,0,0,127,35.9,85,32,0,7,1,1,1,0,63.5,Emergency
08:31:12,0,1,0,0,85,39.2,69,5,1,0,9,0,0,1,42.5,Emergency
08:31:22,1,1,1,1,113,48.2,75,23,3,9,2,1,0,0,56.5,Emergency
08:31:31,1,1,0,0,47,38.7,25,3,3,5,7,1,0,0,23.5,Emergency
08:31:40,1,1,0,0,39,41.8,1,24,2,7,0,1,1,0,19.5,Emergency
08:31:50,0,0,0,1,142,47.9,68,50,2,7,9,1,1,1,71.0,Emergency
08:31:59,0,1,0,0,77,37.8,47,17,1,3,5,1,1,0,38.5,Emergency
08:32:08,0,0,0,1,87,46.4,39,37,0,0,6,1,1,0,43.5,Emergency
08:32:18,1,0,0,1,31,40.1,15,0,4,6,4,0,1,0,15.5,Emergency
08:32:27,1,1,1,1,35,47.1,26,4,0,2,0,1,0,1,17.5,Emergency
08:32:36,1,1,1,0,42,40.8,18,11,0,1,8,0,1,1,21.0,Emergency
08:32:46,1,1,1,1,38,46.6,27,0,4,2,3,1,0,0,19.0,Emergency
08:32:55,1,0,0,0,31,45.0,10,14,2,2,0,1,0,1,15.5,Emergency
08:33:04,1,0,1,1,49,37.8,38,5,0,3,0,1,0,0,24.5,Emergency
08:33:14,1,1,0,0,62,37.0,13,35,3,0,6,0,0,1,31.0,Emergency
08:33:23,0,1,0,0,128,39.0,90,22,2,1,7,1,1,1,64.0,Emergency
08:33:32,0,1,1,0,116,37.3,87,13,1,5,6,1,1,0,58.0,Emergency
08:33:42,1,0,0,1,53,39.5,8,27,3,6,8,0,1,0,26.5,Emergency
08:33:51,1,0,0,1,86,38.1,35,39,0,8,0,1,1,0,43.0,Emergency
08:34:00,0,0,0,0,83,38.6,29,40,3,3,7,1,0,0,41.5,Emergency
08:34:10,1,0,0,0,50,43.7,29,11,2,1,4,0,0,0,25.0,Low
08:34:19,0,0,1,0,115,36.8,67,34,0,1,7,1,0,1,57.5,Emergency
08:34:28,0,0,1,1,62,34.4,18,25,3,5,7,0,0,1,31.0,Emergency
08:34:37,0,0,0,1,48,39.5,6,27,3,3,5,1,0,0,24.0,Emergency
08:34:47,1,1,1,0,39,51.5,5,24,1,0,5,1,0,1,19.5,Emergency
08:34:56,1,1,0,0,64,40.5,39,13,2,3,7,0,0,0,32.0,Low
08:35:05,1,0,1,1,73,37.6,38,20,4,0,9,0,1,1,36.5,Emergency
08:35:15,0,1,0,0,55,43.9,16,23,4,2,6,0,0,0,27.5,Low
08:35:24,1,0,1,0,56,38.0,0,39,3,2,7,1,0,0,28.0,Emergency
08:35:33,1,0,1,0,69,36.7,25,27,1,4,7,0,0,1,34.5,Emergency
08:35:43,0,0,0,0,79,36.5,32,35,1,4,2,0,1,1,39.5,Emergency
08:35:52,0,0,1,1,101,41.7,40,38,1,8,9,1,0,0,50.5,Emergency
08:36:01,1,1,1,0,52,42.3,1,37,2,7,1,0,0,1,26.0,Emergency
08:36:11,0,0,0,0,47,34.6,14,25,4,4,0,0,0,0,23.5,Low
08:36:20,1,1,0,1,115,49.2,72,37,1,1,2,0,1,1,57.5,Emergency
08:36:29,0,0,1,0,76,36.3,31,32,1,7,4,0,1,0,38.0,Emergency
08:36:39,0,0,1,0,125,32.9,94,26,2,0,0,1,1,0,62.5,Emergency
08:36:48,1,1,1,1,43,46.1,30,3,0,1,4,1,1,1,21.5,Emergency
08:36:57,0,0,0,1,74,34.5,49,5,2,4,9,0,1,0,37.0,Emergency
08:37:07,1,1,0,0,36,38.2,5,17,3,8,0,0,0,0,18.0,Low
08:37:16,0,0,1,1,28,34.0,12,1,4,5,4,0,0,0,14.0,Low
08:37:25,1,1,1,0,85,40.7,48,20,3,4,6,1,0,0,42.5,Emergency
08:37:35,0,1,0,0,79,39.0,50,16,2,1,7,1,0,1,39.5,Emergency
08:37:44,0,0,0,0,41,51.7,27,4,0,4,3,1,0,0,20.5,Emergency
08:37:53,0,1,0,1,50,38.2,16,19,0,9,5,0,0,0,25.0,Low
08:38:03,1,1,1,1,115,41.4,69,35,2,0,7,0,0,0,57.5,Medium
08:38:12,1,0,0,1,25,50.6,3,6,4,2,8,1,1,0,12.5,Emergency
08:38:21,0,0,0,1,74,34.2,18,37,2,4,6,1,1,1,37.0,Emergency
08:38:30,1,0,0,1,108,38.0,79,11,1,8,7,0,1,1,54.0,Emergency
08:38:40,1,0,0,0,46,36.3,7,25,0,7,6,1,0,0,23.0,Emergency
08:38:49,1,0,0,0,67,42.1,4,59,0,0,3,0,1,0,33.5,Emergency
08:38:58,1,1,1,1,32,37.0,5,10,2,7,2,1,1,0,16.0,Emergency
08:39:08,1,1,0,0,74,30.5,39,16,1,9,5,1,1,1,37.0,Emergency
08:39:17,0,1,0,0,53,41.1,38,2,2,5,6,0,0,0,26.5,Low
08:39:26,0,1,0,0,61,38.0,24,21,0,6,6,1,1,1,30.5,Emergency
08:39:36,1,1,1,1,57,33.1,31,13,1,3,4,1,0,1,28.5,Emergency
08:39:45,0,0,0,1,28,30.8,17,1,2,8,0,0,0,0,14.0,Low
08:39:54,1,0,1,1,71,39.9,37,16,1,7,8,1,0,1,35.5,Emergency
08:40:04,1,0,1,0,73,33.3,26,33,3,3,3,1,0,0,36.5,Emergency
08:40:13,0,0,1,1,66,35.9,11,36,0,9,6,1,0,0,33.0,Emergency
08:40:22,0,0,1,0,51,37.9,12,32,3,0,3,0,0,1,25.5,Emergency
08:40:32,0,1,0,0,88,37.0,36,41,0,4,5,1,0,1,44.0,Emergency
08:40:41,0,0,1,1,46,46.2,30,1,0,8,5,0,1,1,23.0,Emergency
08:40:50,1,0,0,0,106,38.4,87,7,3,1,2,1,1,1,53.0,Emergency
08:41:00,0,1,1,1,56,38.4,34,12,0,0,5,1,1,0,28.0,Emergency
08:41:09,0,0,1,1,20,43.0,4,5,1,5,0,1,1,1,10.0,Emergency
08:41:18,0,0,0,1,53,38.7,28,10,0,3,9,1,1,1,26.5,Emergency
08:41:28,1,0,1,1,80,42.2,57,11,2,5,4,1,0,0,40.0,Emergency
08:41:37,1,0,1,0,38,35.8,11,15,2,4,3,0,0,1,19.0,Emergency
08:41:46,0,1,0,1,40,43.7,21,3,2,8,1,1,1,0,20.0,Emergency
08:41:55,0,1,1,1,65,50.6,14,31,3,5,8,0,0,1,32.5,Emergency
08:42:05,0,1,0,1,51,42.2,9,26,4,2,4,1,1,1,25.5,Emergency
08:42:14,0,0,0,0,69,46.2,46,8,1,9,0,1,0,1,34.5,Emergency
08:42:23,0,0,1,1,56,35.5,31,12,1,4,4,1,1,1,28.0,Emergency
08:42:33,1,1,1,0,27,39.0,11,12,2,0,0,1,0,0,13.5,Emergency
08:42:42,0,0,1,1,69,33.8,40,15,3,2,7,1,0,1,34.5,Emergency
08:42:51,1,0,0,0,32,36.4,17,5,3,2,1,0,0,0,16.0,Low
08:43:01,1,1,1,0,32,40.8,12,9,3,0,6,0,0,1,16.0,Emergency
08:43:10,1,0,1,1,134,42.3,91,27,1,4,7,1,1,1,67.0,Emergency
08:43:19,0,1,1,0,47,42.7,26,2,3,9,3,0,1,1,23.5,Emergency
08:43:29,1,0,0,1,76,36.8,19,52,2,2,0,0,0,1,38.0,Emergency
08:43:38,1,0,1,0,82,46.6,67,0,1,0,9,1,0,1,41.0,Emergency
08:43:47,0,1,0,0,67,41.1,44,8,4,3,4,1,0,1,33.5,Emergency
08:43:57,0,0,1,1,92,39.1,18,59,1,7,4,0,1,1,46.0,Emergency
08:44:06,1,0,1,1,82,33.7,18,45,3,8,3,1,0,0,41.0,Emergency
08:44:15,0,0,0,1,57,41.8,35,1,4,7,7,1,1,0,28.5,Emergency
08:44:25,0,0,0,0,107,37.5,52,40,0,8,5,1,0,0,53.5,Emergency
08:44:34,1,0,0,1,93,39.6,60,19,2,2,5,0,1,1,46.5,Emergency
08:44:43,1,0,0,1,112,31.4,61,36,0,2,8,1,1,0,56.0,Emergency
08:44:53,0,1,1,1,45,36.6,20,7,0,6,9,1,1,0,22.5,Emergency
08:45:02,0,1,0,0,99,38.4,16,67,3,8,4,0,1,0,49.5,Emergency
08:45:11,0,0,0,1,57,51.5,14,31,2,5,0,0,0,1,28.5,Emergency
08:45:20,1,0,0,1,62,33.5,51,2,0,0,6,1,0,0,31.0,Emergency
08:45:30,1,0,1,1,92,33.9,67,17,0,2,3,0,1,1,46.0,Emergency
08:45:39,0,1,1,0,64,40.3,5,48,2,4,0,0,0,1,32.0,Emergency
08:45:48,1,1,1,0,114,54.6,75,15,2,9,8,1,0,1,57.0,Emergency
08:45:58,0,1,1,1,93,36.1,77,2,1,6,2,0,1,1,46.5,Emergency
08:46:07,0,0,1,1,24,40.0,10,4,2,0,5,0,0,0,12.0,Low
08:46:16,1,0,1,1,73,36.6,40,18,4,1,6,1,0,0,36.5,Emergency
08:46:26,1,0,0,0,57,38.8,22,18,4,7,3,0,1,1,28.5,Emergency
08:46:35,0,0,1,1,27,33.4,5,4,3,8,4,1,1,1,13.5,Emergency
08:46:44,0,0,0,1,75,40.4,58,2,1,1,8,0,1,1,37.5,Emergency
08:46:54,1,1,1,1,47,39.4,19,18,3,2,1,1,0,1,23.5,Emergency
08:47:03,1,0,0,1,70,36.4,32,31,0,3,1,0,1,0,35.0,Emergency
08:47:12,1,0,1,0,77,32.8,44,27,0,0,3,0,0,0,38.5,Low
08:47:22,0,0,1,1,89,47.2,44,31,0,9,1,0,1,1,44.5,Emergency
08:47:31,1,0,0,0,109,37.8,72,26,1,2,7,1,0,0,54.5,Emergency
08:47:40,0,1,1,1,66,32.0,22,31,3,0,8,1,0,0,33.0,Emergency
08:47:50,1,0,0,1,56,48.1,17,29,1,1,5,0,0,1,28.0,Emergency
08:47:59,0,0,1,1,127,45.0,73,37,0,6,7,0,1,1,63.5,Emergency
08:48:08,1,1,0,0,99,37.0,59,27,0,5,4,0,1,1,49.5,Emergency
08:48:18,0,1,0,1,113,45.4,59,37,1,7,3,1,1,0,56.5,Emergency
08:48:27,0,1,1,1,33,37.6,12,3,4,5,7,1,1,0,16.5,Emergency
08:48:36,0,0,1,1,48,31.1,0,37,4,4,0,1,1,0,24.0,Emergency
08:48:45,0,0,0,0,34,46.8,0,11,3,7,9,0,0,0,17.0,Low
08:48:55,0,1,1,1,85,38.8,45,22,4,3,9,0,1,1,42.5,Emergency
08:49:04,0,0,0,0,51,40.9,21,8,4,9,6,0,1,0,25.5,Emergency
08:49:13,1,0,0,1,59,54.9,36,12,3,6,0,0,1,0,29.5,Emergency
08:49:23,0,1,1,1,66,38.6,9,35,1,8,9,1,0,1,33.0,Emergency
08:49:32,1,0,1,1,55,42.1,42,8,0,0,2,0,1,1,27.5,Emergency
08:49:41,0,0,1,1,107,41.6,47,47,0,4,6,1,1,1,53.5,Emergency
08:49:51,0,0,0,1,15,44.6,2,6,1,0,6,0,0,0,7.5,Low
08:50:00,0,0,0,0,74,50.1,31,25,3,8,5,1,0,1,37.0,Emergency
08:50:09,0,0,1,1,101,44.8,50,40,4,2,2,1,0,0,50.5,Emergency
08:50:19,0,0,1,1,69,38.6,39,14,3,3,8,0,0,1,34.5,Emergency
08:50:28,0,0,1,0,49,44.7,28,9,4,2,2,0,1,1,24.5,Emergency
08:50:37,0,1,1,0,80,44.5,42,31,2,1,0,0,1,0,40.0,Emergency
08:50:47,1,0,1,0,79,46.4,24,35,0,9,9,0,1,0,39.5,Emergency
08:50:56,1,0,0,0,51,36.4,8,27,4,9,0,1,0,0,25.5,Emergency
08:51:05,0,1,1,1,70,42.6,41,11,1,5,7,1,0,0,35.0,Emergency
08:51:15,0,1,1,1,111,33.1,80,25,1,1,2,1,0,1,55.5,Emergency
08:51:24,1,1,1,0,50,40.2,0,29,4,4,9,1,0,0,25.0,Emergency
08:51:33,0,1,1,0,116,41.7,87,19,1,4,3,1,0,1,58.0,Emergency
08:51:43,0,0,1,1,70,39.9,20,34,4,7,1,1,1,0,35.0,Emergency
08:51:52,1,1,0,0,75,36.7,7,53,4,5,3,1,0,0,37.5,Emergency
08:52:01,1,0,1,0,75,41.4,34,30,4,0,2,1,0,0,37.5,Emergency
08:52:10,0,1,0,1,59,34.8,14,34,2,4,4,0,1,0,29.5,Emergency
08:52:20,1,0,0,0,28,45.6,1,9,4,8,3,1,0,0,14.0,Emergency
08:52:29,1,1,0,1,68,27.4,49,3,0,9,3,1,0,1,34.0,Emergency
08:52:38,1,0,0,1,49,33.2,17,22,2,4,4,0,0,0,24.5,Low
08:52:48,0,1,1,1,96,43.8,64,14,3,5,5,1,0,0,48.0,Emergency
08:52:57,1,1,1,1,105,43.0,32,54,2,7,5,1,1,1,52.5,Emergency
08:53:06,1,1,1,1,27,41.2,5,1,3,5,9,0,1,1,13.5,Emergency
08:53:16,1,1,1,0,64,34.2,25,29,0,3,3,0,1,1,32.0,Emergency
08:53:25,0,1,0,0,77,37.0,56,7,4,3,6,0,0,1,38.5,Emergency
08:53:34,0,1,1,1,75,36.8,10,49,3,9,1,0,1,1,37.5,Emergency
08:53:44,1,1,0,0,98,39.7,55,22,2,7,7,1,1,0,49.0,Emergency
08:53:53,0,1,0,0,68,42.4,36,21,3,1,5,0,1,0,34.0,Emergency
08:54:02,0,0,0,1,55,38.2,37,9,2,6,0,0,0,0,27.5,Low
08:54:12,0,0,1,0,39,41.5,21,12,0,1,2,1,1,0,19.5,Emergency
08:54:21,0,0,0,0,39,34.1,17,12,0,5,2,1,0,0,19.5,Emergency
08:54:30,1,1,1,0,36,37.5,3,24,4,0,0,0,1,0,18.0,Emergency
08:54:40,0,1,1,1,113,42.0,71,24,4,5,5,1,1,0,56.5,Emergency
08:54:49,1,0,0,1,143,39.6,95,37,0,5,2,1,0,1,71.5,Emergency
08:54:58,1,0,0,0,90,37.3,40,30,4,9,3,0,0,1,45.0,Emergency
08:55:08,0,0,0,1,80,42.4,48,19,3,0,5,1,0,0,40.0,Emergency
08:55:17,0,1,1,1,100,40.7,58,25,2,6,4,0,1,0,50.0,Emergency
08:55:26,1,0,1,1,49,42.9,29,12,1,1,4,1,0,1,24.5,Emergency
08:55:35,1,0,1,0,92,36.7,51,29,0,8,3,0,1,0,46.0,Emergency
08:55:45,1,0,0,1,46,40.0,14,11,0,8,8,1,1,0,23.0,Emergency
08:55:54,0,0,1,1,59,37.3,16,31,1,4,4,1,0,1,29.5,Emergency
08:56:03,1,0,0,1,56,41.8,7,40,0,2,2,0,1,0,28.0,Emergency
08:56:13,0,1,0,1,35,46.0,5,18,3,1,5,0,0,0,17.5,Low
08:56:22,1,1,1,0,80,48.5,35,25,4,3,9,1,0,0,40.0,Emergency
08:56:31,0,1,1,0,38,37.9,27,0,1,1,7,0,0,1,19.0,Emergency
08:56:41,1,1,1,0,88,35.9,15,55,3,7,6,1,0,0,44.0,Emergency
08:56:50,0,1,1,1,109,46.0,63,39,1,2,2,1,0,0,54.5,Emergency
08:56:59,0,1,0,0,108,43.9,52,43,1,1,6,0,1,1,54.0,Emergency
08:57:09,0,1,0,1,50,35.9,29,2,1,4,8,1,0,1,25.0,Emergency
08:57:18,1,0,0,1,40,37.0,14,14,0,4,7,0,1,0,20.0,Emergency
08:57:27,0,1,1,0,83,49.5,66,9,0,3,0,1,0,0,41.5,Emergency
08:57:37,1,0,1,0,81,44.0,36,28,4,8,1,0,1,1,40.5,Emergency
08:57:46,1,0,1,1,85,41.5,7,53,3,9,8,0,0,1,42.5,Emergency
08:57:55,1,0,1,0,47,41.9,24,11,0,6,5,1,0,0,23.5,Emergency
08:58:05,0,0,0,1,148,38.7,98,44,0,0,5,1,0,0,74.0,Emergency
08:58:14,1,1,0,1,96,40.7,13,71,4,5,0,0,0,1,48.0,Emergency
08:58:23,1,1,0,1,41,41.7,25,4,1,3,5,1,0,1,20.5,Emergency
08:58:33,1,1,0,0,39,49.8,13,12,3,6,2,0,0,0,19.5,Low
08:58:42,0,0,0,0,103,29.1,47,43,4,0,6,0,1,0,51.5,Emergency
08:58:51,1,1,0,1,68,45.7,13,36,3,7,3,0,1,1,34.0,Emergency
08:59:00,1,0,0,1,126,48.8,72,38,4,1,7,0,1,1,63.0,Emergency
08:59:10,0,1,0,0,37,40.1,9,17,1,4,4,0,0,1,18.5,Emergency
08:59:19,0,1,0,0,40,46.0,3,22,1,1,7,1,1,0,20.0,Emergency
08:59:28,1,1,1,1,69,40.7,62,2,1,0,3,0,1,0,34.5,Emergency
08:59:38,0,0,1,1,37,39.4,10,12,2,9,2,0,1,1,18.5,Emergency
08:59:47,1,0,0,0,42,42.9,22,9,2,4,3,1,0,1,21.0,Emergency
08:59:56,1,1,0,1,100,47.0,57,29,0,8,2,1,1,1,50.0,Emergency
09:00:06,0,0,0,0,143,38.6,85,44,0,1,8,1,1,1,71.5,Emergency
09:00:15,0,1,0,0,35,42.2,15,5,0,9,3,0,1,1,17.5,Emergency
09:00:24,0,0,0,0,61,43.4,6,46,3,0,0,1,1,0,30.5,Emergency
09:00:34,1,1,1,1,66,44.2,29,22,1,6,3,1,0,0,33.0,Emergency
09:00:43,0,0,1,0,37,38.2,12,9,4,4,6,1,0,1,18.5,Emergency
09:00:52,1,0,1,1,99,39.6,53,29,4,2,6,1,0,0,49.5,Emergency
09:01:02,1,1,1,1,54,39.6,35,8,2,2,5,1,1,0,27.0,Emergency
09:01:11,1,0,1,1,53,34.5,10,36,1,3,1,0,1,0,26.5,Emergency
09:01:20,0,0,1,0,105,38.3,34,56,4,2,4,1,1,0,52.5,Emergency
09:01:30,1,1,1,1,53,51.1,30,10,0,6,4,1,0,1,26.5,Emergency
09:01:39,1,0,0,0,116,40.1,64,27,4,9,6,1,1,1,58.0,Emergency
09:01:48,1,0,1,0,63,43.4,32,12,0,5,9,0,0,1,31.5,Emergency
09:01:58,1,0,1,1,87,39.7,26,40,1,9,8,1,1,1,43.5,Emergency
09:02:07,1,1,0,1,47,42.2,38,1,0,2,3,1,1,0,23.5,Emergency
09:02:16,0,0,1,1,44,41.9,14,11,4,3,6,1,0,1,22.0,Emergency
09:02:25,1,1,1,1,103,44.4,60,35,0,0,3,1,1,1,51.5,Emergency
09:02:35,0,1,0,0,97,43.5,58,20,2,6,5,1,1,0,48.5,Emergency
09:02:44,0,1,0,0,44,36.2,22,13,2,0,4,0,0,0,22.0,Low
09:02:53,0,1,1,1,58,41.4,39,12,2,3,2,0,0,0,29.0,Low
09:03:03,0,1,1,0,73,33.1,54,0,3,6,6,0,1,1,36.5,Emergency
09:03:12,0,1,1,1,75,37.0,19,45,2,0,9,0,0,0,37.5,Low
09:03:21,1,0,1,1,17,36.0,2,2,4,3,3,0,0,1,8.5,Emergency
09:03:31,1,0,1,0,81,38.0,12,59,0,5,3,0,0,0,40.5,Low
09:03:40,0,1,1,1,52,31.0,22,12,3,8,3,1,0,1,26.0,Emergency
09:03:49,1,0,0,0,46,41.0,25,9,2,5,1,0,0,1,23.0,Emergency
09:03:59,1,0,1,1,88,40.2,51,21,2,6,3,0,1,1,44.0,Emergency
09:04:08,0,0,0,0,56,42.1,23,15,0,8,5,1,0,1,28.0,Emergency
09:04:17,0,1,0,0,87,35.1,44,22,1,8,9,0,1,0,43.5,Emergency
09:04:27,0,1,1,1,59,32.7,29,16,2,3,7,0,0,1,29.5,Emergency
09:04:36,0,0,0,1,68,42.0,40,9,1,8,6,1,0,1,34.0,Emergency
09:04:45,1,0,0,1,37,40.7,16,3,2,5,9,1,0,0,18.5,Emergency
09:04:55,0,0,0,1,45,35.9,26,13,0,1,2,0,0,0,22.5,Low
09:05:04,0,0,0,1,55,40.4,40,3,2,1,3,1,1,0,27.5,Emergency
09:05:13,0,0,1,1,58,35.1,43,7,2,4,1,0,1,0,29.0,Emergency
09:05:23,1,0,1,0,37,31.9,21,6,0,5,4,1,0,0,18.5,Emergency
09:05:32,0,1,0,0,34,33.7,21,1,2,6,1,1,1,0,17.0,Emergency
09:05:41,0,1,0,0,85,47.6,10,67,2,1,3,0,1,0,42.5,Emergency
09:05:50,1,0,1,1,44,38.5,15,13,3,2,6,0,0,1,22.0,Emergency
09:06:00,1,1,0,0,75,39.8,31,26,1,6,9,0,0,0,37.5,Low
09:06:09,0,0,0,1,59,42.8,11,37,4,2,2,1,1,0,29.5,Emergency
09:06:18,1,0,1,0,93,32.8,66,7,4,2,8,1,1,0,46.5,Emergency
09:06:28,0,0,0,0,77,26.8,9,55,0,8,1,1,0,0,38.5,Emergency
09:06:37,1,1,1,1,81,46.8,22,42,4,8,1,1,0,0,40.5,Emergency
09:06:46,1,0,1,0,63,34.4,8,45,0,1,2,1,1,1,31.5,Emergency
09:06:56,0,0,0,1,118,48.9,81,17,1,9,6,0,1,0,59.0,Emergency
09:07:05,0,0,1,0,124,40.2,43,64,2,6,5,0,1,1,62.0,Emergency
09:07:14,1,1,0,1,98,40.3,59,32,2,3,0,0,1,0,49.0,Emergency
09:07:24,0,0,1,1,53,42.5,21,15,3,2,7,1,0,0,26.5,Emergency
09:07:33,1,1,0,0,45,27.5,5,22,2,6,6,1,1,0,22.5,Emergency
09:07:42,1,0,0,0,99,52.8,44,43,1,7,2,0,1,0,49.5,Emergency
09:07:52,0,1,1,1,36,33.2,5,8,4,8,4,1,1,1,18.0,Emergency
09:08:01,0,0,0,1,114,35.4,57,40,2,8,5,1,0,0,57.0,Emergency
09:08:10,1,0,0,0,48,42.8,23,18,1,0,3,0,1,0,24.0,Emergency
09:08:20,1,0,1,0,56,44.7,18,22,2,8,5,0,0,0,28.0,Low
09:08:29,0,0,1,1,87,40.9,54,17,1,8,5,0,1,1,43.5,Emergency
09:08:38,1,0,0,0,53,32.6,27,7,3,8,3,0,1,0,26.5,Emergency
09:08:48,0,1,1,0,25,40.5,14,2,0,3,4,0,0,1,12.5,Emergency
09:08:57,0,1,0,0,39,43.2,15,13,0,4,2,0,0,1,19.5,Emergency
09:09:06,1,1,0,1,34,38.2,9,8,3,6,1,1,1,1,17.0,Emergency
09:09:15,0,0,1,1,87,37.8,54,16,4,1,8,0,1,0,43.5,Emergency
09:09:25,1,0,1,0,78,35.5,63,4,2,5,2,1,0,1,39.0,Emergency
09:09:34,1,0,0,1,54,38.3,37,3,2,0,8,1,0,1,27.0,Emergency
09:09:43,1,1,1,1,79,41.9,41,16,4,6,9,1,1,0,39.5,Emergency
09:09:53,0,1,0,1,42,34.3,27,2,2,5,2,1,1,0,21.0,Emergency
09:10:02,1,0,1,1,30,43.6,6,8,4,0,7,1,1,1,15.0,Emergency
09:10:11,0,0,1,0,61,39.7,40,10,1,4,0,1,0,1,30.5,Emergency
09:10:21,0,0,0,0,63,39.8,47,2,3,2,3,1,0,1,31.5,Emergency
09:10:30,0,0,0,0,113,37.1,49,53,1,5,1,1,0,1,56.5,Emergency
09:10:39,1,0,0,0,99,41.7,60,31,3,0,0,1,1,0,49.5,Emergency
09:10:49,1,0,0,1,63,45.1,30,24,2,5,1,0,0,1,31.5,Emergency
09:10:58,1,1,0,1,92,39.2,60,21,2,4,1,1,1,0,46.0,Emergency
09:11:07,0,1,1,0,98,41.0,5,80,0,4,4,1,1,1,49.0,Emergency
09:11:17,0,0,1,0,69,42.7,8,42,3,5,5,1,1,0,34.5,Emergency
09:11:26,1,0,1,0,30,35.4,0,23,3,3,1,0,0,0,15.0,Low
09:11:35,1,1,0,0,67,43.8,15,33,1,9,7,1,0,0,33.5,Emergency
09:11:45,1,0,0,0,54,41.0,17,22,2,9,1,1,1,0,27.0,Emergency
09:11:54,1,0,1,1,96,40.8,45,28,4,9,8,0,0,1,48.0,Emergency
09:12:03,0,1,0,1,100,40.6,70,18,0,6,2,1,1,0,50.0,Emergency
09:12:13,1,1,0,0,51,34.4,33,0,1,6,9,0,1,1,25.5,Emergency
09:12:22,0,1,1,1,76,35.2,33,34,1,0,3,0,0,1,38.0,Emergency
09:12:31,0,0,0,0,43,34.0,15,11,2,5,7,1,1,1,21.5,Emergency
09:12:41,1,1,1,0,31,36.8,14,1,4,3,6,1,0,1,15.5,Emergency
09:12:50,1,0,0,0,95,35.5,69,21,0,3,0,1,0,0,47.5,Emergency
09:12:59,1,0,1,1,65,36.6,26,25,0,3,6,1,0,0,32.5,Emergency
09:13:08,0,1,0,1,71,35.9,37,15,4,9,2,0,0,0,35.5,Low
09:13:18,1,0,0,0,131,43.6,30,81,2,6,8,0,0,1,65.5,Emergency
09:13:27,1,1,0,1,67,42.7,25,33,3,4,0,0,1,0,33.5,Emergency
09:13:36,0,1,1,1,58,48.0,27,16,2,1,9,1,0,1,29.0,Emergency
09:13:46,0,0,0,0,49,40.8,25,0,2,9,8,0,1,0,24.5,Emergency
09:13:55,1,0,0,1,77,37.3,56,1,0,7,8,1,0,0,38.5,Emergency
09:14:04,1,1,1,1,59,38.7,20,17,4,7,9,0,0,1,29.5,Emergency
09:14:14,1,1,0,0,69,41.0,28,30,3,1,3,1,1,0,34.5,Emergency
09:14:23,1,0,0,0,48,39.2,27,4,2,9,3,1,0,1,24.0,Emergency
09:14:32,1,1,0,1,58,43.5,16,32,3,0,7,0,0,0,29.0,Low
09:14:42,0,1,0,1,57,38.7,35,6,3,7,5,1,0,0,28.5,Emergency
09:14:51,1,1,1,1,78,38.1,42,25,1,6,0,1,0,0,39.0,Emergency
09:15:00,0,0,1,1,36,51.8,13,11,0,9,0,0,1,1,18.0,Emergency
09:15:10,1,1,0,1,37,44.8,1,19,3,2,6,1,1,1,18.5,Emergency
09:15:19,1,1,0,1,67,42.3,45,5,4,3,5,1,1,1,33.5,Emergency
09:15:28,1,1,0,0,61,50.6,19,26,4,4,6,0,0,0,30.5,Low
09:15:38,1,0,0,0,35,47.0,8,14,2,5,0,1,0,1,17.5,Emergency
09:15:47,0,0,1,1,41,36.3,13,13,1,5,6,1,1,0,20.5,Emergency
09:15:56,1,0,0,0,26,49.5,0,11,3,9,1,1,0,1,13.0,Emergency
09:16:06,1,1,0,0,28,41.8,5,7,4,2,8,0,1,0,14.0,Emergency
09:16:15,1,1,0,1,63,36.9,35,9,4,3,7,1,0,1,31.5,Emergency
09:16:24,0,1,1,1,73,30.1,38,19,0,0,9,1,1,1,36.5,Emergency
09:16:33,1,1,1,1,72,43.8,61,5,0,2,1,1,1,0,36.0,Emergency
09:16:43,1,1,0,1,70,33.2,23,32,2,1,7,1,0,1,35.0,Emergency
09:16:52,1,1,0,1,111,43.0,51,41,1,9,8,0,0,1,55.5,Emergency
09:17:01,1,1,1,0,30,39.6,20,1,1,0,4,1,1,0,15.0,Emergency
09:17:11,1,0,1,1,119,37.1,71,29,3,4,9,0,1,0,59.5,Emergency
09:17:20,1,1,1,1,51,34.7,18,17,4,2,9,0,0,1,25.5,Emergency
09:17:29,1,1,1,0,93,45.0,17,56,4,9,5,0,0,0,46.5,Low
09:17:39,1,1,0,1,40,41.2,17,12,4,5,1,0,0,0,20.0,Low
09:17:48,1,1,1,1,112,42.0,39,59,0,4,4,0,1,1,56.0,Emergency
09:17:57,0,0,1,1,114,43.8,14,84,0,3,9,0,0,0,57.0,Medium
09:18:07,0,1,0,0,94,45.6,15,60,3,7,4,1,0,1,47.0,Emergency
09:18:16,1,0,1,1,90,40.4,53,27,2,4,1,1,1,0,45.0,Emergency
09:18:25,0,1,1,1,90,35.7,41,37,3,4,0,0,1,0,45.0,Emergency
09:18:35,1,0,1,0,107,36.2,82,9,3,5,3,0,1,1,53.5,Emergency
09:18:44,0,0,1,1,84,34.7,66,8,4,4,1,0,0,1,42.0,Emergency
09:18:53,0,1,0,1,48,34.4,17,14,3,9,3,0,1,1,24.0,Emergency
09:19:03,0,1,1,0,96,39.8,34,45,1,5,6,1,0,1,48.0,Emergency
09:19:12,0,0,0,1,98,40.2,39,47,2,1,6,1,0,1,49.0,Emergency
09:19:21,1,0,0,0,104,47.2,26,67,3,3,2,1,0,1,52.0,Emergency
09:19:31,0,1,0,1,57,43.1,22,19,3,4,4,0,0,1,28.5,Emergency
09:19:40,0,0,1,0,122,41.9,77,35,3,3,3,0,0,1,61.0,Emergency
09:19:49,1,0,1,0,65,30.1,38,4,1,9,9,1,0,1,32.5,Emergency
09:19:58,0,1,0,1,110,37.5,77,20,4,0,8,0,0,1,55.0,Emergency
09:20:08,1,0,1,0,60,37.9,35,17,0,7,0,1,0,0,30.0,Emergency
09:20:17,1,1,1,1,80,39.7,5,56,0,6,9,0,0,1,40.0,Emergency
09:20:26,1,1,1,0,26,41.2,5,18,0,0,2,1,0,0,13.0,Emergency
09:20:36,1,0,0,0,73,34.5,19,33,4,7,6,1,0,1,36.5,Emergency
09:20:45,0,0,0,0,73,42.9,6,53,1,9,3,0,0,0,36.5,Low
09:20:54,0,1,1,0,23,40.8,4,6,1,4,5,0,0,0,11.5,Low
09:21:04,1,0,1,1,37,41.2,13,4,1,9,8,0,1,1,18.5,Emergency
09:21:13,1,1,0,0,37,32.4,16,0,3,8,7,1,0,0,18.5,Emergency
09:21:22,0,0,1,1,73,42.9,9,46,2,6,5,1,1,1,36.5,Emergency
09:21:32,1,1,0,0,65,36.3,43,7,1,6,3,1,1,1,32.5,Emergency
09:21:41,0,0,0,0,49,44.0,29,3,3,8,1,0,1,1,24.5,Emergency
09:21:50,0,1,0,1,25,54.5,0,6,0,9,4,1,1,1,12.5,Emergency
09:22:00,1,0,1,1,29,51.1,16,3,0,2,6,0,0,1,14.5,Emergency
09:22:09,1,0,1,0,84,41.8,33,43,1,4,1,1,0,0,42.0,Emergency
09:22:18,0,0,0,1,86,46.0,65,3,1,6,7,0,1,1,43.0,Emergency
09:22:28,0,1,1,0,45,32.4,23,5,3,7,2,0,1,0,22.5,Emergency
09:22:37,1,1,1,0,61,47.7,3,45,4,5,0,1,1,0,30.5,Emergency
09:22:46,0,0,1,0,71,40.2,51,1,3,9,5,0,0,0,35.5,Low
09:22:56,0,1,1,1,39,43.4,11,12,1,0,8,1,1,1,19.5,Emergency
09:23:05,0,0,1,0,60,34.2,29,6,4,7,9,1,1,1,30.0,Emergency
09:23:14,1,0,0,0,54,42.0,31,19,0,1,1,1,0,1,27.0,Emergency
09:23:23,0,0,1,0,145,39.0,90,45,1,5,3,0,0,1,72.5,Emergency
09:23:33,0,1,0,0,56,44.0,4,38,1,5,5,0,0,1,28.0,Emergency
09:23:42,0,1,1,0,102,36.9,47,43,1,6,0,1,1,1,51.0,Emergency
09:23:51,1,1,1,1,145,35.2,91,38,4,3,7,0,0,1,72.5,Emergency
09:24:01,0,0,1,1,42,39.6,9,14,4,5,4,0,1,1,21.0,Emergency
09:24:10,0,1,1,1,107,43.6,53,38,3,2,7,1,0,1,53.5,Emergency
09:24:19,0,1,1,0,42,40.6,30,5,1,3,1,0,0,0,21.0,Low
09:24:29,0,0,1,0,129,39.4,66,50,1,1,9,0,0,1,64.5,Emergency
09:24:38,1,1,0,0,41,44.2,17,11,3,5,4,0,0,1,20.5,Emergency
09:24:47,0,1,0,1,29,35.0,4,14,2,0,4,0,1,0,14.5,Emergency
09:24:57,1,1,0,0,136,44.6,65,53,2,5,9,1,1,0,68.0,Emergency
09:25:06,0,1,1,0,112,34.0,71,20,3,7,9,1,0,1,56.0,Emergency
09:25:15,0,1,0,0,52,46.2,25,9,4,5,3,1,0,1,26.0,Emergency
09:25:25,1,0,0,0,93,46.3,28,50,0,7,6,0,0,1,46.5,Emergency
09:25:34,1,0,0,1,34,41.4,1,24,0,4,0,0,1,1,17.0,Emergency
09:25:43,0,1,0,0,41,49.3,1,25,1,1,6,1,1,1,20.5,Emergency
09:25:53,1,0,1,1,24,46.2,0,16,2,0,4,1,0,1,12.0,Emergency
09:26:02,0,0,1,0,84,42.8,44,25,4,0,7,0,1,0,42.0,Emergency
09:26:11,1,1,1,1,35,33.6,16,14,0,1,0,0,1,0,17.5,Emergency
09:26:21,0,0,0,0,92,39.2,75,6,0,9,0,0,1,0,46.0,Emergency
09:26:30,0,0,0,1,69,46.3,19,35,3,0,7,0,1,1,34.5,Emergency
09:26:39,0,0,0,1,85,35.1,50,21,2,3,4,0,1,1,42.5,Emergency
09:26:48,1,1,0,1,100,40.2,21,65,4,3,6,0,0,0,50.0,Medium
09:26:58,0,0,1,1,60,30.8,1,51,2,0,2,1,0,1,30.0,Emergency
09:27:07,1,1,0,0,112,35.6,81,15,3,6,6,1,0,0,56.0,Emergency
09:27:16,1,1,1,1,37,37.6,17,8,0,1,8,0,1,1,18.5,Emergency
09:27:26,0,0,0,1,84,51.5,56,15,2,2,2,1,1,1,42.0,Emergency
09:27:35,1,1,1,0,29,36.6,13,0,3,3,4,1,1,1,14.5,Emergency
09:27:44,0,1,0,0,54,35.8,8,41,0,2,1,1,0,0,27.0,Emergency
09:27:54,0,0,1,0,87,40.1,24,50,4,6,2,0,0,0,43.5,Low
09:28:03,0,1,0,1,50,40.5,30,1,1,4,9,1,1,1,25.0,Emergency
09:28:12,0,0,1,0,37,39.0,2,12,2,9,8,1,1,0,18.5,Emergency
09:28:22,1,1,0,1,19,36.9,6,1,1,1,4,1,1,1,9.5,Emergency
09:28:31,1,0,0,1,55,34.9,29,7,1,8,8,0,1,1,27.5,Emergency
09:28:40,0,0,0,0,109,37.6,71,18,2,7,9,0,1,0,54.5,Emergency
09:28:50,1,0,0,1,55,48.3,15,22,1,7,4,1,1,0,27.5,Emergency
09:28:59,0,1,0,1,41,37.9,27,0,2,6,0,0,1,1,20.5,Emergency
09:29:08,1,1,1,0,48,25.5,37,1,0,5,1,1,1,1,24.0,Emergency
09:29:18,0,0,1,1,61,41.8,16,28,1,5,5,1,1,1,30.5,Emergency
09:29:27,0,1,1,0,121,34.2,88,12,4,8,9,0,0,0,60.5,Medium
09:29:36,0,1,1,0,25,39.3,1,18,1,1,2,1,0,0,12.5,Emergency
09:29:46,1,0,1,0,84,42.4,10,67,4,0,1,1,0,0,42.0,Emergency
09:29:55,0,0,1,1,58,34.7,34,3,2,6,9,1,0,0,29.0,Emergency
09:30:04,0,1,0,0,63,41.6,50,1,1,5,2,1,1,0,31.5,Emergency
09:30:13,1,1,1,0,13,37.0,0,2,1,1,8,1,0,0,6.5,Emergency
09:30:23,0,0,0,1,92,47.0,27,44,0,7,9,1,0,1,46.0,Emergency
09:30:32,1,1,1,1,37,37.6,8,20,2,4,2,0,0,1,18.5,Emergency
09:30:41,0,1,1,0,93,43.6,20,57,4,3,4,0,1,0,46.5,Emergency
09:30:51,1,1,1,0,70,40.6,31,25,0,8,2,0,0,0,35.0,Low
09:31:00,0,0,1,1,58,40.1,4,33,4,8,5,0,1,0,29.0,Emergency
09:31:09,0,0,1,1,59,42.8,17,19,3,9,6,0,1,1,29.5,Emergency
09:31:19,0,1,1,0,61,42.2,14,35,0,4,5,1,0,1,30.5,Emergency
09:31:28,0,1,0,1,95,40.6,68,15,2,9,1,0,0,0,47.5,Low
09:31:37,0,0,0,0,52,43.2,13,28,3,2,4,0,1,0,26.0,Emergency
09:31:47,0,1,1,0,20,40.1,8,0,4,5,0,0,0,1,10.0,Emergency
09:31:56,1,0,1,1,103,35.6,60,29,0,6,2,1,1,1,51.5,Emergency
09:32:05,0,0,0,1,58,37.4,31,8,2,3,8,1,0,1,29.0,Emergency
09:32:15,0,1,0,1,127,43.8,69,33,4,9,8,1,1,1,63.5,Emergency
09:32:24,0,1,0,0,69,30.4,31,16,3,9,7,0,0,1,34.5,Emergency
09:32:33,0,0,1,1,84,24.8,19,53,1,5,2,1,0,1,42.0,Emergency
09:32:43,0,0,0,0,42,37.9,18,11,2,4,4,0,0,1,21.0,Emergency
09:32:52,1,1,1,1,43,47.0,5,22,2,9,2,0,1,1,21.5,Emergency
09:33:01,0,1,0,0,48,44.8,13,21,1,2,8,0,0,0,24.0,Low
09:33:11,1,0,0,0,57,50.1,24,20,1,2,5,0,1,1,28.5,Emergency
09:33:20,1,1,0,0,41,40.3,3,27,0,8,2,0,0,0,20.5,Low
09:33:29,1,0,1,0,51,40.2,11,35,3,1,1,0,0,0,25.5,Low
09:33:38,1,0,1,1,82,46.3,43,29,0,5,2,1,1,0,41.0,Emergency
09:33:48,1,0,1,1,104,35.7,64,17,3,8,7,1,0,0,52.0,Emergency
09:33:57,1,0,1,1,76,42.4,41,27,2,1,1,1,1,1,38.0,Emergency
09:34:06,1,0,0,1,94,46.0,48,29,1,8,4,1,0,0,47.0,Emergency
09:34:16,0,1,0,1,72,36.7,49,5,3,9,1,1,1,0,36.0,Emergency
09:34:25,0,0,1,0,89,45.3,10,66,4,6,1,1,0,1,44.5,Emergency
09:34:34,1,0,1,0,66,38.1,44,9,0,3,8,0,0,0,33.0,Low
09:34:44,1,1,0,1,118,47.7,77,32,1,2,5,0,0,0,59.0,Medium
09:34:53,0,1,1,1,62,45.6,5,42,2,7,1,0,0,1,31.0,Emergency
09:35:02,0,1,1,1,34,47.0,5,18,2,0,3,0,1,1,17.0,Emergency
09:35:12,0,1,1,0,54,48.0,33,8,2,1,6,0,0,1,27.0,Emergency
09:35:21,1,0,0,1,64,40.2,45,5,4,7,1,1,0,1,32.0,Emergency
09:35:30,0,0,1,1,108,39.1,79,28,0,0,0,0,0,0,54.0,Medium
09:35:40,0,0,1,1,114,55.1,56,46,1,8,0,0,0,0,57.0,Medium
09:35:49,1,0,0,0,49,43.1,29,5,3,6,4,1,1,0,24.5,Emergency
09:35:58,1,1,1,0,52,36.4,30,5,2,6,3,1,1,0,26.0,Emergency
09:36:08,0,1,0,1,119,41.5,63,38,3,6,6,0,1,1,59.5,Emergency
09:36:17,1,0,0,1,70,37.6,23,43,0,1,1,1,1,0,35.0,Emergency
09:36:26,1,1,1,0,58,40.9,7,31,2,8,6,0,0,0,29.0,Low
09:36:36,1,1,0,1,97,42.7,46,37,2,6,4,0,1,1,48.5,Emergency
09:36:45,1,0,0,1,69,35.4,41,11,2,7,6,1,1,0,34.5,Emergency
09:36:54,1,0,1,0,94,38.4,37,37,4,8,3,1,0,1,47.0,Emergency
09:37:03,1,0,0,0,99,43.7,38,41,3,8,6,1,0,1,49.5,Emergency
09:37:13,1,0,1,0,65,36.4,24,31,1,3,5,0,0,1,32.5,Emergency
09:37:22,1,0,1,1,45,47.3,4,22,0,9,5,1,1,1,22.5,Emergency
09:37:31,1,0,1,0,49,42.5,39,0,2,5,1,1,0,1,24.5,Emergency
09:37:41,1,1,0,1,46,40.2,6,24,4,2,5,1,1,0,23.0,Emergency
09:37:50,1,1,1,0,69,44.0,17,44,3,0,3,0,0,1,34.5,Emergency
09:37:59,0,1,1,0,57,37.0,35,4,0,7,7,1,1,0,28.5,Emergency
09:38:09,0,1,0,0,78,43.2,47,11,4,9,6,1,0,0,39.0,Emergency
09:38:18,1,0,0,1,40,39.9,24,6,1,0,6,0,0,1,20.0,Emergency
09:38:27,0,1,0,0,59,42.2,38,11,1,6,1,0,0,0,29.5,Low
09:38:37,1,0,1,0,28,44.2,1,15,4,4,0,0,1,1,14.0,Emergency
09:38:46,0,1,1,0,46,44.0,28,10,1,2,3,1,1,0,23.0,Emergency
09:38:55,0,0,1,1,127,34.1,64,50,1,9,0,0,0,0,63.5,Medium
09:39:05,0,1,0,1,49,37.5,28,3,4,9,4,0,1,0,24.5,Emergency
09:39:14,1,0,1,0,21,39.2,3,5,3,4,5,0,0,0,10.5,Low
09:39:23,0,0,1,0,45,42.2,13,15,3,7,7,0,0,0,22.5,Low
09:39:33,1,0,1,1,72,34.7,45,12,0,4,9,0,0,0,36.0,Low
09:39:42,0,0,0,0,51,43.9,11,27,3,0,7,0,0,0,25.5,Low
09:39:51,1,0,0,0,64,38.9,42,5,3,7,6,0,0,1,32.0,Emergency
09:40:01,0,0,1,0,119,50.3,24,78,1,7,2,1,1,1,59.5,Emergency
09:40:10,1,1,0,1,66,41.9,45,3,1,5,9,1,0,0,33.0,Emergency
09:40:19,1,1,0,0,121,51.1,23,72,4,8,9,1,1,1,60.5,Emergency
09:40:28,0,0,1,0,42,42.0,10,14,4,3,9,1,0,0,21.0,Emergency
09:40:38,1,0,0,1,76,35.2,42,25,1,4,0,1,1,0,38.0,Emergency
09:40:47,1,0,1,0,103,37.3,87,3,3,5,3,1,0,1,51.5,Emergency
09:40:56,1,1,1,0,57,41.3,15,23,4,7,5,1,1,1,28.5,Emergency
09:41:06,0,0,0,0,52,46.1,28,4,0,9,5,0,1,1,26.0,Emergency
09:41:15,0,0,1,1,76,31.9,31,31,1,9,2,0,1,0,38.0,Emergency
09:41:24,1,1,0,1,103,36.8,70,26,0,5,1,1,0,0,51.5,Emergency
09:41:34,1,0,0,1,138,43.8,75,41,2,6,8,1,0,1,69.0,Emergency
09:41:43,1,0,0,0,115,35.1,80,25,4,0,1,1,0,1,57.5,Emergency
09:41:52,1,0,0,1,109,46.2,76,17,4,7,1,1,0,1,54.5,Emergency
09:42:02,0,1,0,0,89,44.9,9,64,1,4,8,1,0,0,44.5,Emergency
09:42:11,0,0,0,1,98,52.8,55,22,3,8,8,1,0,1,49.0,Emergency
09:42:20,1,0,0,0,66,42.7,5,36,1,8,9,1,1,1,33.0,Emergency
09:42:30,0,1,1,1,54,47.0,15,21,3,2,7,1,1,0,27.0,Emergency
09:42:39,0,1,1,1,34,40.3,6,20,0,3,3,1,0,0,17.0,Emergency
09:42:48,1,1,1,0,85,31.3,64,12,0,4,0,1,0,0,42.5,Emergency
09:42:58,0,0,0,1,38,35.3,13,10,3,9,2,0,0,1,19.0,Emergency
09:43:07,0,0,1,1,113,33.6,69,29,0,3,8,1,0,0,56.5,Emergency
09:43:16,1,1,1,0,109,41.3,8,85,3,9,1,0,1,1,54.5,Emergency
09:43:26,1,1,1,1,89,43.8,14,52,3,7,9,1,0,1,44.5,Emergency
09:43:35,0,1,0,0,72,37.7,42,19,3,4,1,0,1,1,36.0,Emergency
09:43:44,1,1,0,1,85,37.5,60,5,3,9,6,0,0,0,42.5,Low
09:43:53,0,1,0,0,60,44.4,15,29,0,7,6,1,1,1,30.0,Emergency
09:44:03,0,0,1,1,27,35.1,1,15,0,2,8,0,0,0,13.5,Low
09:44:12,1,0,0,1,109,45.7,53,39,1,4,8,0,0,1,54.5,Emergency
09:44:21,0,1,1,0,58,39.7,10,40,2,1,3,0,1,1,29.0,Emergency
09:44:31,1,0,1,1,123,46.1,81,29,0,2,7,1,1,0,61.5,Emergency
09:44:40,0,1,0,1,125,37.5,93,20,3,4,3,0,0,0,62.5,Medium
09:44:49,1,1,1,0,90,46.1,46,29,3,4,3,1,1,1,45.0,Emergency
09:44:59,0,0,0,1,79,44.9,25,37,1,6,9,0,1,0,39.5,Emergency
09:45:08,0,0,1,1,55,35.2,9,21,4,9,8,0,1,0,27.5,Emergency
09:45:17,0,1,0,0,62,36.7,42,7,3,2,3,1,1,1,31.0,Emergency
09:45:27,0,0,0,1,76,43.8,32,29,2,1,6,1,1,0,38.0,Emergency
09:45:36,1,0,0,0,72,49.3,43,10,4,8,3,1,1,0,36.0,Emergency
09:45:45,1,1,1,0,82,45.0,24,45,0,1,8,0,0,0,41.0,Low
09:45:55,0,1,1,1,69,37.2,2,53,3,1,8,1,0,1,34.5,Emergency
09:46:04,0,0,0,0,51,45.6,26,10,0,4,6,0,0,1,25.5,Emergency
09:46:13,0,0,0,0,93,36.3,2,72,1,8,6,1,1,0,46.5,Emergency
09:46:23,0,1,0,0,61,36.7,16,37,3,0,1,0,0,0,30.5,Low
09:46:32,1,0,0,0,71,39.9,35,18,0,9,3,1,1,0,35.5,Emergency
09:46:41,1,0,1,1,154,40.6,93,43,4,3,8,1,0,0,77.0,Emergency
09:46:51,1,0,1,1,30,45.2,13,0,0,8,7,0,0,0,15.0,Low
09:47:00,0,0,0,1,68,43.4,49,15,0,1,0,1,1,0,34.0,Emergency
09:47:09,0,1,1,1,51,37.9,33,1,2,9,2,0,0,1,25.5,Emergency
09:47:18,0,1,1,0,79,40.5,64,3,0,0,9,0,0,0,39.5,Low
09:47:28,0,0,1,1,88,40.4,10,58,1,8,8,1,1,1,44.0,Emergency
09:47:37,0,0,1,1,81,37.8,36,28,1,5,6,0,1,1,40.5,Emergency
09:47:46,0,1,1,0,85,37.0,6,57,0,9,9,1,0,0,42.5,Emergency
09:47:56,1,0,0,0,50,35.1,14,20,3,4,7,1,1,0,25.0,Emergency
09:48:05,0,1,0,1,36,45.2,25,0,0,8,1,0,1,0,18.0,Emergency
09:48:14,1,1,1,1,74,40.5,22,31,1,8,8,0,0,0,37.0,Low
09:48:24,1,0,0,0,43,36.3,31,2,4,4,0,1,1,0,21.5,Emergency
09:48:33,1,0,0,1,43,44.3,13,18,2,5,3,0,0,1,21.5,Emergency
09:48:42,1,1,1,1,126,45.4,52,55,2,5,9,1,0,0,63.0,Emergency
09:48:52,1,0,0,0,121,45.1,82,23,1,7,1,1,1,1,60.5,Emergency
09:49:01,0,1,1,0,67,39.2,24,30,2,1,8,0,0,1,33.5,Emergency
09:49:10,1,0,0,0,70,30.1,53,0,4,6,2,0,1,0,35.0,Emergency
09:49:20,0,0,1,1,65,43.9,9,48,0,2,4,0,0,0,32.5,Low
09:49:29,0,1,1,0,48,46.8,5,26,2,4,8,0,1,0,24.0,Emergency
09:49:38,0,0,0,1,38,38.0,21,8,1,3,0,1,1,1,19.0,Emergency
09:49:48,1,0,0,0,96,36.3,9,72,2,8,2,1,0,1,48.0,Emergency
09:49:57,0,0,1,1,65,40.3,23,26,4,5,6,0,0,1,32.5,Emergency
09:50:06,1,1,0,0,41,38.5,10,17,2,9,0,1,1,0,20.5,Emergency
09:50:16,1,0,0,0,92,45.0,69,12,4,1,3,1,1,0,46.0,Emergency
09:50:25,0,1,1,1,55,37.3,6,41,1,1,0,1,0,1,27.5,Emergency
09:50:34,0,0,0,0,65,40.4,40,16,0,7,0,1,0,1,32.5,Emergency
09:50:44,0,0,0,1,75,45.2,48,18,3,1,1,0,1,0,37.5,Emergency
09:50:53,1,1,0,0,36,37.4,3,16,1,4,9,0,0,1,18.0,Emergency
09:51:02,0,1,1,1,129,44.3,63,53,1,0,7,1,0,1,64.5,Emergency
09:51:11,0,1,0,1,55,42.9,21,9,4,9,8,0,0,0,27.5,Low
09:51:21,0,1,0,1,23,37.3,6,3,2,3,6,0,0,0,11.5,Low
09:51:30,1,1,1,0,75,34.8,21,42,2,4,0,0,1,1,37.5,Emergency
09:51:39,1,0,1,0,141,39.0,80,44,1,5,6,1,0,1,70.5,Emergency
09:51:49,0,1,1,0,35,28.5,8,12,2,1,9,1,1,0,17.5,Emergency
09:51:58,0,0,0,0,38,38.2,18,6,0,2,5,1,1,1,19.0,Emergency
09:52:07,0,1,1,1,57,37.0,30,15,3,4,2,0,0,1,28.5,Emergency
09:52:17,0,0,1,0,45,31.6,11,22,4,3,3,0,1,1,22.5,Emergency
09:52:26,0,0,1,1,48,41.2,18,20,3,1,3,0,0,0,24.0,Low
09:52:35,1,1,1,1,40,28.9,3,27,4,3,2,0,1,0,20.0,Emergency
09:52:45,1,0,1,0,45,38.3,30,11,0,2,2,0,0,0,22.5,Low
09:52:54,0,1,0,0,27,31.0,3,13,1,0,5,1,0,0,13.5,Emergency
09:53:03,0,0,1,0,44,31.7,23,10,0,6,2,0,1,0,22.0,Emergency
09:53:13,1,0,1,1,80,37.8,56,13,3,0,5,0,1,0,40.0,Emergency
09:53:22,1,0,0,0,63,33.7,30,15,0,3,9,1,1,0,31.5,Emergency
09:53:31,0,0,1,1,57,34.6,12,32,1,0,7,0,1,0,28.5,Emergency
09:53:41,1,0,1,0,116,45.4,55,52,0,4,0,1,0,1,58.0,Emergency
09:53:50,1,1,0,0,126,41.0,68,37,1,9,9,0,1,0,63.0,Emergency
09:53:59,0,0,1,1,53,41.3,29,9,3,0,9,0,0,1,26.5,Emergency
09:54:09,1,0,1,0,49,35.5,23,17,4,2,1,0,1,1,24.5,Emergency
09:54:18,0,1,0,1,109,45.5,21,74,0,4,6,1,1,1,54.5,Emergency
09:54:27,0,0,0,0,53,38.1,18,13,3,9,8,1,0,1,26.5,Emergency
09:54:36,1,0,1,1,90,35.6,25,55,3,7,0,0,0,0,45.0,Low
09:54:46,0,0,0,1,85,41.1,36,31,0,6,7,1,1,0,42.5,Emergency
09:54:55,1,1,0,1,38,34.8,29,3,2,3,0,1,0,0,19.0,Emergency
09:55:04,0,0,0,0,29,45.3,7,15,1,0,0,1,1,0,14.5,Emergency
09:55:14,0,1,1,0,30,40.6,7,2,1,8,9,0,0,1,15.0,Emergency
09:55:23,1,1,0,0,59,40.7,17,28,0,6,5,0,0,1,29.5,Emergency
09:55:32,0,0,1,0,55,37.2,28,15,3,0,4,1,0,0,27.5,Emergency
09:55:42,1,1,0,1,10,39.8,2,0,0,5,1,1,1,0,5.0,Emergency
09:55:51,1,1,0,0,65,52.5,45,2,4,2,6,0,1,1,32.5,Emergency
09:56:00,0,0,0,1,108,38.6,88,12,0,1,6,1,0,0,54.0,Emergency
09:56:10,0,1,1,0,14,40.8,7,0,0,3,4,0,0,0,7.0,Low
09:56:19,0,1,0,0,35,44.7,4,16,0,5,8,0,1,0,17.5,Emergency
09:56:28,1,1,0,0,65,41.7,45,7,2,1,7,1,1,1,32.5,Emergency
09:56:38,0,0,0,0,86,47.5,66,6,3,2,7,0,0,1,43.0,Emergency
09:56:47,0,0,0,1,60,38.3,35,10,0,8,2,0,1,1,30.0,Emergency
09:56:56,0,1,0,0,36,42.7,4,13,2,6,7,1,0,1,18.0,Emergency
09:57:06,0,1,1,1,83,33.5,53,9,4,6,5,1,1,0,41.5,Emergency
09:57:15,0,0,1,1,47,36.7,0,31,4,1,7,1,1,0,23.5,Emergency
09:57:24,0,0,0,0,46,32.2,5,20,4,9,2,1,1,1,23.0,Emergency
09:57:34,0,1,1,0,97,34.3,50,31,1,8,1,0,1,1,48.5,Emergency
09:57:43,1,1,0,1,80,36.2,27,37,0,9,5,0,0,1,40.0,Emergency
09:57:52,1,1,0,1,53,41.9,22,10,3,8,6,0,1,1,26.5,Emergency
09:58:01,0,0,0,0,44,45.7,28,4,1,2,6,1,0,0,22.0,Emergency
09:58:11,0,0,1,1,80,39.5,35,24,3,7,6,1,0,0,40.0,Emergency
09:58:20,0,0,0,0,108,43.3,27,69,0,6,0,1,0,1,54.0,Emergency
09:58:29,0,1,0,0,47,40.8,4,36,3,1,2,1,0,0,23.5,Emergency
09:58:39,0,1,1,0,40,45.7,1,32,4,1,0,1,0,0,20.0,Emergency
09:58:48,1,0,0,1,64,31.0,34,10,4,8,3,0,1,1,32.0,Emergency
09:58:57,1,0,1,1,17,39.5,8,2,1,2,1,1,0,0,8.5,Emergency
09:59:07,1,1,1,0,62,46.2,35,8,1,8,6,0,1,1,31.0,Emergency
09:59:16,0,0,1,1,99,48.6,79,5,3,9,1,1,1,0,49.5,Emergency
09:59:25,0,1,1,1,84,35.1,40,39,2,0,1,0,1,0,42.0,Emergency
09:59:35,1,1,1,1,59,39.7,16,30,4,5,2,1,0,0,29.5,Emergency
09:59:44,0,0,1,1,71,36.7,26,34,3,5,2,1,0,0,35.5,Emergency
09:59:53,1,0,0,1,63,36.4,43,0,2,7,8,0,0,1,31.5,Emergency
10:00:03,1,1,0,0,19,35.6,0,6,0,0,8,0,1,0,9.5,Emergency
10:00:12,0,0,1,1,41,35.7,19,16,3,2,0,1,0,0,20.5,Emergency
10:00:21,1,1,1,0,95,42.8,78,5,0,6,2,0,0,0,47.5,Low
10:00:31,1,0,1,1,100,49.8,40,48,0,0,7,1,0,1,50.0,Emergency
10:00:40,1,1,0,0,36,44.2,3,18,1,7,5,0,1,0,18.0,Emergency
10:00:49,0,1,0,1,61,39.5,28,11,4,6,9,0,1,0,30.5,Emergency
10:00:59,1,0,0,1,48,34.6,25,10,4,0,8,0,0,0,24.0,Low
10:01:08,0,0,1,0,84,30.7,63,9,4,2,5,1,0,0,42.0,Emergency
10:01:17,1,1,0,1,24,37.4,1,17,0,1,1,0,1,0,12.0,Emergency
10:01:26,0,0,1,1,110,39.0,51,47,3,1,7,0,0,1,55.0,Emergency
10:01:36,1,1,0,0,90,35.6,71,1,1,4,9,1,0,0,45.0,Emergency
10:01:45,1,0,0,1,73,46.0,60,7,2,1,2,1,0,0,36.5,Emergency
10:01:54,0,0,1,0,47,38.3,9,26,3,6,0,0,1,1,23.5,Emergency
10:02:04,1,0,0,1,53,41.5,34,0,3,5,8,0,0,0,26.5,Low
10:02:13,0,0,1,0,31,37.1,7,3,4,8,5,1,0,0,15.5,Emergency
10:02:22,1,1,1,0,45,29.6,16,19,1,6,1,0,1,0,22.5,Emergency
10:02:32,1,0,0,0,77,38.8,21,33,3,9,9,0,0,0,38.5,Low
10:02:41,0,1,0,1,68,39.4,32,22,1,3,5,1,0,1,34.0,Emergency
10:02:50,1,0,1,1,67,44.8,23,28,2,3,9,0,1,1,33.5,Emergency
10:03:00,1,0,1,1,45,37.4,3,27,1,2,8,1,1,1,22.5,Emergency
10:03:09,0,1,1,1,39,39.4,21,10,1,0,5,1,0,1,19.5,Emergency
10:03:18,1,0,1,1,65,44.4,10,38,0,3,8,0,1,1,32.5,Emergency
10:03:28,0,1,0,0,93,32.8,50,33,0,1,5,0,1,0,46.5,Emergency
10:03:37,1,1,0,0,50,47.7,26,9,1,9,2,1,1,1,25.0,Emergency
10:03:46,0,1,1,0,108,44.7,55,46,0,2,1,0,1,1,54.0,Emergency
10:03:56,1,1,1,0,96,35.9,42,45,2,4,2,1,0,0,48.0,Emergency
10:04:05,0,0,0,1,91,47.5,53,30,2,2,0,1,1,1,45.5,Emergency
10:04:14,1,0,0,0,79,38.2,24,46,0,2,4,1,1,1,39.5,Emergency
10:04:24,1,0,0,0,50,38.5,9,30,3,5,0,1,0,1,25.0,Emergency
10:04:33,0,1,1,1,35,43.3,12,9,4,9,0,1,0,0,17.5,Emergency
10:04:42,1,0,1,1,48,39.3,23,15,4,0,3,1,1,0,24.0,Emergency
10:04:51,0,1,0,1,64,38.8,6,44,2,0,9,0,0,1,32.0,Emergency
10:05:01,0,0,1,0,83,41.5,51,20,0,4,4,1,1,1,41.5,Emergency
10:05:10,0,0,1,1,30,38.3,14,4,2,4,4,0,0,0,15.0,Low
10:05:19,1,0,1,1,66,48.5,32,15,0,7,6,0,1,1,33.0,Emergency
10:05:29,1,1,0,0,53,44.5,11,19,4,8,6,1,1,1,26.5,Emergency
10:05:38,0,0,1,0,54,31.7,35,9,2,7,0,0,0,0,27.0,Low
10:05:47,0,1,0,0,112,44.2,10,75,4,9,9,0,1,0,56.0,Emergency
10:05:57,1,1,1,1,92,43.0,68,11,1,2,7,1,1,1,46.0,Emergency
10:06:06,0,0,1,0,52,37.5,0,43,2,2,2,0,0,1,26.0,Emergency
10:06:15,1,1,0,1,135,38.3,66,57,3,6,2,0,0,0,67.5,Medium
10:06:25,1,0,0,1,103,42.8,36,52,3,4,3,1,0,0,51.5,Emergency
10:06:34,1,0,0,1,26,29.8,7,10,0,1,4,0,1,0,13.0,Emergency
10:06:43,0,0,1,0,103,43.1,33,52,2,3,8,1,1,0,51.5,Emergency
10:06:53,1,1,0,0,56,41.9,28,5,2,8,8,1,1,0,28.0,Emergency
10:07:02,1,1,0,0,100,38.5,80,13,2,0,3,0,1,0,50.0,Emergency
10:07:11,0,1,1,1,56,47.7,10,26,2,6,7,0,1,0,28.0,Emergency
10:07:21,1,0,0,1,84,46.1,24,43,2,6,5,1,0,0,42.0,Emergency
10:07:30,0,0,1,0,85,45.1,39,28,4,4,5,1,0,0,42.5,Emergency
10:07:39,1,1,0,0,82,28.1,0,67,2,2,6,0,1,1,41.0,Emergency
10:07:49,0,1,1,1,60,41.0,40,2,4,3,9,0,1,0,30.0,Emergency
10:07:58,1,1,0,0,25,26.5,12,2,3,3,4,0,0,1,12.5,Emergency
10:08:07,1,0,1,1,64,39.5,7,47,0,1,6,0,1,0,32.0,Emergency
10:08:16,0,0,0,1,75,36.0,23,32,4,6,7,0,1,0,37.5,Emergency
10:08:26,0,1,0,0,90,43.2,26,46,2,5,6,0,1,1,45.0,Emergency
10:08:35,1,0,1,1,96,41.3,46,28,4,8,7,0,1,0,48.0,Emergency
10:08:44,1,0,0,1,123,50.1,75,35,3,7,0,1,0,0,61.5,Emergency
10:08:54,0,1,1,1,66,33.7,2,50,1,5,5,0,0,0,33.0,Low
10:09:03,1,1,0,0,73,41.1,50,10,1,6,4,1,1,0,36.5,Emergency
10:09:12,0,1,0,1,55,39.2,29,4,1,9,7,0,0,1,27.5,Emergency
10:09:22,0,0,1,0,100,45.9,34,48,2,8,4,0,1,0,50.0,Emergency
10:09:31,0,1,1,0,44,44.3,19,4,2,7,6,1,1,1,22.0,Emergency
10:09:40,0,1,0,1,147,46.2,92,44,2,0,4,0,1,1,73.5,Emergency
10:09:50,1,0,1,0,30,44.1,8,6,4,9,3,0,0,0,15.0,Low
10:09:59,1,1,0,1,81,33.9,1,66,1,4,5,0,0,1,40.5,Emergency
10:10:08,0,0,1,1,68,37.6,35,16,0,6,6,1,0,0,34.0,Emergency
10:10:18,0,0,0,0,17,35.6,5,3,4,4,0,0,0,1,8.5,Emergency
10:10:27,0,0,1,0,64,39.8,24,21,2,8,7,0,1,1,32.0,Emergency
10:10:36,0,0,0,0,78,40.2,1,57,2,7,5,1,1,0,39.0,Emergency
10:10:46,0,1,0,0,35,41.4,2,17,3,1,8,1,1,0,17.5,Emergency
10:10:55,1,0,1,1,125,45.7,34,66,2,9,9,0,1,0,62.5,Emergency
10:11:04,1,0,0,0,70,42.3,0,59,1,4,2,1,1,1,35.0,Emergency
10:11:14,1,0,0,1,34,39.0,15,9,4,1,2,0,1,0,17.0,Emergency
10:11:23,0,1,0,1,38,39.5,18,9,3,6,1,0,0,0,19.0,Low
10:11:32,0,1,0,1,119,40.1,86,19,4,0,5,1,1,0,59.5,Emergency
10:11:41,1,1,0,0,56,38.5,39,0,3,1,9,1,0,1,28.0,Emergency
10:11:51,0,1,1,1,73,33.5,34,16,3,8,9,1,1,1,36.5,Emergency
10:12:00,0,1,1,0,88,42.0,39,36,1,1,9,1,0,0,44.0,Emergency
10:12:09,0,1,0,0,65,44.2,27,24,3,0,7,0,1,0,32.5,Emergency
10:12:19,0,1,1,1,59,47.5,23,10,4,7,9,1,1,1,29.5,Emergency
10:12:28,1,0,0,1,21,45.6,1,7,4,4,2,0,1,1,10.5,Emergency
10:12:37,0,0,1,1,78,39.4,46,18,1,4,5,0,1,1,39.0,Emergency
10:12:47,1,1,0,1,107,48.0,62,24,4,8,3,1,0,1,53.5,Emergency
10:12:56,0,0,0,0,54,44.5,30,6,2,5,5,1,1,0,27.0,Emergency
10:13:05,1,1,0,0,37,40.4,11,9,3,3,9,0,0,0,18.5,Low
10:13:15,0,1,0,0,81,38.0,57,4,0,5,9,1,1,1,40.5,Emergency
10:13:24,1,1,1,1,73,41.2,0,57,4,2,7,1,1,0,36.5,Emergency
10:13:33,1,1,1,1,69,47.2,33,15,4,6,6,0,1,1,34.5,Emergency
10:13:43,0,0,1,1,60,37.7,35,6,2,6,7,1,1,1,30.0,Emergency
10:13:52,1,0,1,0,73,32.7,50,11,2,5,1,0,0,0,36.5,Low
10:14:01,0,1,1,0,69,36.7,40,19,4,1,3,1,0,0,34.5,Emergency
10:14:11,1,1,1,0,49,41.2,31,9,4,0,5,0,0,0,24.5,Low
10:14:20,1,1,1,1,76,40.0,36,18,3,8,6,0,1,1,38.0,Emergency
10:14:29,1,0,1,0,55,38.9,28,22,1,2,1,0,0,0,27.5,Low
10:14:39,0,0,0,0,76,33.0,30,30,4,0,9,0,0,0,38.0,Low
10:14:48,1,1,1,1,81,30.3,63,3,1,7,6,1,0,0,40.5,Emergency
10:14:57,1,1,0,0,46,33.2,11,24,1,3,3,1,0,1,23.0,Emergency
10:15:06,1,1,0,1,67,41.5,1,54,1,7,0,0,0,1,33.5,Emergency
10:15:16,0,0,0,1,108,40.2,58,36,0,8,5,0,0,1,54.0,Emergency
10:15:25,0,1,1,0,80,48.1,5,62,1,3,7,1,0,1,40.0,Emergency
10:15:34,1,1,0,1,72,37.2,34,21,4,6,2,1,0,0,36.0,Emergency
10:15:44,1,1,1,0,52,30.5,3,33,1,5,4,1,1,1,26.0,Emergency
10:15:53,0,0,0,0,83,43.8,52,24,0,0,4,0,0,1,41.5,Emergency
10:16:02,0,0,1,0,31,38.1,19,0,0,3,5,0,0,1,15.5,Emergency
10:16:12,0,0,0,0,93,39.0,79,9,2,2,1,0,0,0,46.5,Low
10:16:21,0,0,1,0,144,30.6,75,52,4,0,7,0,1,1,72.0,Emergency
10:16:30,1,0,1,0,124,38.9,78,33,0,0,8,1,0,0,62.0,Emergency
10:16:40,0,0,1,1,74,38.9,58,5,0,2,6,1,0,0,37.0,Emergency
10:16:49,1,0,1,1,67,39.4,26,24,1,3,7,1,1,0,33.5,Emergency
10:16:58,0,1,1,1,56,39.1,15,21,0,5,9,0,1,1,28.0,Emergency
10:17:08,1,1,1,1,35,46.2,2,21,1,4,3,1,1,1,17.5,Emergency
10:17:17,1,0,0,1,50,43.6,16,17,2,6,4,1,1,0,25.0,Emergency
10:17:26,1,1,1,0,71,31.1,1,53,4,8,1,0,0,0,35.5,Low
10:17:36,0,1,0,1,75,43.4,32,24,4,6,5,1,0,1,37.5,Emergency
10:17:45,0,0,1,0,93,43.7,76,4,3,2,4,1,1,1,46.5,Emergency
10:17:54,0,1,1,1,96,45.4,59,22,3,1,7,1,1,0,48.0,Emergency
10:18:04,0,1,0,1,35,40.2,23,0,4,0,5,0,0,0,17.5,Low
10:18:13,0,1,0,1,82,45.1,43,18,2,7,6,1,0,1,41.0,Emergency
10:18:22,1,1,0,0,43,50.1,9,15,2,9,7,0,1,0,21.5,Emergency
10:18:31,1,0,1,0,80,42.7,42,25,1,1,7,1,1,1,40.0,Emergency
10:18:41,0,1,1,0,70,32.4,2,61,0,4,1,1,0,0,35.0,Emergency
10:18:50,1,1,1,1,101,33.0,41,46,4,8,0,1,0,1,50.5,Emergency
10:18:59,1,1,1,0,64,45.2,16,34,4,9,0,0,0,1,32.0,Emergency
10:19:09,0,0,1,0,61,46.9,36,14,2,7,2,0,0,0,30.5,Low
10:19:18,1,1,0,1,36,48.2,8,12,4,8,0,0,1,0,18.0,Emergency
10:19:27,1,0,1,1,33,32.7,11,2,0,9,6,1,1,1,16.5,Emergency
10:19:37,0,0,1,1,55,39.5,21,18,2,5,4,1,0,0,27.5,Emergency
10:19:46,1,0,0,1,127,37.4,69,39,4,9,2,1,0,0,63.5,Emergency
10:19:55,1,0,0,0,38,30.5,10,5,3,8,8,1,0,0,19.0,Emergency
10:20:05,1,0,1,0,59,41.9,26,20,3,1,5,0,0,1,29.5,Emergency
10:20:14,0,1,1,0,74,34.8,36,20,0,7,6,0,0,1,37.0,Emergency
10:20:23,0,1,0,1,73,42.5,37,19,4,2,9,0,1,1,36.5,Emergency
10:20:33,1,0,0,1,102,37.0,68,13,1,9,7,0,0,0,51.0,Medium
10:20:42,1,0,1,1,34,37.9,5,15,4,3,5,0,1,1,17.0,Emergency
10:20:51,1,1,0,1,26,40.2,11,9,3,1,1,0,0,1,13.0,Emergency
10:21:01,0,0,1,1,70,39.8,26,26,4,9,1,1,1,0,35.0,Emergency
10:21:10,1,1,0,1,23,31.3,10,0,0,9,3,1,0,0,11.5,Emergency
10:21:19,1,0,0,0,17,41.5,1,4,1,2,5,0,1,1,8.5,Emergency
10:21:29,0,1,1,1,109,38.8,46,47,0,8,4,0,0,1,54.5,Emergency
10:21:38,0,1,1,1,95,46.5,58,24,0,7,2,1,1,0,47.5,Emergency
10:21:47,1,1,0,0,121,34.8,50,54,0,9,4,1,0,1,60.5,Emergency
10:21:56,1,1,1,1,69,46.4,37,20,3,2,1,0,1,1,34.5,Emergency
10:22:06,1,1,1,1,71,40.4,39,9,4,7,9,1,0,0,35.5,Emergency
10:22:15,1,0,1,0,28,44.0,6,6,2,9,1,0,0,0,14.0,Low
10:22:24,0,0,0,0,91,47.5,26,53,0,3,7,0,1,0,45.5,Emergency
10:22:34,0,0,0,1,91,38.6,52,22,3,8,5,0,1,0,45.5,Emergency
10:22:43,1,0,0,1,19,37.2,2,1,4,6,4,1,0,1,9.5,Emergency
10:22:52,0,1,0,0,65,43.9,19,33,4,1,6,0,0,0,32.5,Low
10:23:02,1,0,1,0,72,37.6,36,19,3,5,5,1,1,1,36.0,Emergency
10:23:11,0,1,1,0,68,37.0,31,25,1,4,3,0,1,1,34.0,Emergency
10:23:20,1,1,0,1,52,39.8,24,16,0,1,9,1,0,1,26.0,Emergency
10:23:30,1,1,1,1,31,45.0,4,12,4,7,0,0,1,1,15.5,Emergency
10:23:39,1,0,1,0,23,44.8,0,8,1,9,2,1,1,1,11.5,Emergency
10:23:48,0,1,0,1,57,40.7,19,23,4,5,4,0,0,1,28.5,Emergency
10:23:58,0,0,1,0,75,25.9,53,11,0,4,5,0,0,1,37.5,Emergency
10:24:07,0,1,0,0,47,48.7,17,16,0,3,9,0,1,1,23.5,Emergency
10:24:16,1,1,1,1,41,52.0,11,14,2,5,4,1,1,0,20.5,Emergency
10:24:26,1,1,1,0,57,39.1,34,10,0,2,8,1,0,0,28.5,Emergency
10:24:35,0,0,1,1,118,42.9,43,61,1,4,6,0,1,1,59.0,Emergency
10:24:44,1,1,0,0,75,47.0,28,32,1,3,9,0,1,0,37.5,Emergency
10:24:54,0,1,1,0,44,46.6,20,11,1,0,9,1,1,1,22.0,Emergency
10:25:03,0,0,1,0,31,37.9,11,15,1,1,0,1,1,0,15.5,Emergency
10:25:12,1,0,1,1,79,37.6,40,20,4,1,9,1,1,1,39.5,Emergency
10:25:22,1,1,1,1,40,36.7,5,17,0,5,6,1,1,1,20.0,Emergency
10:25:31,1,1,1,0,105,49.9,75,8,3,6,7,0,1,1,52.5,Emergency
10:25:40,0,0,0,1,63,32.7,7,44,4,6,0,1,0,0,31.5,Emergency
10:25:49,0,1,0,1,60,39.8,29,14,2,8,4,0,1,0,30.0,Emergency
10:25:59,1,1,1,0,98,42.4,65,10,4,6,9,0,0,0,49.0,Low
10:26:08,1,0,1,1,51,44.3,23,16,1,1,6,1,1,0,25.5,Emergency
10:26:17,0,0,0,0,44,45.5,11,9,4,7,9,0,1,0,22.0,Emergency
10:26:27,0,1,0,1,36,55.5,20,8,1,3,2,0,1,1,18.0,Emergency
10:26:36,1,1,0,1,108,30.7,69,18,4,9,5,0,1,1,54.0,Emergency
10:26:45,0,1,1,0,80,46.8,19,49,4,0,3,0,1,1,40.0,Emergency
10:26:55,0,0,1,1,115,41.6,46,49,4,9,2,0,1,1,57.5,Emergency
10:27:04,0,0,0,1,75,36.2,51,10,2,5,0,1,1,1,37.5,Emergency
10:27:13,1,1,1,0,78,35.8,12,49,4,5,4,0,1,0,39.0,Emergency
10:27:23,0,0,1,1,38,36.3,9,4,4,9,7,1,0,1,19.0,Emergency
10:27:32,1,1,0,0,37,47.5,5,18,1,6,4,0,0,0,18.5,Low
10:27:41,1,1,0,0,98,39.2,62,13,4,8,6,1,0,1,49.0,Emergency
10:27:51,1,0,1,1,28,35.5,0,16,0,8,4,0,0,0,14.0,Low
10:28:00,1,0,0,0,35,35.9,10,10,4,3,6,0,1,1,17.5,Emergency
10:28:09,0,1,0,0,63,39.1,39,13,3,4,3,0,0,1,31.5,Emergency
10:28:19,1,1,0,0,77,47.2,49,19,0,3,4,0,1,1,38.5,Emergency
10:28:28,0,0,0,1,48,37.5,8,29,3,5,0,1,0,0,24.0,Emergency
10:28:37,1,0,1,0,122,40.5,77,24,3,8,9,0,0,0,61.0,Medium
10:28:47,0,1,1,0,64,44.1,41,4,3,8,2,1,1,1,32.0,Emergency
10:28:56,0,1,0,1,45,36.4,15,18,4,3,2,1,1,1,22.5,Emergency
10:29:05,1,0,1,1,55,44.2,4,41,4,3,0,1,0,0,27.5,Emergency
10:29:14,0,1,1,1,83,35.2,62,11,3,0,4,0,0,1,41.5,Emergency
10:29:24,0,1,1,0,75,48.6,45,14,4,1,7,0,0,0,37.5,Low
10:29:33,0,0,0,1,38,41.0,19,6,0,4,4,1,0,0,19.0,Emergency
10:29:42,1,0,1,1,41,43.1,21,1,3,6,8,1,1,0,20.5,Emergency
10:29:52,1,1,1,0,88,48.3,33,37,4,7,2,1,0,1,44.0,Emergency
10:30:01,0,0,1,0,56,37.8,17,26,3,1,3,1,0,1,28.0,Emergency
10:30:10,0,1,1,0,87,41.2,60,8,2,4,9,0,1,1,43.5,Emergency
10:30:20,1,0,1,1,63,30.7,22,16,2,8,9,1,1,1,31.5,Emergency
10:30:29,0,1,0,0,87,45.7,47,31,4,4,0,1,0,0,43.5,Emergency
10:30:38,1,0,0,1,98,38.9,22,59,1,8,6,1,0,1,49.0,Emergency
10:30:48,1,0,1,1,55,38.4,12,23,3,7,4,1,1,1,27.5,Emergency
10:30:57,1,1,0,0,98,34.9,60,22,4,8,3,0,0,1,49.0,Emergency
10:31:06,0,1,1,1,64,47.9,27,20,4,1,6,1,0,1,32.0,Emergency
10:31:16,1,0,1,0,87,33.4,34,33,4,5,6,0,1,1,43.5,Emergency
10:31:25,0,1,1,0,83,38.8,18,47,2,6,8,0,1,0,41.5,Emergency
10:31:34,0,0,1,1,42,39.3,31,3,1,4,2,0,1,0,21.0,Emergency
10:31:44,0,1,1,1,45,42.9,10,21,3,0,7,1,0,1,22.5,Emergency
10:31:53,0,0,1,1,56,38.2,29,9,1,7,6,1,1,1,28.0,Emergency
10:32:02,0,0,1,0,113,38.8,86,11,2,5,8,0,0,0,56.5,Medium
10:32:12,0,1,0,1,81,38.4,29,44,4,0,0,0,1,1,40.5,Emergency
10:32:21,0,1,1,0,63,43.0,27,18,3,8,3,0,0,0,31.5,Low
10:32:30,1,1,1,1,64,47.5,33,16,4,8,1,1,0,0,32.0,Emergency
10:32:39,1,0,0,0,109,38.6,15,85,3,3,1,0,0,0,54.5,Medium
10:32:49,0,0,1,1,40,35.7,26,6,2,0,1,1,1,0,20.0,Emergency
10:32:58,0,1,0,0,66,36.7,53,5,0,1,3,0,1,0,33.0,Emergency
10:33:07,1,1,1,0,31,38.0,9,16,0,0,3,0,1,1,15.5,Emergency
10:33:17,1,0,0,0,149,45.7,85,46,3,6,8,0,0,1,74.5,Emergency
10:33:26,1,0,0,0,97,40.3,65,17,2,4,7,1,0,1,48.5,Emergency
10:33:35,1,0,1,1,83,38.8,12,55,1,7,5,0,1,1,41.5,Emergency
10:33:45,1,1,0,0,107,39.8,56,29,3,7,7,0,1,0,53.5,Emergency
10:33:54,1,0,0,1,68,34.7,31,26,0,3,3,0,1,0,34.0,Emergency
10:34:03,1,1,1,1,83,31.7,53,15,2,0,8,0,0,1,41.5,Emergency
10:34:13,0,1,1,0,47,41.3,21,14,0,1,7,1,0,1,23.5,Emergency
10:34:22,0,0,0,1,90,37.9,37,39,1,2,6,1,1,0,45.0,Emergency
10:34:31,0,0,0,1,62,47.5,30,24,0,1,4,1,0,1,31.0,Emergency
10:34:41,1,1,1,0,60,34.1,42,2,3,2,9,1,0,1,30.0,Emergency
10:34:50,1,0,1,0,98,43.9,48,37,1,6,5,0,0,1,49.0,Emergency
10:34:59,0,1,0,0,102,49.1,49,44,0,3,3,0,0,1,51.0,Emergency
10:35:09,0,0,0,1,76,42.0,43,18,4,1,7,0,0,0,38.0,Low
10:35:18,1,0,0,1,55,34.3,30,8,3,9,4,0,0,0,27.5,Low
10:35:27,1,0,0,1,58,35.5,41,1,3,8,1,0,1,1,29.0,Emergency
10:35:37,0,0,0,1,24,45.7,0,10,3,2,4,0,1,1,12.0,Emergency
10:35:46,1,1,1,0,39,46.1,18,4,1,4,8,0,1,1,19.5,Emergency
10:35:55,1,0,1,0,46,41.9,14,16,1,3,8,0,0,0,23.0,Low
10:36:04,1,0,1,1,43,46.6,22,10,2,5,1,0,0,0,21.5,Low
10:36:14,0,1,1,1,88,39.0,69,1,4,8,1,0,1,0,44.0,Emergency
10:36:23,1,1,1,1,50,40.9,16,20,0,4,7,1,0,1,25.0,Emergency
10:36:32,1,1,0,0,43,41.2,13,13,0,5,9,1,0,1,21.5,Emergency
10:36:42,0,1,0,0,86,33.3,17,59,1,7,1,0,0,1,43.0,Emergency
10:36:51,1,1,1,1,106,36.4,57,29,0,8,9,1,1,0,53.0,Emergency
10:37:00,1,1,1,1,48,32.1,13,30,1,3,0,0,1,0,24.0,Emergency
10:37:10,1,0,0,0,52,46.0,37,3,2,6,2,1,0,0,26.0,Emergency
10:37:19,0,1,1,1,46,43.4,15,20,3,0,5,0,0,0,23.0,Low
10:37:28,0,0,0,0,43,42.0,21,8,2,4,2,1,1,0,21.5,Emergency
10:37:38,0,1,1,1,27,44.6,6,8,4,1,4,1,1,1,13.5,Emergency
10:37:47,1,0,0,0,56,49.4,32,5,3,8,7,0,0,0,28.0,Low
10:37:56,0,0,1,0,148,34.3,85,42,1,7,8,0,0,1,74.0,Emergency
10:38:06,0,0,1,1,63,41.2,27,22,3,5,2,0,1,0,31.5,Emergency
10:38:15,1,1,0,0,61,33.2,28,19,2,6,1,1,0,1,30.5,Emergency
10:38:24,0,0,1,0,56,36.5,25,10,3,6,9,1,0,1,28.0,Emergency
10:38:34,1,1,1,0,96,47.3,45,40,0,5,1,1,0,0,48.0,Emergency
10:38:43,0,0,1,1,80,31.8,28,37,0,8,4,1,0,0,40.0,Emergency
10:38:52,0,1,0,1,100,38.7,70,18,1,1,7,0,0,1,50.0,Emergency
10:39:02,1,0,1,0,84,39.9,18,50,4,6,4,1,0,0,42.0,Emergency
10:39:11,1,1,1,1,54,36.8,25,17,1,2,3,0,1,1,27.0,Emergency
10:39:20,0,1,0,0,79,31.8,58,3,2,5,8,0,0,0,39.5,Low
10:39:29,0,1,0,0,48,43.7,15,24,1,0,8,0,0,0,24.0,Low
10:39:39,0,1,0,1,43,40.7,26,5,3,4,1,0,0,1,21.5,Emergency
10:39:48,0,0,1,0,44,43.1,20,14,1,3,5,1,0,0,22.0,Emergency
10:39:57,0,1,0,0,83,41.2,51,16,3,8,0,1,0,0,41.5,Emergency
10:40:07,0,0,1,0,82,35.7,45,19,2,6,6,1,1,0,41.0,Emergency
10:40:16,1,1,0,1,83,40.7,8,62,4,5,1,1,1,0,41.5,Emergency
10:40:25,1,1,0,1,77,40.0,42,23,3,5,3,0,0,1,38.5,Emergency
10:40:35,1,0,1,0,56,37.4,37,2,3,6,5,1,0,0,28.0,Emergency
10:40:44,1,0,0,1,45,38.9,26,3,1,9,3,1,0,1,22.5,Emergency
10:40:53,0,1,0,0,60,33.4,30,13,4,2,8,0,0,0,30.0,Low
10:41:03,1,0,1,1,58,37.8,17,24,2,3,6,1,1,1,29.0,Emergency
10:41:12,0,0,1,0,81,32.7,55,14,4,4,1,1,1,1,40.5,Emergency
10:41:21,0,1,0,0,55,40.6,42,0,1,0,7,0,1,1,27.5,Emergency
10:41:31,1,1,1,0,82,42.2,58,9,0,6,4,0,1,1,41.0,Emergency
10:41:40,0,1,1,1,40,40.9,9,16,4,1,8,0,1,1,20.0,Emergency
10:41:49,1,0,0,1,44,36.8,19,6,2,7,6,1,0,0,22.0,Emergency
10:41:59,1,0,1,0,26,36.9,12,6,0,0,5,1,1,1,13.0,Emergency
10:42:08,0,1,1,1,48,38.6,1,26,4,4,7,1,1,1,24.0,Emergency
10:42:17,1,0,1,1,14,40.8,2,0,0,6,4,0,0,1,7.0,Emergency
10:42:27,0,0,1,1,88,37.1,25,55,0,3,3,0,0,1,44.0,Emergency
10:42:36,1,1,0,1,29,42.0,9,9,2,7,1,0,1,0,14.5,Emergency
10:42:45,0,0,1,0,84,40.4,22,42,1,8,8,0,0,1,42.0,Emergency
10:42:54,1,0,0,0,58,38.4,29,10,3,0,9,1,1,1,29.0,Emergency
10:43:04,1,0,1,1,60,40.3,41,9,1,3,0,0,1,1,30.0,Emergency
10:43:13,0,1,0,0,79,33.5,16,45,4,4,8,1,1,0,39.5,Emergency
10:43:22,0,1,0,0,72,38.7,31,24,4,4,2,1,1,1,36.0,Emergency
10:43:32,1,1,0,1,46,29.0,30,1,4,2,8,0,0,0,23.0,Low
10:43:41,1,1,0,1,23,35.4,8,4,2,0,4,1,0,1,11.5,Emergency
10:43:50,1,0,0,1,58,46.4,31,10,1,6,6,1,0,1,29.0,Emergency
10:44:00,1,1,1,0,75,46.3,34,21,4,5,6,0,1,0,37.5,Emergency
10:44:09,0,1,1,1,31,43.5,3,17,2,3,3,1,0,1,15.5,Emergency
10:44:18,1,0,1,0,71,47.0,8,46,4,3,7,1,1,0,35.5,Emergency
10:44:28,0,0,0,1,90,41.2,79,6,1,1,1,0,1,0,45.0,Emergency
10:44:37,0,0,1,0,29,42.2,16,3,2,5,1,1,0,1,14.5,Emergency
10:44:46,1,0,1,1,114,31.4,44,55,1,9,1,1,0,0,57.0,Emergency
10:44:56,1,1,0,0,92,49.3,69,13,3,2,1,0,0,1,46.0,Emergency
10:45:05,1,0,1,0,19,29.3,3,0,1,9,1,1,0,1,9.5,Emergency
10:45:14,0,0,0,1,92,38.1,40,41,3,3,3,1,1,0,46.0,Emergency
10:45:24,1,0,1,0,91,36.2,60,10,2,7,8,0,1,1,45.5,Emergency
10:45:33,1,1,1,1,36,37.4,1,29,1,3,0,1,0,0,18.0,Emergency
10:45:42,0,1,0,0,101,50.7,60,19,2,7,7,0,1,1,50.5,Emergency
10:45:52,0,1,0,1,107,39.3,52,45,0,6,1,0,0,1,53.5,Emergency
10:46:01,0,1,0,0,105,40.0,14,74,3,8,3,1,0,0,52.5,Emergency
10:46:10,1,0,0,0,40,45.7,17,12,2,4,3,1,0,0,20.0,Emergency
10:46:19,1,1,1,0,40,40.9,9,21,0,5,2,0,1,1,20.0,Emergency
10:46:29,1,1,1,0,58,45.8,35,5,0,4,9,1,0,1,29.0,Emergency
10:46:38,0,0,1,0,27,34.8,5,4,2,7,8,0,1,0,13.5,Emergency
10:46:47,0,1,1,0,75,34.7,5,56,3,0,9,0,0,0,37.5,Low
10:46:57,0,1,0,0,33,44.3,2,17,0,3,9,0,1,1,16.5,Emergency
10:47:06,0,0,1,0,50,39.2,22,17,3,3,0,1,0,0,25.0,Emergency
10:47:15,1,1,0,0,49,43.4,32,5,2,0,6,0,0,1,24.5,Emergency
10:47:25,1,1,0,1,148,32.8,83,43,2,5,9,1,1,0,74.0,Emergency
10:47:34,1,0,1,0,64,43.2,43,4,0,5,7,0,1,0,32.0,Emergency
10:47:43,1,0,0,1,73,34.2,22,39,4,1,7,0,0,0,36.5,Low
10:47:53,1,1,0,1,29,50.9,4,14,1,1,8,0,0,0,14.5,Low
10:48:02,0,0,1,0,44,39.7,14,19,1,3,2,0,0,1,22.0,Emergency
10:48:11,0,0,1,0,138,42.6,78,45,0,6,5,1,0,1,69.0,Emergency
10:48:21,1,0,1,0,106,45.5,75,13,2,2,7,1,1,1,53.0,Emergency
10:48:30,1,0,0,1,115,44.3,83,23,0,5,2,0,0,0,57.5,Medium
10:48:39,0,1,1,1,86,26.2,32,35,2,4,8,1,0,1,43.0,Emergency
10:48:49,0,1,1,1,81,48.1,20,50,4,2,4,0,1,0,40.5,Emergency
10:48:58,0,1,1,1,89,45.2,74,2,1,5,5,0,1,0,44.5,Emergency
10:49:07,1,0,1,1,40,38.7,9,22,3,0,4,0,1,0,20.0,Emergency
10:49:17,0,1,0,1,46,32.0,18,15,4,1,3,0,1,1,23.0,Emergency
10:49:26,0,1,1,1,84,46.6,13,62,0,4,2,1,0,1,42.0,Emergency
10:49:35,0,0,1,0,97,41.8,51,30,2,5,8,0,1,0,48.5,Emergency
10:49:44,1,0,0,1,48,40.8,7,23,2,9,5,0,0,1,24.0,Emergency
10:49:54,1,1,0,1,129,35.3,69,46,3,4,4,1,1,0,64.5,Emergency
10:50:03,1,1,0,0,36,41.5,0,21,1,4,5,0,1,0,18.0,Emergency
10:50:12,0,1,1,1,123,44.8,52,63,4,0,0,1,0,1,61.5,Emergency
10:50:22,0,0,1,1,44,46.3,5,27,1,7,2,1,0,0,22.0,Emergency
10:50:31,0,0,0,0,55,34.2,36,10,1,2,5,0,1,0,27.5,Emergency
10:50:40,1,1,0,1,76,42.4,42,20,4,5,5,0,0,0,38.0,Low
10:50:50,0,0,1,0,73,40.8,24,31,2,8,7,0,1,0,36.5,Emergency
10:50:59,0,1,0,0,95,44.5,35,43,2,4,5,1,1,0,47.5,Emergency
10:51:08,1,1,1,0,63,42.8,34,14,3,2,6,1,1,1,31.5,Emergency
10:51:18,0,1,1,1,54,38.1,39,6,3,1,1,0,1,1,27.0,Emergency
10:51:27,1,0,0,1,54,39.9,6,40,0,1,3,1,1,1,27.0,Emergency
10:51:36,1,1,0,1,86,38.6,19,48,3,4,6,1,1,0,43.0,Emergency
10:51:46,1,1,1,0,82,42.5,51,14,4,0,7,1,0,1,41.0,Emergency
10:51:55,1,0,0,0,92,43.7,33,50,2,2,0,1,1,1,46.0,Emergency
10:52:04,0,1,1,0,73,36.2,49,7,1,1,9,1,1,1,36.5,Emergency
10:52:14,0,1,0,0,23,42.6,2,11,0,4,5,0,0,1,11.5,Emergency
10:52:23,1,1,0,0,88,38.2,30,38,1,6,9,1,1,0,44.0,Emergency
10:52:32,1,0,0,0,53,41.5,32,13,0,4,0,1,1,1,26.5,Emergency
10:52:42,1,0,1,1,74,35.9,34,28,3,3,1,1,1,1,37.0,Emergency
10:52:51,0,1,1,1,75,37.0,57,0,4,3,8,1,1,0,37.5,Emergency
10:53:00,0,0,1,1,83,39.9,22,51,1,2,6,1,0,0,41.5,Emergency
10:53:09,0,1,1,1,113,41.1,36,57,4,6,8,0,0,1,56.5,Emergency
10:53:19,1,1,1,1,45,42.7,23,6,0,2,9,1,0,0,22.5,Emergency
10:53:28,1,0,1,0,26,44.9,5,1,4,6,7,0,0,1,13.0,Emergency
10:53:37,1,0,0,1,72,45.2,44,17,0,8,0,1,1,0,36.0,Emergency
10:53:47,1,1,1,0,56,37.1,26,21,2,4,1,0,0,0,28.0,Low
10:53:56,0,0,0,1,53,45.8,9,31,0,4,3,1,1,1,26.5,Emergency
10:54:05,1,1,1,1,82,38.1,30,32,3,6,8,1,0,1,41.0,Emergency
10:54:15,0,0,0,0,67,34.8,47,10,1,3,2,1,0,0,33.5,Emergency
10:54:24,0,1,1,1,110,43.3,70,27,4,0,3,1,0,1,55.0,Emergency
10:54:33,0,1,0,1,61,42.3,19,28,1,4,6,0,1,0,30.5,Emergency
10:54:43,1,0,1,1,95,32.3,50,32,1,5,4,0,0,0,47.5,Low
10:54:52,1,0,1,0,42,44.5,22,10,1,1,5,0,0,0,21.0,Low
10:55:01,1,1,0,0,78,21.2,35,28,4,0,9,1,0,0,39.0,Emergency
10:55:11,1,0,1,1,47,36.9,18,21,1,3,1,0,1,1,23.5,Emergency
10:55:20,0,1,0,1,35,45.9,0,19,1,8,4,0,1,1,17.5,Emergency
10:55:29,0,0,1,0,46,42.9,22,8,4,1,4,1,1,1,23.0,Emergency
10:55:39,0,0,0,0,54,45.0,30,5,3,9,2,0,1,0,27.0,Emergency
10:55:48,1,1,0,0,73,31.2,34,25,1,6,6,0,0,0,36.5,Low
10:55:57,0,0,1,1,79,43.3,35,26,4,4,5,1,0,0,39.5,Emergency
10:56:07,1,1,1,0,145,42.3,69,54,4,7,8,0,0,1,72.5,Emergency
10:56:16,0,1,0,0,50,36.0,30,2,4,2,5,1,1,1,25.0,Emergency
10:56:25,1,0,1,0,95,36.7,29,49,0,8,3,1,0,1,47.5,Emergency
10:56:34,1,0,1,1,83,45.3,35,27,1,7,9,1,0,1,41.5,Emergency
10:56:44,1,0,1,0,50,43.0,0,31,2,7,9,0,0,0,25.0,Low
10:56:53,1,0,1,1,72,42.4,56,9,2,1,3,0,1,0,36.0,Emergency
10:57:02,1,0,0,0,132,43.6,59,57,0,9,5,0,1,1,66.0,Emergency
10:57:12,0,0,0,1,33,28.8,24,0,1,1,5,0,0,0,16.5,Low
10:57:21,1,1,0,0,81,31.2,24,37,1,8,8,0,1,1,40.5,Emergency
10:57:30,0,0,1,0,67,40.1,23,25,3,8,6,0,0,0,33.5,Low
10:57:40,1,0,0,0,102,32.4,70,21,1,6,1,0,1,1,51.0,Emergency
10:57:49,1,0,0,1,47,52.4,35,2,0,1,8,0,0,0,23.5,Low
10:57:58,1,0,0,0,38,44.1,19,9,3,1,4,0,0,0,19.0,Low
10:58:08,0,0,1,0,25,43.9,10,1,3,4,4,0,1,0,12.5,Emergency
10:58:17,1,0,1,1,50,35.0,26,18,0,0,5,0,1,0,25.0,Emergency
10:58:26,0,1,0,1,64,45.2,38,16,3,3,4,0,0,0,32.0,Low
10:58:36,0,1,1,1,99,36.0,42,50,0,2,0,1,1,0,49.5,Emergency
10:58:45,0,0,0,1,98,40.2,41,33,2,7,9,1,0,1,49.0,Emergency
10:58:54,1,1,1,0,71,45.2,36,23,3,0,3,1,1,1,35.5,Emergency
10:59:04,0,0,0,0,39,45.0,13,18,2,2,0,1,1,0,19.5,Emergency
10:59:13,1,1,1,0,145,37.7,86,45,4,3,5,0,0,0,72.5,Medium
10:59:22,0,1,1,0,105,34.5,69,22,3,3,7,0,1,0,52.5,Emergency
10:59:32,0,0,1,1,102,39.3,35,47,4,4,9,1,0,1,51.0,Emergency
10:59:41,1,1,1,1,126,35.7,73,38,1,6,6,0,0,1,63.0,Emergency
10:59:50,0,0,1,1,74,44.6,14,47,2,3,2,1,1,0,37.0,Emergency
11:00:00,1,1,0,1,45,41.1,23,7,3,5,7,0,0,0,22.5,Low
11:00:09,1,1,1,0,59,40.1,23,22,4,1,4,1,1,1,29.5,Emergency
11:00:18,0,0,1,1,37,40.4,22,11,2,0,0,0,1,0,18.5,Emergency
11:00:27,0,1,1,0,33,37.1,0,19,3,0,5,1,1,0,16.5,Emergency
11:00:37,1,0,0,1,36,41.7,8,16,4,2,3,1,0,1,18.0,Emergency
11:00:46,0,1,0,1,50,39.0,18,18,2,3,5,0,0,1,25.0,Emergency
11:00:55,0,0,0,1,60,35.8,17,26,4,6,1,1,0,1,30.0,Emergency
11:01:05,0,1,1,1,121,39.9,87,17,2,8,0,1,1,1,60.5,Emergency
11:01:14,1,0,1,0,102,38.0,41,44,1,9,5,1,1,0,51.0,Emergency
11:01:23,0,0,1,1,110,37.5,76,13,3,7,4,1,1,1,55.0,Emergency
11:01:33,0,1,1,0,50,45.0,33,2,3,5,4,1,1,0,25.0,Emergency
11:01:42,1,0,0,0,84,44.4,43,30,3,7,0,0,1,0,42.0,Emergency
11:01:51,1,1,0,0,24,41.0,3,10,0,1,5,0,0,1,12.0,Emergency
11:02:01,0,0,1,0,84,40.0,7,60,3,6,5,0,0,0,42.0,Low
11:02:10,1,0,0,0,93,39.3,14,63,1,5,6,1,1,1,46.5,Emergency
11:02:19,1,1,0,1,89,41.6,64,14,1,2,7,0,0,0,44.5,Low
11:02:29,1,1,0,0,54,43.5,42,0,1,1,8,0,0,0,27.0,Low
11:02:38,0,1,1,1,53,47.2,28,11,2,5,2,1,1,1,26.5,Emergency
11:02:47,1,0,1,0,71,30.7,43,14,4,5,2,1,1,0,35.5,Emergency
11:02:57,0,1,1,0,40,39.2,2,31,2,3,0,1,0,0,20.0,Emergency
11:03:06,0,0,0,1,24,46.0,2,6,1,3,8,1,0,1,12.0,Emergency
11:03:15,1,0,1,1,35,49.2,17,10,3,2,1,1,1,0,17.5,Emergency
11:03:25,1,1,0,0,60,45.0,38,8,2,6,3,1,1,1,30.0,Emergency
11:03:34,0,1,1,1,33,30.0,23,1,2,2,0,0,0,1,16.5,Emergency
11:03:43,1,0,0,1,36,43.5,18,9,2,1,4,0,0,0,18.0,Low
11:03:52,1,0,1,1,21,32.4,0,13,1,2,1,1,1,0,10.5,Emergency
11:04:02,0,1,0,1,62,37.0,46,3,0,1,9,1,1,0,31.0,Emergency
11:04:11,1,1,0,1,90,44.4,18,61,2,4,2,0,1,1,45.0,Emergency
11:04:20,1,1,0,1,58,37.2,7,32,2,5,9,0,0,1,29.0,Emergency
11:04:30,0,0,1,1,89,35.1,64,2,4,8,9,1,0,1,44.5,Emergency
11:04:39,0,1,1,0,32,42.6,6,6,2,7,8,1,0,1,16.0,Emergency
11:04:48,1,1,1,1,102,43.9,43,45,4,3,5,0,1,0,51.0,Emergency
11:04:58,1,0,1,0,99,50.7,47,40,1,2,9,0,0,0,49.5,Low
11:05:07,1,0,1,0,95,33.9,66,18,0,6,0,0,1,0,47.5,Emergency
11:05:16,0,0,1,1,42,50.2,12,11,3,7,4,0,0,1,21.0,Emergency
11:05:26,1,0,1,1,42,43.7,6,29,1,2,2,0,1,0,21.0,Emergency
11:05:35,0,1,1,1,39,44.6,24,5,0,5,1,0,1,1,19.5,Emergency
11:05:44,0,0,1,1,67,40.5,40,11,4,8,2,1,0,1,33.5,Emergency
11:05:54,0,0,1,1,93,35.9,45,37,4,0,1,1,1,1,46.5,Emergency
11:06:03,1,1,1,0,64,45.6,20,29,0,5,5,1,1,0,32.0,Emergency
11:06:12,0,1,0,0,68,43.4,34,28,3,0,0,1,1,0,34.0,Emergency
11:06:22,0,1,1,1,30,35.0,13,0,0,7,6,1,0,1,15.0,Emergency
11:06:31,1,1,1,1,23,46.1,9,5,0,5,2,0,0,1,11.5,Emergency
11:06:40,0,0,1,1,54,26.0,11,23,4,7,5,0,1,1,27.0,Emergency
11:06:50,1,1,0,1,75,39.2,4,52,1,7,5,1,0,1,37.5,Emergency
11:06:59,1,0,0,0,68,39.7,30,20,1,5,7,0,1,1,34.0,Emergency
11:07:08,1,1,0,1,88,42.2,52,28,0,3,1,1,1,0,44.0,Emergency
11:07:17,1,0,0,1,29,42.1,4,22,2,0,0,0,0,1,14.5,Emergency
11:07:27,1,0,1,0,32,35.3,8,17,2,0,2,1,0,1,16.0,Emergency
11:07:36,0,0,1,1,45,39.4,25,10,0,3,3,0,0,1,22.5,Emergency
11:07:45,0,1,1,0,114,47.3,62,39,2,4,4,0,0,0,57.0,Medium
11:07:55,0,1,1,0,138,41.2,79,38,1,9,8,1,0,1,69.0,Emergency
11:08:04,1,1,0,1,107,49.1,64,27,3,3,7,0,1,0,53.5,Emergency
11:08:13,0,0,1,1,21,34.5,13,1,4,0,2,0,0,0,10.5,Low
11:08:23,1,1,0,1,126,41.6,41,68,2,6,4,1,1,0,63.0,Emergency
11:08:32,1,1,0,1,93,42.3,17,56,4,4,8,1,0,1,46.5,Emergency
11:08:41,1,0,1,0,45,43.7,10,23,1,4,3,0,1,0,22.5,Emergency
11:08:51,1,0,0,1,42,36.9,3,22,4,0,8,1,1,0,21.0,Emergency
11:09:00,0,0,1,1,25,38.1,1,14,3,1,3,1,1,0,12.5,Emergency
11:09:09,1,0,0,0,105,36.4,69,25,0,2,6,1,1,1,52.5,Emergency
11:09:19,1,0,0,0,68,44.9,17,40,2,5,3,0,0,0,34.0,Low
11:09:28,0,1,1,1,96,40.4,29,54,1,2,9,0,0,0,48.0,Low
11:09:37,0,1,1,1,70,39.3,33,21,3,1,8,1,0,0,35.0,Emergency
11:09:47,0,1,0,0,84,46.2,15,54,2,5,2,1,1,0,42.0,Emergency
11:09:56,0,0,0,0,109,45.0,77,22,4,1,4,0,0,1,54.5,Emergency
11:10:05,1,0,0,1,83,38.5,17,43,4,6,8,1,0,0,41.5,Emergency
11:10:15,1,0,1,1,73,42.6,35,20,4,4,7,0,0,0,36.5,Low
11:10:24,1,0,0,0,50,47.6,5,25,4,4,8,0,1,0,25.0,Emergency
11:10:33,0,1,1,0,100,47.0,60,25,1,4,8,0,0,0,50.0,Medium
11:10:42,1,1,0,0,91,38.8,51,29,1,5,4,0,0,1,45.5,Emergency
11:10:52,0,0,1,1,71,44.1,18,31,4,8,7,0,1,0,35.5,Emergency
11:11:01,0,1,0,0,30,41.0,13,2,4,7,2,1,0,0,15.0,Emergency
11:11:10,1,1,1,0,34,36.9,15,5,3,0,7,0,1,0,17.0,Emergency
11:11:20,1,1,1,0,49,44.3,13,21,3,2,7,1,1,1,24.5,Emergency
11:11:29,1,1,0,0,52,41.1,23,8,3,5,9,0,1,1,26.0,Emergency
11:11:38,1,1,1,1,95,52.4,36,37,2,7,9,0,1,0,47.5,Emergency
11:11:48,1,0,1,0,60,37.4,28,6,4,8,8,1,1,1,30.0,Emergency
11:11:57,1,1,0,1,92,43.9,49,17,4,7,9,1,1,0,46.0,Emergency
11:12:06,0,1,0,1,70,34.5,50,9,3,1,2,0,1,0,35.0,Emergency
11:12:16,1,0,0,1,58,36.1,16,30,4,1,5,0,0,1,29.0,Emergency
11:12:25,1,0,1,1,111,45.6,71,20,4,9,2,1,0,0,55.5,Emergency
11:12:34,1,0,0,1,57,34.6,14,27,3,2,5,1,1,1,28.5,Emergency
11:12:44,0,0,1,1,78,42.3,14,44,3,7,9,1,0,0,39.0,Emergency
11:12:53,1,0,1,1,62,43.0,42,2,2,5,6,1,0,0,31.0,Emergency
11:13:02,1,1,0,0,61,37.0,28,14,1,8,8,0,1,1,30.5,Emergency
11:13:12,0,0,0,0,101,41.3,65,23,2,7,2,0,1,0,50.5,Emergency
11:13:21,0,0,1,1,94,46.2,65,14,4,2,4,0,0,1,47.0,Emergency
11:13:30,0,1,0,0,65,38.3,45,6,3,0,8,0,0,1,32.5,Emergency
11:13:40,0,0,0,1,116,38.9,52,51,1,7,1,1,0,0,58.0,Emergency
11:13:49,0,0,0,0,41,31.6,18,11,3,0,6,0,0,1,20.5,Emergency
11:13:58,0,0,0,0,36,37.5,21,5,2,1,1,1,1,0,18.0,Emergency
11:14:07,1,1,1,0,31,38.0,20,0,0,2,2,1,1,1,15.5,Emergency
11:14:17,0,1,0,1,22,37.1,0,12,2,5,0,0,0,0,11.0,Low
11:14:26,0,1,0,0,41,38.6,22,5,2,5,5,0,1,0,20.5,Emergency
11:14:35,0,0,1,0,46,40.6,2,35,4,3,0,1,0,1,23.0,Emergency
11:14:45,1,1,1,0,123,43.0,49,51,3,9,6,1,0,0,61.5,Emergency
11:14:54,0,1,1,1,41,36.5,27,2,1,2,9,0,0,0,20.5,Low
11:15:03,1,0,0,1,92,40.9,52,30,1,0,6,1,0,0,46.0,Emergency
11:15:13,0,1,0,1,30,39.6,6,10,2,0,6,1,1,0,15.0,Emergency
11:15:22,0,1,0,0,51,38.5,28,10,4,2,6,0,1,0,25.5,Emergency
11:15:31,0,0,0,1,70,45.4,42,20,0,3,0,0,1,1,35.0,Emergency
11:15:41,1,1,1,0,31,38.2,1,23,2,0,0,1,1,0,15.5,Emergency
11:15:50,1,1,1,0,33,39.0,2,14,3,9,4,0,0,0,16.5,Low
11:15:59,1,0,1,0,118,40.6,89,7,3,8,8,1,1,1,59.0,Emergency
11:16:09,1,1,0,0,64,40.9,30,18,2,5,5,0,0,0,32.0,Low
11:16:18,1,0,1,0,58,30.4,18,23,3,3,7,0,0,1,29.0,Emergency
11:16:27,1,0,1,1,80,35.2,55,4,3,9,7,0,1,1,40.0,Emergency
11:16:37,0,1,0,0,103,38.7,50,33,3,7,3,1,1,1,51.5,Emergency
11:16:46,1,1,0,0,124,39.0,89,14,0,9,6,1,1,0,62.0,Emergency
11:16:55,1,1,1,0,128,35.4,86,29,2,6,0,0,0,1,64.0,Emergency
11:17:05,1,1,1,0,91,41.9,64,20,0,3,2,0,1,0,45.5,Emergency
11:17:14,0,1,0,1,67,43.4,51,1,0,8,3,1,0,1,33.5,Emergency
11:17:23,1,1,1,0,54,38.7,0,33,2,7,9,1,1,0,27.0,Emergency
11:17:32,1,0,0,1,107,39.3,57,25,2,8,9,1,1,0,53.5,Emergency
11:17:42,0,1,1,0,44,42.5,18,6,3,4,9,1,0,0,22.0,Emergency
11:17:51,1,0,1,0,29,42.6,22,0,1,4,0,1,1,0,14.5,Emergency
11:18:00,0,0,0,0,82,38.4,51,17,0,3,6,0,1,0,41.0,Emergency
11:18:10,1,0,0,0,88,41.7,45,25,4,7,2,1,1,1,44.0,Emergency
11:18:19,1,1,0,1,70,40.2,35,20,0,5,9,0,0,1,35.0,Emergency
11:18:28,1,0,1,0,48,38.9,7,28,4,0,7,0,0,1,24.0,Emergency
11:18:38,1,1,1,0,47,36.2,33,1,1,2,7,1,0,1,23.5,Emergency
11:18:47,0,1,1,1,30,44.4,13,2,1,5,5,0,0,1,15.0,Emergency
11:18:56,0,0,1,0,62,37.2,1,40,4,7,7,0,0,0,31.0,Low
11:19:06,1,1,1,1,49,44.4,37,2,2,6,0,0,1,0,24.5,Emergency
11:19:15,0,1,1,0,104,47.0,12,72,3,9,7,0,0,0,52.0,Medium
11:19:24,0,1,0,0,60,41.2,22,11,4,9,7,1,1,1,30.0,Emergency
11:19:34,0,0,1,1,122,33.8,71,38,4,0,5,0,1,1,61.0,Emergency
11:19:43,0,1,1,1,122,47.4,78,34,3,4,0,0,1,1,61.0,Emergency
11:19:52,0,1,1,1,85,34.5,51,14,3,8,5,1,1,0,42.5,Emergency
11:20:02,1,0,0,1,104,44.4,65,27,1,1,6,0,0,0,52.0,Medium
11:20:11,1,0,1,0,53,40.4,4,34,2,6,4,1,1,1,26.5,Emergency
11:20:20,0,1,1,0,71,37.4,48,2,3,5,8,1,1,0,35.5,Emergency
11:20:30,0,1,0,0,40,39.0,19,14,1,0,2,0,0,0,20.0,Low
11:20:39,0,1,1,0,33,32.1,18,3,2,6,3,1,0,0,16.5,Emergency
11:20:48,0,1,1,1,33,40.0,17,1,2,3,8,0,1,1,16.5,Emergency
11:20:57,1,1,0,1,44,41.3,27,7,2,0,3,1,0,1,22.0,Emergency
11:21:07,1,0,1,1,46,40.9,33,1,0,9,1,1,1,0,23.0,Emergency
11:21:16,0,1,1,1,58,42.3,39,4,2,6,5,0,1,1,29.0,Emergency
11:21:25,1,0,0,1,106,36.0,71,22,2,1,5,1,1,0,53.0,Emergency
11:21:35,0,1,1,1,72,39.6,50,7,1,8,3,0,1,0,36.0,Emergency
11:21:44,0,0,0,1,87,37.7,45,29,3,1,7,1,0,0,43.5,Emergency
11:21:53,0,0,0,1,58,36.4,28,12,0,9,3,0,1,1,29.0,Emergency
11:22:03,1,1,1,0,42,48.7,14,18,0,5,1,1,0,1,21.0,Emergency
11:22:12,1,0,1,1,79,43.4,15,41,4,9,8,0,1,1,39.5,Emergency
11:22:21,0,1,0,1,20,41.3,3,3,1,3,4,0,1,1,10.0,Emergency
11:22:31,1,0,1,0,71,39.3,8,44,1,8,9,0,0,0,35.5,Low
11:22:40,0,1,1,1,58,35.5,37,2,2,8,2,1,1,1,29.0,Emergency
11:22:49,0,0,1,1,102,38.9,74,8,0,8,7,1,1,1,51.0,Emergency
11:22:59,0,0,1,1,57,42.5,15,35,1,1,4,1,0,0,28.5,Emergency
11:23:08,1,1,0,0,43,38.1,26,4,4,1,1,1,1,1,21.5,Emergency
11:23:17,1,0,1,1,104,43.6,57,35,1,8,1,0,1,1,52.0,Emergency
11:23:27,0,0,1,1,68,39.1,33,17,1,9,5,0,1,0,34.0,Emergency
11:23:36,0,1,1,1,71,42.3,52,1,1,6,6,1,1,0,35.5,Emergency
11:23:45,0,1,0,0,62,36.9,40,9,3,3,3,0,0,1,31.0,Emergency
11:23:55,0,1,0,0,61,46.5,37,11,2,0,4,1,1,1,30.5,Emergency
11:24:04,0,0,0,1,40,36.0,4,25,0,2,4,0,0,1,20.0,Emergency
11:24:13,1,0,1,0,36,39.6,9,12,3,1,9,0,1,0,18.0,Emergency
11:24:22,1,1,0,0,92,37.1,45,32,4,7,1,1,1,1,46.0,Emergency
11:24:32,0,0,1,1,114,31.9,26,69,4,1,9,1,0,1,57.0,Emergency
11:24:41,1,0,0,1,79,46.0,54,10,3,0,7,1,0,0,39.5,Emergency
11:24:50,1,0,0,1,48,38.6,23,16,1,1,3,0,1,1,24.0,Emergency
11:25:00,0,0,1,0,64,40.4,24,27,3,1,5,1,0,1,32.0,Emergency
11:25:09,1,1,1,0,86,27.8,43,29,2,5,2,0,0,1,43.0,Emergency
11:25:18,1,0,0,0,30,35.7,11,5,1,7,4,0,1,0,15.0,Emergency
11:25:28,1,0,0,1,43,47.3,31,1,4,1,1,1,0,1,21.5,Emergency
11:25:37,1,1,1,0,83,44.3,26,33,2,8,9,1,1,1,41.5,Emergency
11:25:46,1,1,1,1,97,44.6,18,63,3,2,8,1,0,1,48.5,Emergency
11:25:56,0,0,1,0,60,46.1,49,5,1,1,2,0,0,1,30.0,Emergency
11:26:05,0,1,0,1,30,37.5,0,18,2,1,7,0,0,1,15.0,Emergency
11:26:14,0,0,1,0,69,33.8,18,27,3,7,9,1,0,0,34.5,Emergency
11:26:24,1,1,0,0,107,38.0,81,6,3,5,9,1,0,0,53.5,Emergency
11:26:33,0,0,1,0,63,35.7,1,47,3,7,1,1,1,1,31.5,Emergency
11:26:42,1,0,1,1,73,41.0,40,15,2,6,5,1,0,1,36.5,Emergency
11:26:52,1,0,0,0,109,46.6,3,92,2,9,2,0,1,0,54.5,Emergency
11:27:01,1,0,0,0,60,29.4,30,20,2,1,2,0,0,1,30.0,Emergency
11:27:10,0,0,1,0,34,48.4,19,7,0,4,3,1,0,0,17.0,Emergency
11:27:20,0,1,1,1,31,39.6,6,7,1,7,7,1,1,1,15.5,Emergency
11:27:29,0,1,0,0,30,50.8,4,10,4,5,3,1,1,1,15.0,Emergency
11:27:38,1,1,0,1,53,35.2,13,23,3,4,9,0,0,1,26.5,Emergency
11:27:47,1,1,1,0,69,36.3,44,3,1,9,9,0,1,1,34.5,Emergency
11:27:57,0,0,0,0,39,44.0,20,13,0,2,0,1,1,1,19.5,Emergency
11:28:06,1,1,0,1,28,39.8,16,1,2,6,1,0,0,1,14.0,Emergency
11:28:15,1,1,0,1,99,45.1,71,25,0,0,0,1,0,1,49.5,Emergency
11:28:25,1,0,0,1,101,35.1,78,14,3,4,0,0,0,1,50.5,Emergency
11:28:34,0,0,0,1,91,36.3,46,29,2,3,8,0,0,1,45.5,Emergency
11:28:43,0,1,1,0,107,48.2,47,44,3,3,4,1,1,0,53.5,Emergency
11:28:53,1,1,1,1,114,38.8,60,45,2,2,0,1,1,0,57.0,Emergency
11:29:02,0,0,0,1,52,41.2,32,6,1,5,3,1,1,0,26.0,Emergency
11:29:11,1,0,1,1,57,36.9,0,42,1,9,1,1,1,0,28.5,Emergency
11:29:21,1,1,0,0,59,38.3,5,30,4,7,7,1,0,1,29.5,Emergency
11:29:30,0,0,1,1,19,35.0,11,0,2,1,0,1,1,1,9.5,Emergency
11:29:39,0,1,0,0,64,35.1,32,26,0,4,0,1,0,1,32.0,Emergency
11:29:49,1,0,1,0,53,35.5,14,27,4,1,3,1,1,1,26.5,Emergency
11:29:58,1,0,0,0,56,39.9,8,30,4,4,5,1,1,1,28.0,Emergency
11:30:07,1,1,0,1,62,42.6,15,30,1,3,9,0,0,1,31.0,Emergency
11:30:17,0,1,0,1,91,34.3,27,54,3,0,6,1,0,0,45.5,Emergency
11:30:26,0,1,0,1,49,40.6,24,18,0,2,2,0,0,1,24.5,Emergency
11:30:35,0,1,0,1,125,34.2,70,36,2,9,8,0,0,0,62.5,Medium
11:30:45,0,1,0,1,72,40.5,35,18,2,4,7,1,1,0,36.0,Emergency
11:30:54,0,0,1,1,74,36.2,21,39,4,0,5,1,0,0,37.0,Emergency
11:31:03,0,1,0,0,87,51.2,42,31,2,2,5,1,0,0,43.5,Emergency
11:31:12,1,1,1,1,46,45.5,26,15,3,1,0,0,0,0,23.0,Low
11:31:22,1,1,0,0,50,43.8,4,23,4,9,7,0,1,0,25.0,Emergency
11:31:31,1,1,0,0,97,41.2,48,34,0,4,5,1,0,1,48.5,Emergency
11:31:40,0,0,1,0,59,34.6,10,33,0,1,9,1,1,0,29.5,Emergency
11:31:50,1,1,0,1,15,44.0,6,1,0,6,1,0,1,0,7.5,Emergency
11:31:59,1,1,0,1,92,38.6,58,26,1,0,4,1,1,0,46.0,Emergency
11:32:08,0,1,0,1,50,37.7,20,8,4,8,9,1,0,0,25.0,Emergency
11:32:18,1,0,1,1,20,41.1,0,9,3,2,5,0,0,0,10.0,Low
11:32:27,1,0,0,1,145,37.0,85,46,0,9,2,1,0,1,72.5,Emergency
11:32:36,0,0,0,0,64,42.9,46,7,0,2,4,1,1,0,32.0,Emergency
11:32:46,0,0,0,1,34,40.0,9,7,3,5,9,0,0,0,17.0,Low
11:32:55,0,1,1,0,132,44.3,86,30,4,8,2,1,0,0,66.0,Emergency
11:33:04,0,0,1,0,67,49.0,30,25,1,5,4,0,0,0,33.5,Low
11:33:14,1,1,1,0,70,48.7,22,45,0,2,0,1,0,0,35.0,Emergency
11:33:23,0,1,1,1,60,47.4,4,45,1,1,4,0,0,1,30.0,Emergency
11:33:32,1,0,1,0,27,42.0,2,14,3,5,3,0,0,0,13.5,Low
11:33:42,0,1,0,0,59,33.2,24,16,1,6,5,1,1,1,29.5,Emergency
11:33:51,0,1,0,1,68,52.2,54,0,4,1,4,1,1,0,34.0,Emergency
11:34:00,1,0,0,1,96,33.4,23,46,2,9,9,1,1,1,48.0,Emergency
11:34:10,0,1,0,0,67,41.3,4,49,3,2,7,0,0,1,33.5,Emergency
11:34:19,1,0,1,1,70,36.5,4,49,2,9,2,1,0,1,35.0,Emergency
11:34:28,1,0,1,1,58,44.9,21,18,4,5,9,0,0,0,29.0,Low
11:34:37,0,0,0,1,37,33.4,22,3,1,8,0,0,0,0,18.5,Low
11:34:47,1,0,1,0,44,46.7,16,7,1,9,5,1,1,1,22.0,Emergency
11:34:56,0,1,1,1,130,30.3,74,37,2,4,9,1,0,1,65.0,Emergency
11:35:05,0,0,1,1,38,51.8,22,3,1,8,2,0,0,1,19.0,Emergency
11:35:15,0,0,0,0,37,41.3,16,17,0,1,2,0,0,0,18.5,Low
11:35:24,0,1,1,0,66,37.4,11,35,2,8,9,0,1,0,33.0,Emergency
11:35:33,1,0,1,0,84,38.6,37,29,1,6,6,1,0,1,42.0,Emergency
11:35:43,0,1,0,1,70,36.9,38,25,1,3,2,0,0,1,35.0,Emergency
11:35:52,1,1,0,1,42,37.4,11,21,1,1,3,0,1,0,21.0,Emergency
11:36:01,0,0,1,0,75,38.0,27,37,0,2,5,1,0,0,37.5,Emergency
11:36:11,0,0,0,1,65,39.8,34,13,2,6,8,0,0,1,32.5,Emergency
11:36:20,0,0,1,1,38,41.4,20,8,2,4,1,1,0,0,19.0,Emergency
11:36:29,1,1,1,1,37,39.5,3,14,3,5,8,0,1,0,18.5,Emergency
11:36:39,1,0,0,1,52,45.1,9,24,3,9,2,0,1,0,26.0,Emergency
11:36:48,1,1,0,0,78,41.1,1,55,4,8,6,1,0,1,39.0,Emergency
11:36:57,1,1,0,1,99,39.5,6,76,2,0,9,0,1,1,49.5,Emergency
11:37:07,0,1,0,0,108,55.8,42,55,1,8,0,1,1,0,54.0,Emergency
11:37:16,0,0,1,1,33,42.6,12,8,3,2,6,1,0,0,16.5,Emergency
11:37:25,0,1,1,0,89,49.4,56,21,1,1,7,0,1,1,44.5,Emergency
11:37:35,0,0,0,1,137,40.1,72,47,1,7,6,0,1,1,68.5,Emergency
11:37:44,1,1,1,1,48,45.9,33,3,2,0,7,1,1,0,24.0,Emergency
11:37:53,0,1,0,1,94,37.7,0,78,2,5,6,1,0,1,47.0,Emergency
11:38:03,0,1,1,1,88,38.8,46,28,3,1,6,0,1,1,44.0,Emergency
11:38:12,0,1,1,0,78,34.4,49,11,3,4,9,0,0,0,39.0,Low
11:38:21,0,1,1,1,81,37.3,34,30,3,4,6,1,1,0,40.5,Emergency
11:38:30,1,0,0,1,23,36.3,1,10,2,3,4,0,1,0,11.5,Emergency
11:38:40,0,1,0,0,33,41.7,10,8,0,8,2,1,1,0,16.5,Emergency
11:38:49,1,1,0,1,153,41.7,88,44,2,7,7,0,1,1,76.5,Emergency
11:38:58,0,1,0,0,75,37.6,17,39,0,6,8,1,0,0,37.5,Emergency
11:39:08,1,0,0,1,81,40.2,44,25,4,5,2,1,0,0,40.5,Emergency
11:39:17,1,0,0,1,120,46.6,60,37,3,7,7,1,1,1,60.0,Emergency
11:39:26,0,0,1,1,82,37.1,47,18,2,1,8,1,1,0,41.0,Emergency
11:39:36,1,0,1,1,83,40.1,64,5,2,6,4,1,1,0,41.5,Emergency
11:39:45,1,1,1,0,47,34.2,21,7,1,8,6,1,0,1,23.5,Emergency
11:39:54,1,0,0,0,45,43.6,23,5,3,9,2,1,0,1,22.5,Emergency
11:40:04,0,0,0,1,86,45.7,63,16,1,1,3,0,0,0,43.0,Low
11:40:13,0,0,0,0,68,36.8,33,18,2,8,4,0,0,1,34.0,Emergency
11:40:22,1,1,1,1,93,34.6,70,17,4,0,2,0,0,0,46.5,Low
11:40:32,1,0,0,1,12,38.3,1,3,1,0,2,1,0,1,6.0,Emergency
11:40:41,0,1,1,0,46,41.9,11,21,0,4,5,1,0,0,23.0,Emergency
11:40:50,1,1,0,0,66,41.9,47,13,0,0,1,0,0,1,33.0,Emergency
11:41:00,1,0,0,0,30,40.1,6,13,1,2,4,1,1,0,15.0,Emergency
11:41:09,1,1,0,1,83,31.8,47,22,0,7,4,1,1,0,41.5,Emergency
11:41:18,0,1,1,1,124,50.1,34,70,0,7,8,1,0,1,62.0,Emergency
11:41:28,1,1,0,1,116,38.9,96,12,2,1,1,0,1,1,58.0,Emergency
11:41:37,0,1,0,1,62,38.8,31,13,1,8,5,1,0,1,31.0,Emergency
11:41:46,0,1,1,0,93,45.7,58,20,0,7,7,0,0,1,46.5,Emergency
11:41:55,1,0,0,0,60,46.4,30,22,1,1,3,1,0,0,30.0,Emergency
11:42:05,1,1,0,1,101,38.5,30,60,1,0,7,1,0,0,50.5,Emergency
11:42:14,1,0,0,0,67,43.9,37,14,4,4,5,1,1,0,33.5,Emergency
11:42:23,1,0,1,1,97,47.8,33,50,1,5,7,0,0,0,48.5,Low
11:42:33,0,1,1,0,63,40.9,31,15,0,5,6,1,1,0,31.5,Emergency
11:42:42,1,1,0,1,82,42.2,43,19,4,6,5,1,1,1,41.0,Emergency
11:42:51,0,1,1,1,45,42.5,30,1,1,9,3,0,0,0,22.5,Low
11:43:01,1,1,0,1,92,40.4,0,74,1,6,6,0,1,1,46.0,Emergency
11:43:10,0,1,1,0,93,45.4,18,61,3,2,4,1,1,0,46.5,Emergency
11:43:19,0,0,1,1,19,51.7,4,0,0,8,3,0,0,1,9.5,Emergency
11:43:29,0,1,1,0,70,46.5,44,10,4,9,1,1,1,0,35.0,Emergency
11:43:38,1,0,1,1,39,36.0,25,1,0,4,7,0,1,1,19.5,Emergency
11:43:47,1,0,1,0,81,41.1,33,31,4,8,1,0,0,0,40.5,Low
11:43:57,1,1,0,1,54,39.2,15,20,1,9,3,1,0,1,27.0,Emergency
11:44:06,1,0,0,0,64,35.4,39,8,0,7,3,1,1,1,32.0,Emergency
11:44:15,1,1,0,0,121,44.6,53,51,4,2,6,0,0,1,60.5,Emergency
11:44:25,1,1,1,0,96,34.1,13,62,3,8,8,1,1,0,48.0,Emergency
11:44:34,0,1,1,0,56,32.7,32,9,0,4,8,0,0,0,28.0,Low
11:44:43,0,1,0,1,30,50.5,8,6,1,6,8,0,1,0,15.0,Emergency
11:44:53,0,1,1,1,91,40.5,31,44,3,5,2,0,1,1,45.5,Emergency
11:45:02,0,1,1,1,56,37.9,17,18,3,3,8,1,1,1,28.0,Emergency
11:45:11,1,0,1,1,86,28.7,21,55,0,4,0,0,1,1,43.0,Emergency
11:45:20,0,0,0,1,139,26.7,93,29,2,9,2,0,1,1,69.5,Emergency
11:45:30,1,0,0,1,67,37.0,32,15,4,2,8,0,1,1,33.5,Emergency
11:45:39,0,1,1,0,28,32.8,16,4,0,0,2,1,1,0,14.0,Emergency
11:45:48,0,1,1,0,43,35.0,22,7,0,4,9,0,1,0,21.5,Emergency
11:45:58,1,0,0,1,53,38.9,9,29,3,7,0,1,0,0,26.5,Emergency
11:46:07,1,1,0,0,60,39.2,31,11,2,3,8,1,0,1,30.0,Emergency
11:46:16,1,0,1,0,99,44.8,11,73,1,1,7,1,1,1,49.5,Emergency
11:46:26,0,1,1,0,61,39.0,33,15,0,3,5,1,0,1,30.5,Emergency
11:46:35,1,0,0,0,58,40.3,28,22,1,3,0,0,0,1,29.0,Emergency
11:46:44,0,0,0,1,50,38.4,9,21,3,5,8,1,1,1,25.0,Emergency
11:46:54,1,0,0,1,82,40.2,53,20,4,2,3,0,0,0,41.0,Low
11:47:03,1,0,1,1,41,31.3,12,11,3,8,3,0,0,0,20.5,Low
11:47:12,1,1,0,0,80,29.4,49,11,2,7,8,0,0,1,40.0,Emergency
11:47:22,0,0,0,1,39,42.4,16,7,1,1,9,0,1,0,19.5,Emergency
11:47:31,1,0,0,1,113,38.5,85,20,2,3,0,0,1,0,56.5,Emergency
11:47:40,0,1,0,1,60,53.6,45,0,4,5,2,1,1,1,30.0,Emergency
11:47:50,1,0,1,1,27,33.9,12,3,3,6,2,0,0,1,13.5,Emergency
11:47:59,0,0,0,0,60,45.5,23,26,0,0,6,0,0,1,30.0,Emergency
11:48:08,0,0,1,1,44,39.5,19,7,0,9,3,1,1,0,22.0,Emergency
11:48:18,0,0,0,0,68,44.6,7,48,0,8,2,1,0,0,34.0,Emergency
11:48:27,0,1,0,0,64,45.7,34,20,0,6,1,0,0,1,32.0,Emergency
11:48:36,0,1,0,1,12,45.5,1,0,1,0,5,0,0,1,6.0,Emergency
11:48:45,0,1,1,1,23,39.3,9,8,0,0,0,0,1,1,11.5,Emergency
11:48:55,1,1,1,1,120,37.0,87,17,0,4,8,0,0,1,60.0,Emergency
11:49:04,1,1,1,1,127,40.2,67,47,3,5,2,1,0,1,63.5,Emergency
11:49:13,1,0,0,1,64,39.2,14,31,3,4,6,1,1,0,32.0,Emergency
11:49:23,0,0,1,0,106,50.8,89,2,4,1,6,1,0,1,53.0,Emergency
11:49:32,1,1,1,0,83,31.5,28,28,4,9,9,0,0,1,41.5,Emergency
11:49:41,0,1,1,0,79,38.9,45,29,0,3,1,1,0,0,39.5,Emergency
11:49:51,1,1,0,0,87,47.0,53,20,2,9,1,1,0,1,43.5,Emergency
11:50:00,1,0,1,0,82,33.6,55,16,4,5,1,1,0,0,41.0,Emergency
11:50:09,0,1,0,0,24,39.7,13,0,0,0,6,0,0,1,12.0,Emergency
11:50:19,0,1,1,1,25,48.5,15,1,4,1,2,0,0,0,12.5,Low
11:50:28,1,0,1,0,122,40.0,38,62,1,6,9,1,0,1,61.0,Emergency
11:50:37,0,0,1,1,81,40.5,24,44,3,2,6,1,1,0,40.5,Emergency
11:50:47,1,1,0,0,43,43.8,2,20,3,5,8,0,0,1,21.5,Emergency
11:50:56,1,0,1,1,96,44.7,49,30,4,3,8,0,0,0,48.0,Low
11:51:05,0,0,0,1,95,45.7,25,52,1,3,9,1,1,0,47.5,Emergency
11:51:15,1,0,0,0,68,40.6,25,23,3,3,7,1,1,1,34.0,Emergency
11:51:24,1,0,0,0,75,43.6,39,19,1,2,9,0,0,1,37.5,Emergency
11:51:33,0,0,0,1,45,41.0,26,0,4,3,8,1,1,0,22.5,Emergency
11:51:43,0,1,1,0,62,43.1,45,1,1,1,8,1,0,1,31.0,Emergency
11:51:52,1,1,1,0,123,36.4,79,24,3,8,5,0,1,1,61.5,Emergency
11:52:01,1,1,1,0,37,39.4,23,5,0,1,3,0,0,1,18.5,Emergency
11:52:10,1,1,0,0,63,40.9,42,10,0,9,0,0,1,1,31.5,Emergency
11:52:20,0,1,0,0,51,44.3,9,30,3,3,3,1,0,0,25.5,Emergency
11:52:29,0,1,1,1,14,38.8,0,4,0,3,4,1,0,1,7.0,Emergency
11:52:38,1,1,1,1,91,40.8,80,3,0,3,2,0,0,1,45.5,Emergency
11:52:48,0,1,0,0,49,33.1,9,35,2,1,0,1,1,0,24.5,Emergency
11:52:57,1,0,1,0,32,40.7,8,5,1,5,8,0,1,0,16.0,Emergency
11:53:06,1,0,1,1,74,43.3,34,22,3,9,4,1,0,0,37.0,Emergency
11:53:16,0,0,1,0,83,51.1,43,23,0,6,6,1,0,1,41.5,Emergency
11:53:25,0,1,1,0,80,39.1,71,2,0,1,5,0,1,0,40.0,Emergency
11:53:34,1,0,0,1,59,43.9,15,32,1,2,4,1,0,1,29.5,Emergency
11:53:44,0,0,0,1,99,37.5,79,8,2,5,0,0,0,1,49.5,Emergency
11:53:53,0,0,0,1,52,40.8,12,26,1,8,2,1,0,0,26.0,Emergency
11:54:02,0,1,0,1,90,34.3,38,32,1,6,9,0,1,1,45.0,Emergency
11:54:12,1,0,0,0,55,38.1,23,18,2,6,3,1,0,1,27.5,Emergency
11:54:21,1,1,1,0,55,40.2,29,12,3,1,7,1,1,1,27.5,Emergency
11:54:30,0,0,1,0,47,37.9,16,15,2,2,7,1,0,1,23.5,Emergency
11:54:40,1,1,1,1,100,48.5,47,40,1,5,2,1,1,1,50.0,Emergency
11:54:49,1,1,1,1,74,34.0,38,17,0,7,8,0,1,0,37.0,Emergency
11:54:58,1,1,1,0,81,41.3,43,22,0,9,6,0,1,0,40.5,Emergency
11:55:08,1,0,0,1,122,42.7,73,33,2,3,5,1,1,0,61.0,Emergency
11:55:17,0,1,1,1,81,46.6,49,24,0,5,1,1,1,0,40.5,Emergency
11:55:26,1,1,1,0,52,39.9,8,30,0,3,6,0,1,0,26.0,Emergency
11:55:35,0,0,0,0,56,49.9,30,16,0,5,2,0,1,1,28.0,Emergency
11:55:45,0,0,1,1,142,37.9,72,53,0,6,8,0,0,1,71.0,Emergency
11:55:54,0,1,1,1,26,28.3,8,7,2,4,1,1,0,0,13.0,Emergency
11:56:03,0,1,1,0,134,47.8,46,70,3,8,3,0,0,1,67.0,Emergency
11:56:13,0,1,0,1,107,54.7,21,73,4,3,6,0,0,0,53.5,Medium
11:56:22,0,1,1,0,51,46.9,14,32,1,0,0,1,0,0,25.5,Emergency
11:56:31,0,0,1,1,36,37.3,13,13,1,3,2,0,0,0,18.0,Low
11:56:41,1,1,0,0,40,49.8,23,0,3,7,2,0,1,1,20.0,Emergency
11:56:50,0,1,1,0,85,36.5,53,22,3,0,4,1,1,1,42.5,Emergency
11:56:59,1,0,1,0,54,47.7,40,1,2,8,0,1,1,0,27.0,Emergency
11:57:09,1,1,0,1,48,44.1,15,12,1,7,7,1,1,0,24.0,Emergency
11:57:18,0,0,0,1,113,44.6,40,69,1,0,2,0,0,0,56.5,Medium
11:57:27,1,0,0,1,55,46.4,35,9,1,2,4,0,0,1,27.5,Emergency
11:57:37,0,0,1,0,88,34.0,36,36,4,3,5,0,1,0,44.0,Emergency
11:57:46,1,1,0,1,55,27.8,24,17,2,4,8,0,0,0,27.5,Low
11:57:55,1,0,0,0,81,38.5,64,2,1,8,3,1,0,1,40.5,Emergency
11:58:05,0,1,0,0,37,28.8,8,16,0,8,4,1,0,0,18.5,Emergency
11:58:14,1,1,1,0,86,34.2,31,38,4,2,7,1,0,1,43.0,Emergency
11:58:23,1,0,0,0,44,41.5,11,23,1,7,1,0,1,0,22.0,Emergency
11:58:33,0,0,0,1,83,38.0,53,17,2,7,0,1,0,1,41.5,Emergency
11:58:42,0,0,1,0,86,39.6,46,20,3,3,7,1,1,1,43.0,Emergency
11:58:51,0,1,1,1,40,36.5,24,6,3,0,2,0,1,1,20.0,Emergency
11:59:00,1,1,1,1,39,39.2,22,9,0,1,4,1,0,1,19.5,Emergency
11:59:10,0,0,1,1,45,49.2,14,13,4,4,8,1,0,1,22.5,Emergency
11:59:19,0,1,1,0,93,41.8,66,18,0,2,3,0,1,1,46.5,Emergency
11:59:28,0,1,1,0,49,44.1,16,19,2,4,4,1,1,1,24.5,Emergency
11:59:38,0,1,0,0,69,38.4,29,23,0,2,9,1,1,0,34.5,Emergency
11:59:47,1,1,1,1,54,36.6,27,8,2,7,9,0,0,0,27.0,Low
11:59:56,0,0,1,1,19,47.4,2,7,2,1,2,0,0,1,9.5,Emergency
12:00:06,0,1,0,1,55,29.2,22,11,3,8,5,0,1,1,27.5,Emergency
12:00:15,1,0,0,1,69,32.0,11,48,0,5,1,1,1,0,34.5,Emergency
12:00:24,1,0,1,1,58,41.8,4,35,3,4,6,1,0,1,29.0,Emergency
12:00:34,1,1,1,0,42,46.9,2,30,2,0,6,0,0,0,21.0,Low
12:00:43,1,1,0,0,47,37.8,2,42,1,0,0,1,1,0,23.5,Emergency
12:00:52,1,1,0,0,114,39.3,30,67,1,2,9,0,0,1,57.0,Emergency
12:01:02,1,1,0,0,36,46.9,19,3,3,1,6,0,1,1,18.0,Emergency
12:01:11,1,1,1,1,107,38.6,61,26,1,7,9,1,1,1,53.5,Emergency
12:01:20,0,0,1,0,44,30.1,28,13,0,1,0,0,0,0,22.0,Low
12:01:30,1,1,1,0,102,40.2,52,29,3,7,8,0,1,1,51.0,Emergency
12:01:39,1,1,1,1,74,33.2,27,32,1,3,6,1,0,1,37.0,Emergency
12:01:48,0,0,1,1,62,43.4,5,44,4,3,0,1,1,0,31.0,Emergency
12:01:58,0,1,1,1,52,34.8,24,9,2,6,8,0,0,1,26.0,Emergency
12:02:07,1,1,1,1,30,35.0,16,8,4,0,1,0,0,1,15.0,Emergency
12:02:16,0,1,0,1,55,36.2,21,17,1,5,5,1,1,0,27.5,Emergency
12:02:25,0,0,0,1,66,38.4,32,27,0,2,1,1,1,1,33.0,Emergency
12:02:35,1,1,1,1,73,32.0,20,43,0,1,5,1,1,1,36.5,Emergency
12:02:44,1,1,0,1,27,42.5,7,5,4,3,5,1,1,1,13.5,Emergency
12:02:53,1,0,0,0,39,29.7,6,21,4,5,2,0,0,0,19.5,Low
12:03:03,1,1,1,1,17,41.6,2,0,2,8,4,0,0,1,8.5,Emergency
12:03:12,0,0,1,0,73,39.3,46,21,1,3,0,0,1,0,36.5,Emergency
12:03:21,0,0,1,1,44,32.4,24,12,0,0,5,0,1,1,22.0,Emergency
12:03:31,1,1,1,0,60,49.5,37,2,4,7,5,1,0,1,30.0,Emergency
12:03:40,1,1,0,1,34,40.2,6,17,1,6,1,0,0,0,17.0,Low
12:03:49,1,0,0,0,45,44.4,10,19,3,1,9,1,0,1,22.5,Emergency
12:03:59,0,1,0,0,97,34.6,59,24,2,9,1,1,1,0,48.5,Emergency
12:04:08,1,1,1,1,52,50.2,33,5,3,5,2,1,0,0,26.0,Emergency
12:04:17,1,1,1,0,111,44.7,58,37,0,4,9,1,0,1,55.5,Emergency
12:04:27,0,1,0,0,62,43.2,28,17,4,5,4,1,1,1,31.0,Emergency
12:04:36,0,0,1,1,50,42.5,25,12,2,3,2,1,0,1,25.0,Emergency
12:04:45,0,1,1,0,55,36.0,31,9,2,2,7,0,1,1,27.5,Emergency
12:04:55,1,1,1,1,88,49.3,60,16,0,8,0,0,1,0,44.0,Emergency
12:05:04,1,0,1,1,40,48.9,25,1,1,6,2,0,1,0,20.0,Emergency
12:05:13,1,1,0,0,49,41.5,9,30,1,7,0,1,0,0,24.5,Emergency
12:05:23,0,0,1,0,63,40.6,33,17,2,5,1,0,1,1,31.5,Emergency
12:05:32,0,0,0,0,39,33.9,5,12,1,7,8,1,1,1,19.5,Emergency
12:05:41,0,1,1,0,93,33.7,53,25,4,4,4,1,0,1,46.5,Emergency
12:05:50,0,0,1,1,86,43.2,57,16,0,5,2,1,1,1,43.0,Emergency
12:06:00,0,1,0,0,35,38.5,8,9,2,8,4,0,0,1,17.5,Emergency
12:06:09,1,0,0,0,33,35.4,11,10,0,6,1,0,1,1,16.5,Emergency
12:06:18,0,0,1,1,70,45.0,40,8,4,8,5,1,0,1,35.0,Emergency
12:06:28,1,0,0,1,78,34.4,37,29,0,6,4,0,1,1,39.0,Emergency
12:06:37,0,0,1,1,38,41.9,25,2,1,1,5,0,1,0,19.0,Emergency
12:06:46,1,0,1,1,37,39.3,25,3,1,4,2,1,1,0,18.5,Emergency
12:06:56,0,0,0,0,51,39.8,14,16,2,9,5,0,1,0,25.5,Emergency
12:07:05,1,0,1,1,139,40.6,88,36,2,8,2,0,0,0,69.5,Medium
12:07:14,0,0,1,0,47,48.8,25,5,1,7,8,0,0,0,23.5,Low
12:07:24,1,1,0,0,50,43.9,23,13,4,7,2,0,0,0,25.0,Low
12:07:33,1,0,1,0,76,34.9,36,31,3,0,3,1,0,0,38.0,Emergency
12:07:42,0,1,0,0,69,37.0,19,38,0,2,6,1,1,1,34.5,Emergency
12:07:52,0,0,0,0,60,40.1,20,25,2,8,1,0,0,1,30.0,Emergency
12:08:01,1,0,0,1,32,33.0,8,7,1,6,5,0,0,1,16.0,Emergency
12:08:10,1,0,1,0,102,32.0,65,15,4,7,7,1,0,0,51.0,Emergency
12:08:20,0,1,1,0,63,44.1,49,9,0,1,0,1,1,0,31.5,Emergency
12:08:29,0,1,1,1,50,37.6,37,6,3,0,0,0,1,1,25.0,Emergency
12:08:38,1,0,0,0,97,38.6,53,34,3,0,4,1,1,0,48.5,Emergency
12:08:48,0,1,0,1,61,37.7,40,4,1,1,9,0,1,1,30.5,Emergency
12:08:57,0,1,1,1,30,38.0,3,11,2,3,8,1,0,1,15.0,Emergency
12:09:06,0,1,0,1,49,39.1,21,13,3,5,3,1,1,0,24.5,Emergency
12:09:15,1,0,1,1,84,44.1,37,24,4,9,9,1,0,0,42.0,Emergency
12:09:25,1,0,1,0,62,47.4,40,14,0,0,3,1,1,0,31.0,Emergency
12:09:34,0,1,0,0,37,43.6,11,8,4,1,8,0,1,0,18.5,Emergency
12:09:43,0,1,1,1,100,37.7,73,9,1,8,4,1,1,0,50.0,Emergency
12:09:53,1,1,1,1,54,39.0,31,10,0,1,6,0,1,1,27.0,Emergency
12:10:02,0,0,1,0,44,33.4,29,2,2,4,2,1,0,1,22.0,Emergency
12:10:11,1,0,0,1,100,44.2,71,11,2,6,7,0,1,1,50.0,Emergency
12:10:21,0,1,0,0,68,39.8,5,50,2,3,3,1,1,1,34.0,Emergency
12:10:30,1,1,1,0,56,44.9,19,20,1,8,7,0,0,0,28.0,Low
12:10:39,0,1,0,0,47,39.8,15,17,2,5,3,0,1,0,23.5,Emergency
12:10:49,1,1,0,1,118,33.3,64,43,1,6,0,1,1,1,59.0,Emergency
12:10:58,0,0,1,0,78,42.7,39,21,0,9,6,1,0,0,39.0,Emergency
12:11:07,1,0,1,1,72,32.2,12,43,2,9,3,0,0,1,36.0,Emergency
12:11:17,1,1,0,0,71,39.9,14,38,3,5,6,1,0,1,35.5,Emergency
12:11:26,1,1,1,1,61,42.3,41,4,1,8,6,0,0,0,30.5,Low
12:11:35,0,0,0,0,44,39.2,10,21,1,2,9,0,0,1,22.0,Emergency
12:11:45,1,1,1,0,24,36.4,2,13,1,5,0,1,1,1,12.0,Emergency
12:11:54,0,0,1,0,105,36.1,45,47,1,4,5,0,0,1,52.5,Emergency
12:12:03,1,1,0,0,107,42.6,52,35,4,8,2,1,1,0,53.5,Emergency
12:12:13,0,0,0,0,133,36.8,79,41,2,8,0,0,0,1,66.5,Emergency
12:12:22,1,0,1,1,112,36.5,56,35,2,5,9,1,1,0,56.0,Emergency
12:12:31,0,1,1,0,28,36.4,2,11,2,7,5,0,0,1,14.0,Emergency
12:12:41,1,1,1,0,25,44.1,1,16,1,2,3,1,1,0,12.5,Emergency
12:12:50,1,1,0,1,65,42.6,21,24,0,8,5,1,1,1,32.5,Emergency
12:12:59,0,1,0,0,79,41.4,39,26,4,1,7,1,0,1,39.5,Emergency
12:13:08,1,0,0,1,76,37.0,50,13,2,7,1,0,1,1,38.0,Emergency
12:13:18,0,0,1,1,44,42.2,16,13,0,6,5,1,1,1,22.0,Emergency
12:13:27,1,1,0,0,29,36.4,17,3,0,3,0,1,1,1,14.5,Emergency
12:13:36,1,1,1,0,41,41.1,26,5,0,7,1,0,1,1,20.5,Emergency
12:13:46,0,1,0,1,89,41.2,53,18,0,9,5,1,1,1,44.5,Emergency
12:13:55,1,1,1,0,34,34.4,15,10,3,1,3,1,0,0,17.0,Emergency
12:14:04,0,0,1,1,77,37.4,21,35,1,6,9,0,1,0,38.5,Emergency
12:14:14,0,1,1,1,55,31.1,33,11,0,3,5,0,0,0,27.5,Low
12:14:23,0,0,0,1,141,38.3,86,42,4,3,5,0,0,0,70.5,Medium
12:14:32,1,1,1,0,126,46.9,58,52,4,5,5,0,0,0,63.0,Medium
12:14:42,1,0,0,0,47,42.3,31,5,4,0,5,0,0,1,23.5,Emergency
12:14:51,1,0,1,1,28,36.4,20,1,2,1,3,0,0,0,14.0,Low
12:15:00,1,1,0,0,45,39.0,2,22,0,6,9,0,1,1,22.5,Emergency
12:15:10,0,1,0,0,72,35.5,11,35,3,7,9,1,1,1,36.0,Emergency
12:15:19,0,1,1,0,64,49.3,16,35,3,8,0,0,0,1,32.0,Emergency
12:15:28,1,0,1,0,56,41.9,5,28,4,8,8,0,0,0,28.0,Low
12:15:38,1,0,1,0,47,32.8,7,20,3,9,3,0,1,1,23.5,Emergency
12:15:47,1,1,0,0,115,40.7,40,54,3,4,8,1,0,1,57.5,Emergency
12:15:56,1,1,0,1,30,36.5,12,15,0,0,2,0,0,1,15.0,Emergency
12:16:06,0,1,0,1,60,39.0,16,30,1,5,6,0,1,0,30.0,Emergency
12:16:15,1,1,0,0,76,37.1,38,20,2,6,6,0,1,1,38.0,Emergency
12:16:24,1,0,0,1,128,44.5,56,57,0,6,6,0,1,0,64.0,Emergency
12:16:33,0,0,1,0,50,40.3,25,6,3,9,4,0,1,1,25.0,Emergency
12:16:43,0,1,0,1,72,42.2,7,48,4,7,1,1,0,0,36.0,Emergency
12:16:52,0,0,0,0,48,41.4,23,10,1,6,4,1,0,1,24.0,Emergency
12:17:01,1,0,1,0,109,46.3,80,9,1,7,9,0,0,1,54.5,Emergency
12:17:11,1,1,0,0,65,39.2,23,27,0,9,1,0,1,0,32.5,Emergency
12:17:20,0,1,1,1,75,48.4,22,43,1,8,0,0,0,1,37.5,Emergency
12:17:29,0,0,0,0,32,41.9,11,14,0,1,2,0,1,1,16.0,Emergency
12:17:39,0,1,1,0,124,43.3,34,73,1,7,5,1,1,0,62.0,Emergency
12:17:48,0,0,0,1,103,41.9,58,27,2,8,6,1,0,0,51.5,Emergency
12:17:57,1,1,1,1,44,40.8,15,13,4,1,9,1,0,0,22.0,Emergency
12:18:07,0,0,0,0,35,41.8,14,5,0,6,6,1,1,1,17.5,Emergency
12:18:16,0,1,0,1,35,40.6,10,13,2,8,0,0,1,0,17.5,Emergency
12:18:25,0,1,1,1,33,45.1,21,5,0,1,3,1,1,0,16.5,Emergency
12:18:35,0,0,1,0,64,44.5,9,39,1,6,8,1,0,0,32.0,Emergency
12:18:44,1,1,1,0,61,43.1,40,4,2,4,5,1,1,0,30.5,Emergency
12:18:53,0,0,1,1,67,41.8,40,7,3,8,3,1,0,1,33.5,Emergency
12:19:03,0,0,0,1,138,40.4,61,56,3,9,8,0,1,0,69.0,Emergency
12:19:12,0,1,1,1,39,37.7,19,6,0,8,2,0,0,1,19.5,Emergency
12:19:21,0,1,0,0,37,39.6,8,9,4,3,8,1,1,0,18.5,Emergency
12:19:31,0,0,0,0,50,44.2,18,27,2,0,1,1,0,0,25.0,Emergency
12:19:40,0,0,0,1,50,41.9,38,2,2,3,1,1,1,1,25.0,Emergency
12:19:49,0,1,0,1,61,45.0,18,19,4,9,9,0,0,0,30.5,Low
12:19:58,1,1,0,0,93,43.4,6,74,2,3,3,0,1,0,46.5,Emergency
12:20:08,1,1,1,0,98,44.8,21,60,4,4,5,0,1,0,49.0,Emergency
12:20:17,1,1,1,1,61,36.8,29,21,2,3,2,1,1,0,30.5,Emergency
12:20:26,1,0,1,0,73,33.5,11,46,0,9,4,1,1,0,36.5,Emergency
12:20:36,1,1,0,1,85,41.3,34,36,2,9,0,0,0,0,42.5,Low
12:20:45,1,0,1,0,72,33.8,18,37,1,2,9,1,1,0,36.0,Emergency
12:20:54,0,0,1,0,77,37.3,20,35,4,9,5,1,1,1,38.5,Emergency
12:21:04,0,0,1,1,110,37.4,17,75,2,5,6,0,1,0,55.0,Emergency
12:21:13,0,1,1,1,32,37.0,11,6,2,6,2,1,1,0,16.0,Emergency
12:21:22,1,1,0,1,58,42.1,27,16,1,7,4,0,1,0,29.0,Emergency
12:21:32,0,0,1,0,38,49.1,16,14,0,2,2,0,0,1,19.0,Emergency
12:21:41,0,1,1,1,60,46.7,12,29,0,6,9,0,1,1,30.0,Emergency
12:21:50,0,0,1,0,51,32.7,38,1,2,4,2,0,1,1,25.5,Emergency
12:22:00,1,0,0,0,102,49.4,67,27,1,1,6,0,0,0,51.0,Medium
12:22:09,1,1,0,1,87,45.8,32,41,1,6,6,0,0,1,43.5,Emergency
12:22:18,0,1,1,0,61,39.9,29,19,3,5,3,0,0,1,30.5,Emergency
12:22:28,1,1,1,1,53,40.8,30,4,3,6,9,0,1,0,26.5,Emergency
12:22:37,1,0,0,1,55,45.0,25,11,3,9,2,1,1,1,27.5,Emergency
12:22:46,1,0,1,1,84,46.9,6,65,3,0,6,0,1,1,42.0,Emergency
12:22:56,1,0,0,1,62,42.4,42,4,1,7,7,0,1,0,31.0,Emergency
12:23:05,1,0,1,1,83,37.3,15,55,3,5,4,0,0,1,41.5,Emergency
12:23:14,0,1,0,0,51,34.5,37,4,0,1,4,1,0,1,25.5,Emergency
12:23:23,0,0,0,1,34,43.6,4,19,2,0,5,1,0,1,17.0,Emergency
12:23:33,0,0,1,1,66,44.6,20,41,0,2,1,0,0,1,33.0,Emergency
12:23:42,0,1,0,1,33,42.2,0,20,4,5,1,1,1,1,16.5,Emergency
12:23:51,1,1,0,0,23,45.2,1,6,0,2,8,0,1,1,11.5,Emergency
12:24:01,1,1,0,0,70,39.8,19,31,2,7,9,0,0,0,35.0,Low
12:24:10,0,1,1,1,27,40.8,7,4,2,9,2,0,0,0,13.5,Low
12:24:19,1,0,1,0,59,51.1,35,17,1,1,2,1,0,1,29.5,Emergency
12:24:29,0,0,1,0,38,43.0,18,6,1,0,9,1,0,0,19.0,Emergency
12:24:38,1,1,1,1,47,50.2,17,11,0,6,7,1,1,1,23.5,Emergency
12:24:47,0,1,0,0,34,39.2,19,0,1,6,7,1,0,0,17.0,Emergency
12:24:57,1,0,0,1,110,40.1,72,19,3,7,6,0,0,1,55.0,Emergency
12:25:06,1,0,1,0,71,51.2,9,45,4,8,2,1,1,0,35.5,Emergency
12:25:15,0,1,1,0,65,44.7,21,33,1,0,8,0,1,1,32.5,Emergency
12:25:25,0,0,1,1,41,41.5,17,15,3,3,2,0,1,0,20.5,Emergency
12:25:34,1,0,0,0,33,41.9,6,6,1,7,7,1,0,1,16.5,Emergency
12:25:43,1,0,0,1,30,39.0,4,12,2,0,8,1,1,1,15.0,Emergency
12:25:53,1,1,1,1,35,41.1,16,10,1,4,1,0,1,0,17.5,Emergency
12:26:02,1,0,0,0,76,33.4,24,39,0,2,8,0,0,0,38.0,Low
12:26:11,0,1,1,1,63,51.9,4,48,0,4,4,0,1,1,31.5,Emergency
12:26:21,0,0,1,0,37,39.1,25,1,2,3,0,1,0,1,18.5,Emergency
12:26:30,1,1,0,1,67,42.9,35,18,3,8,0,0,1,0,33.5,Emergency
12:26:39,1,1,1,1,47,45.0,9,17,0,7,9,0,1,0,23.5,Emergency
12:26:48,0,1,0,0,55,43.8,26,12,0,8,9,0,0,0,27.5,Low
12:26:58,1,1,1,1,42,49.9,4,21,3,5,9,0,0,0,21.0,Low
12:27:07,0,1,1,1,36,38.4,11,10,4,2,8,1,0,0,18.0,Emergency
12:27:16,0,1,0,0,86,48.4,44,21,2,9,3,1,1,1,43.0,Emergency
12:27:26,1,1,1,0,43,25.4,11,11,3,9,4,1,0,0,21.5,Emergency
12:27:35,1,0,0,0,52,32.8,17,18,3,1,9,1,1,1,26.0,Emergency
12:27:44,0,1,0,0,52,36.1,1,43,0,2,6,0,0,0,26.0,Low
12:27:54,1,1,1,0,51,33.3,24,13,3,1,9,0,0,1,25.5,Emergency
12:28:03,0,1,0,0,41,47.3,19,9,4,0,4,0,1,1,20.5,Emergency
12:28:12,0,1,0,0,82,54.8,42,28,2,9,0,0,0,0,41.0,Low
12:28:22,1,0,1,0,92,40.5,39,27,4,9,8,1,0,1,46.0,Emergency
12:28:31,1,1,1,0,108,41.2,58,23,3,9,8,1,1,1,54.0,Emergency
12:28:40,0,0,1,0,117,49.0,44,53,1,6,8,0,1,1,58.5,Emergency
12:28:50,1,1,0,0,57,47.2,30,10,1,1,8,1,1,1,28.5,Emergency
12:28:59,0,0,0,0,92,42.0,44,43,0,4,0,0,1,0,46.0,Emergency
12:29:08,1,0,0,1,72,44.9,7,53,3,3,3,1,0,1,36.0,Emergency
12:29:18,1,1,1,0,68,44.7,47,4,4,5,6,0,0,0,34.0,Low
12:29:27,0,0,1,0,82,44.8,35,33,4,2,3,1,1,1,41.0,Emergency
12:29:36,1,1,1,1,60,46.1,36,8,4,2,9,0,1,0,30.0,Emergency
12:29:46,0,1,0,1,97,38.1,34,49,4,8,0,0,1,0,48.5,Emergency
12:29:55,0,0,1,1,70,41.4,19,32,4,6,5,0,1,1,35.0,Emergency
12:30:04,0,0,1,0,70,35.8,41,14,2,9,1,1,0,1,35.0,Emergency
12:30:13,1,0,1,1,87,34.8,61,11,0,7,4,0,0,0,43.5,Low
12:30:23,0,0,1,1,38,45.0,11,15,3,1,6,0,0,0,19.0,Low
12:30:32,1,1,0,0,72,33.2,26,27,4,9,5,1,0,0,36.0,Emergency
12:30:41,0,1,0,1,40,32.6,17,13,1,5,1,0,0,1,20.0,Emergency
12:30:51,1,1,1,0,57,41.5,9,28,3,7,7,1,1,1,28.5,Emergency
12:31:00,1,1,1,1,64,44.5,22,31,1,2,2,0,1,1,32.0,Emergency
12:31:09,0,0,0,1,38,35.1,1,24,1,5,5,0,0,1,19.0,Emergency
12:31:19,0,0,1,0,92,48.1,45,30,0,9,5,1,1,0,46.0,Emergency
12:31:28,0,1,0,1,59,41.1,49,0,1,5,1,1,1,0,29.5,Emergency
12:31:37,0,1,1,1,70,31.6,33,20,2,5,8,1,1,0,35.0,Emergency
12:31:47,1,0,0,1,48,34.9,20,5,3,7,8,1,1,0,24.0,Emergency
12:31:56,1,0,1,1,52,36.0,34,16,0,0,2,0,0,0,26.0,Low
12:32:05,0,1,0,0,66,34.4,7,41,4,9,1,0,1,1,33.0,Emergency
12:32:15,0,1,0,1,68,39.8,31,16,4,9,4,0,1,1,34.0,Emergency
12:32:24,0,1,0,0,90,40.5,65,3,3,8,8,0,0,0,45.0,Low
12:32:33,1,0,1,0,77,42.2,25,46,3,0,0,1,1,1,38.5,Emergency
12:32:43,0,1,1,0,88,37.2,68,15,0,0,2,0,1,1,44.0,Emergency
12:32:52,1,0,0,0,39,40.9,30,5,0,4,0,0,0,0,19.5,Low
12:33:01,1,0,0,0,69,43.8,24,28,4,1,7,1,0,0,34.5,Emergency
12:33:11,0,0,1,0,40,47.2,7,12,4,5,8,1,0,1,20.0,Emergency
12:33:20,1,1,0,0,61,43.0,24,23,1,2,9,0,0,0,30.5,Low
12:33:29,1,0,0,1,55,38.5,26,13,3,3,7,0,1,0,27.5,Emergency
12:33:38,1,1,1,1,102,39.9,57,23,0,7,9,1,1,0,51.0,Emergency
12:33:48,1,1,1,0,93,45.7,67,14,3,3,5,0,0,0,46.5,Low
12:33:57,1,1,1,0,60,41.9,37,2,4,7,6,1,0,0,30.0,Emergency
12:34:06,0,1,0,1,42,35.8,11,20,4,3,0,0,0,1,21.0,Emergency
12:34:16,1,0,1,0,33,38.1,1,26,4,0,0,1,0,1,16.5,Emergency
12:34:25,1,1,1,0,54,37.0,39,2,0,3,4,1,0,1,27.0,Emergency
12:34:34,1,1,1,1,88,37.0,23,50,0,7,2,1,0,1,44.0,Emergency
12:34:44,1,1,1,0,57,26.2,39,0,2,6,9,0,0,0,28.5,Low
12:34:53,0,1,1,1,49,46.9,5,26,0,7,7,1,0,0,24.5,Emergency
12:35:02,1,0,1,0,37,39.1,6,17,4,3,4,1,1,1,18.5,Emergency
12:35:12,0,0,0,1,85,34.3,40,29,2,1,7,1,1,0,42.5,Emergency
12:35:21,0,0,0,0,51,39.0,23,15,3,1,2,1,1,1,25.5,Emergency
12:35:30,0,0,1,1,65,48.5,48,2,1,5,5,0,0,0,32.5,Low
12:35:40,1,1,1,0,123,37.3,76,35,4,3,2,1,1,1,61.5,Emergency
12:35:49,0,0,1,1,82,42.6,38,37,0,1,5,0,1,0,41.0,Emergency
12:35:58,0,0,0,1,42,42.8,0,28,2,6,4,0,1,0,21.0,Emergency
12:36:08,0,0,1,0,78,51.1,12,50,3,5,2,1,1,1,39.0,Emergency
12:36:17,0,1,1,0,92,37.4,40,34,4,8,2,1,0,0,46.0,Emergency
12:36:26,0,0,1,1,76,34.5,56,5,3,4,5,0,0,0,38.0,Low
12:36:36,1,0,1,0,55,46.0,23,12,1,6,8,0,1,0,27.5,Emergency
12:36:45,1,1,1,1,73,34.5,60,3,0,1,8,0,0,0,36.5,Low
12:36:54,0,1,0,1,48,44.4,22,11,2,8,3,0,0,0,24.0,Low
12:37:03,1,0,0,1,38,37.8,8,10,4,9,6,0,0,1,19.0,Emergency
12:37:13,0,0,0,1,113,36.0,31,63,3,1,9,1,1,0,56.5,Emergency
12:37:22,1,0,1,1,54,45.6,8,34,2,1,6,1,1,1,27.0,Emergency
12:37:31,1,0,1,0,79,46.1,37,32,2,3,2,0,0,1,39.5,Emergency
12:37:41,1,1,0,0,85,36.7,52,23,1,6,0,1,0,0,42.5,Emergency
12:37:50,0,1,1,1,48,29.0,26,5,1,8,1,1,1,1,24.0,Emergency
12:37:59,1,1,0,1,72,30.4,49,7,3,7,0,1,1,0,36.0,Emergency
12:38:09,1,0,1,0,102,37.2,43,44,4,0,7,0,0,1,51.0,Emergency
12:38:18,1,1,1,0,61,40.0,48,5,0,0,6,0,1,0,30.5,Emergency
12:38:27,1,0,0,1,100,47.6,30,48,2,8,7,0,0,1,50.0,Emergency
12:38:37,0,0,1,1,104,32.0,44,38,4,9,5,0,1,1,52.0,Emergency
12:38:46,0,0,0,1,91,37.9,39,36,3,0,8,0,1,0,45.5,Emergency
12:38:55,0,1,0,0,113,49.3,46,51,3,8,2,0,1,1,56.5,Emergency
12:39:05,0,0,0,0,73,45.4,11,37,2,9,9,0,1,1,36.5,Emergency
12:39:14,0,0,0,0,61,42.6,20,27,3,5,2,1,0,0,30.5,Emergency
12:39:23,1,1,1,1,44,38.8,27,2,0,2,7,1,1,0,22.0,Emergency
12:39:33,1,0,1,0,90,41.4,59,24,3,0,0,0,1,0,45.0,Emergency
12:39:42,1,1,1,0,59,45.3,31,11,2,4,9,1,1,0,29.5,Emergency
12:39:51,0,1,1,1,92,46.6,59,17,2,5,7,0,0,1,46.0,Emergency
12:40:01,1,1,0,1,63,31.9,14,34,4,4,1,1,1,1,31.5,Emergency
12:40:10,0,0,1,1,56,37.2,18,20,2,1,9,1,1,1,28.0,Emergency
12:40:19,1,1,0,1,85,36.8,52,20,1,8,3,0,0,1,42.5,Emergency
12:40:28,0,1,1,0,50,30.6,33,6,0,5,3,0,1,0,25.0,Emergency
12:40:38,0,0,1,0,27,31.0,13,1,4,1,4,0,0,1,13.5,Emergency
12:40:47,0,0,1,1,49,35.9,9,22,4,1,7,1,1,1,24.5,Emergency
12:40:56,1,1,0,0,76,36.7,28,35,4,6,3,0,0,0,38.0,Low
12:41:06,0,1,1,1,81,34.3,52,16,1,3,3,0,1,1,40.5,Emergency
12:41:15,1,1,1,0,77,43.7,35,26,3,0,8,1,0,0,38.5,Emergency
12:41:24,1,0,1,0,129,38.6,83,31,3,2,7,1,1,1,64.5,Emergency
12:41:34,1,1,1,0,80,34.6,52,6,4,9,6,0,0,1,40.0,Emergency
12:41:43,1,1,1,0,101,31.7,56,30,2,7,2,0,1,0,50.5,Emergency
12:41:52,0,1,0,0,27,42.0,3,12,1,6,0,1,0,1,13.5,Emergency
12:42:02,1,0,0,1,63,45.3,12,40,1,4,1,0,0,1,31.5,Emergency
12:42:11,1,1,0,1,72,45.5,39,18,3,4,2,1,0,1,36.0,Emergency
12:42:20,0,0,0,0,101,39.8,49,34,3,6,4,1,0,1,50.5,Emergency
12:42:30,0,0,1,0,32,39.7,6,22,0,2,1,0,0,0,16.0,Low
12:42:39,0,1,1,0,129,44.4,65,46,3,6,8,0,1,0,64.5,Emergency
12:42:48,0,1,1,0,41,39.9,14,9,2,8,5,0,1,1,20.5,Emergency
12:42:58,0,0,1,0,44,46.5,13,9,0,7,9,1,1,1,22.0,Emergency
12:43:07,1,0,1,0,47,39.6,6,30,0,5,2,0,0,0,23.5,Low
12:43:16,1,0,1,1,101,42.4,66,29,1,3,1,1,0,0,50.5,Emergency
12:43:26,1,0,1,1,75,40.5,29,34,1,2,4,0,1,1,37.5,Emergency
12:43:35,0,0,1,0,93,41.6,74,6,4,4,0,1,0,0,46.5,Emergency
12:43:44,0,0,0,1,114,37.7,60,38,0,6,7,0,0,0,57.0,Medium
12:43:53,0,0,1,1,57,45.1,43,6,2,1,0,0,1,1,28.5,Emergency
12:44:03,0,0,1,0,47,38.5,6,27,0,8,5,0,0,0,23.5,Low
12:44:12,1,0,0,1,79,41.1,36,22,4,9,4,0,0,0,39.5,Low
12:44:21,1,0,0,1,87,37.9,28,40,2,4,8,1,1,0,43.5,Emergency
12:44:31,0,1,1,1,26,45.0,15,4,0,1,1,1,0,1,13.0,Emergency
12:44:40,0,1,1,0,86,40.0,62,2,4,9,5,0,0,1,43.0,Emergency
12:44:49,0,1,0,1,60,36.4,17,22,4,2,8,1,1,1,30.0,Emergency
12:44:59,1,0,0,1,67,43.4,34,16,4,8,5,0,0,0,33.5,Low
12:45:08,0,0,0,1,126,39.1,62,51,1,6,4,0,0,0,63.0,Medium
12:45:17,0,0,1,1,51,46.3,7,32,3,2,1,1,1,1,25.5,Emergency
12:45:27,0,1,0,1,52,41.0,17,17,4,1,9,1,0,1,26.0,Emergency
12:45:36,1,1,0,1,60,35.2,41,3,2,7,5,1,0,0,30.0,Emergency
12:45:45,1,1,0,0,79,39.0,35,21,4,8,9,1,1,0,39.5,Emergency
12:45:55,1,1,0,1,123,44.9,92,13,0,8,9,0,0,1,61.5,Emergency
12:46:04,0,1,1,0,74,43.1,11,53,0,0,6,1,0,1,37.0,Emergency
12:46:13,1,1,0,0,117,38.2,26,80,1,2,4,1,1,0,58.5,Emergency
12:46:23,0,0,1,0,110,37.4,61,31,1,5,8,1,1,1,55.0,Emergency
12:46:32,0,1,1,0,37,40.2,18,7,1,0,5,1,0,1,18.5,Emergency
12:46:41,0,0,0,1,31,46.2,10,6,4,1,6,1,1,1,15.5,Emergency
12:46:51,0,1,1,0,94,46.0,57,21,1,9,5,0,1,0,47.0,Emergency
12:47:00,0,1,1,0,41,47.6,22,13,3,2,1,0,0,0,20.5,Low
12:47:09,0,1,0,0,142,38.0,78,41,4,6,9,1,1,0,71.0,Emergency
12:47:18,1,1,0,0,27,35.3,6,7,2,2,6,1,1,0,13.5,Emergency
12:47:28,0,1,1,0,24,40.8,6,10,1,0,6,1,0,0,12.0,Emergency
12:47:37,0,0,0,1,27,35.2,6,14,1,2,3,0,1,0,13.5,Emergency
12:47:46,1,1,0,1,57,43.6,27,18,0,3,6,1,0,1,28.5,Emergency
12:47:56,1,1,1,0,64,34.5,19,32,1,1,9,0,0,0,32.0,Low
12:48:05,1,0,0,1,65,44.3,14,36,4,3,4,1,1,0,32.5,Emergency
12:48:14,1,0,1,0,77,35.2,7,55,2,3,5,1,1,1,38.5,Emergency
12:48:24,1,1,0,1,55,46.9,3,40,4,1,6,0,0,1,27.5,Emergency
12:48:33,1,1,0,0,26,43.8,4,10,0,9,1,0,0,0,13.0,Low
12:48:42,0,1,1,1,120,42.0,70,38,2,4,0,1,1,0,60.0,Emergency
12:48:52,1,1,1,1,54,37.8,17,26,4,3,0,1,1,1,27.0,Emergency
12:49:01,1,1,0,0,36,32.7,19,2,0,3,9,0,0,1,18.0,Emergency
12:49:10,1,1,0,1,84,33.8,41,28,4,2,2,1,1,1,42.0,Emergency
12:49:20,0,1,1,0,28,36.9,13,4,4,1,1,0,1,0,14.0,Emergency
12:49:29,0,0,1,0,41,39.4,5,27,3,0,1,1,1,1,20.5,Emergency
12:49:38,0,0,1,1,92,44.6,14,62,2,0,9,0,1,1,46.0,Emergency
12:49:48,0,0,1,0,55,47.9,25,13,1,9,4,1,0,1,27.5,Emergency
12:49:57,1,1,1,0,127,40.2,76,42,2,0,1,0,1,1,63.5,Emergency
12:50:06,0,1,1,1,49,39.4,11,19,1,5,8,1,1,0,24.5,Emergency
12:50:16,1,1,0,1,78,41.6,35,27,2,6,7,0,0,0,39.0,Low
12:50:25,0,1,1,0,42,41.1,21,18,1,0,1,1,0,0,21.0,Emergency
12:50:34,0,1,1,0,36,33.5,13,9,2,7,2,1,1,0,18.0,Emergency
12:50:44,0,1,0,0,40,52.3,24,12,1,0,0,0,1,1,20.0,Emergency
12:50:53,0,0,1,1,88,42.8,60,10,3,4,9,0,0,0,44.0,Low
12:51:02,1,1,0,1,64,38.4,17,39,0,5,0,0,1,0,32.0,Emergency
12:51:11,0,1,1,0,41,38.7,17,0,3,9,6,1,0,1,20.5,Emergency
12:51:21,0,1,0,0,65,30.3,6,42,2,9,0,1,1,1,32.5,Emergency
12:51:30,0,1,1,0,28,36.7,14,4,0,7,2,0,0,0,14.0,Low
12:51:39,0,0,0,1,55,42.4,35,2,3,6,4,1,1,0,27.5,Emergency
12:51:49,1,0,0,1,65,30.1,38,11,2,5,7,0,0,1,32.5,Emergency
12:51:58,0,0,1,0,50,46.5,17,12,2,8,9,0,1,1,25.0,Emergency
12:52:07,1,1,0,1,43,32.6,32,3,3,1,1,0,1,1,21.5,Emergency
12:52:17,1,1,0,1,98,53.6,45,43,2,0,7,1,0,0,49.0,Emergency
12:52:26,1,1,1,1,147,30.4,75,52,4,6,8,1,0,1,73.5,Emergency
12:52:35,1,1,0,1,69,44.7,22,32,0,2,8,1,0,0,34.5,Emergency
12:52:45,0,1,1,0,53,38.1,19,16,3,9,2,1,0,1,26.5,Emergency
12:52:54,0,0,1,1,137,37.3,55,69,4,4,0,1,1,0,68.5,Emergency
12:53:03,0,1,1,0,38,33.0,16,7,3,0,8,0,1,1,19.0,Emergency
12:53:13,1,1,0,0,50,40.0,20,12,0,9,8,0,1,0,25.0,Emergency
12:53:22,0,1,0,0,75,33.6,35,22,3,1,8,1,1,0,37.5,Emergency
12:53:31,0,0,0,0,71,41.5,41,5,3,9,9,1,1,1,35.5,Emergency
12:53:41,1,1,0,0,56,39.6,33,6,0,9,4,0,0,0,28.0,Low
12:53:50,0,1,0,0,20,41.5,4,0,0,2,7,1,1,1,10.0,Emergency
12:53:59,0,1,1,1,18,43.1,1,9,4,3,0,0,0,0,9.0,Low
12:54:09,1,0,1,0,21,37.0,6,8,1,3,1,1,1,0,10.5,Emergency
12:54:18,1,0,1,0,62,38.7,26,27,2,3,0,1,0,0,31.0,Emergency
12:54:27,1,1,0,0,98,41.9,77,14,3,1,0,1,1,1,49.0,Emergency
12:54:36,1,0,1,1,34,37.8,6,8,0,6,9,1,1,0,17.0,Emergency
12:54:46,1,0,1,0,26,33.7,6,12,4,3,0,0,0,1,13.0,Emergency
12:54:55,1,0,0,1,37,32.7,13,10,4,3,1,1,0,1,18.5,Emergency
12:55:04,0,1,0,0,48,40.4,4,27,4,3,9,0,0,0,24.0,Low
12:55:14,1,1,0,1,69,44.0,32,14,2,9,8,0,0,0,34.5,Low
12:55:23,1,0,0,0,88,40.0,33,39,3,3,7,0,0,1,44.0,Emergency
12:55:32,0,1,0,1,35,44.0,5,22,1,0,2,1,1,0,17.5,Emergency
12:55:42,0,0,0,0,81,40.5,39,25,2,6,6,1,1,1,40.5,Emergency
12:55:51,0,0,0,0,49,39.1,36,0,1,3,8,0,0,0,24.5,Low
12:56:00,0,0,1,1,106,44.8,44,49,3,3,2,1,1,0,53.0,Emergency
12:56:10,0,0,1,1,63,33.1,26,14,1,8,9,1,0,1,31.5,Emergency
12:56:19,0,1,1,0,28,39.2,2,6,3,9,5,1,1,0,14.0,Emergency
12:56:28,1,0,1,0,32,44.0,9,8,1,7,5,0,0,1,16.0,Emergency
12:56:38,0,0,1,1,101,38.2,51,34,3,3,7,1,0,0,50.5,Emergency
12:56:47,0,0,1,0,66,39.7,31,19,1,2,8,1,0,0,33.0,Emergency
12:56:56,0,1,1,1,91,38.6,57,22,1,1,6,1,0,1,45.5,Emergency
12:57:06,1,0,0,1,61,35.6,39,7,4,2,5,1,0,0,30.5,Emergency
12:57:15,0,1,0,0,52,38.4,24,18,1,3,1,0,0,1,26.0,Emergency
12:57:24,0,1,0,1,86,38.2,49,19,3,3,9,1,1,1,43.0,Emergency
12:57:34,1,1,1,1,78,39.1,7,54,2,7,3,1,0,0,39.0,Emergency
12:57:43,1,1,1,0,122,38.6,62,40,4,8,4,1,0,1,61.0,Emergency
12:57:52,0,0,0,1,58,40.4,20,30,0,3,3,0,0,0,29.0,Low
12:58:01,0,0,1,1,70,50.6,23,39,0,4,1,1,1,0,35.0,Emergency
12:58:11,1,0,1,1,33,30.9,10,2,3,7,4,1,1,1,16.5,Emergency
12:58:20,0,1,0,1,95,41.0,38,42,2,4,8,0,0,0,47.5,Low
12:58:29,1,1,0,0,110,42.1,68,33,2,0,3,1,1,1,55.0,Emergency
12:58:39,0,0,1,1,50,38.6,6,28,3,5,5,0,1,0,25.0,Emergency
12:58:48,1,0,1,1,37,48.3,7,16,3,5,1,0,1,1,18.5,Emergency
12:58:57,1,0,1,0,67,46.5,39,8,4,5,5,1,1,1,33.5,Emergency
12:59:07,0,1,1,1,34,43.5,15,5,1,5,5,1,0,0,17.0,Emergency
12:59:16,1,0,0,1,110,41.0,68,24,0,7,6,1,1,1,55.0,Emergency
12:59:25,1,1,0,1,59,30.4,22,22,3,4,5,1,0,1,29.5,Emergency
12:59:35,1,0,0,1,60,33.5,35,6,1,4,9,1,1,0,30.0,Emergency
12:59:44,1,1,0,1,58,36.4,31,13,3,6,0,0,1,0,29.0,Emergency
12:59:53,1,0,0,0,48,41.9,27,0,4,8,6,0,0,0,24.0,Low
13:00:03,0,0,1,1,30,36.8,4,16,3,3,2,1,0,0,15.0,Emergency
13:00:12,1,0,0,0,101,38.7,74,9,1,6,5,0,1,1,50.5,Emergency
13:00:21,1,0,0,1,60,46.2,24,23,1,1,6,1,0,0,30.0,Emergency
13:00:31,0,1,0,0,55,38.6,29,14,2,0,5,1,1,0,27.5,Emergency
13:00:40,1,1,0,0,42,40.1,24,5,1,2,6,0,0,0,21.0,Low
13:00:49,0,0,0,0,128,34.9,91,24,0,0,8,0,1,1,64.0,Emergency
13:00:59,0,1,0,0,107,37.1,36,55,2,6,2,0,1,1,53.5,Emergency
13:01:08,1,0,0,1,42,49.0,24,0,4,5,3,1,0,1,21.0,Emergency
13:01:17,1,1,1,0,44,37.3,19,10,4,2,7,0,0,0,22.0,Low
13:01:26,0,0,1,0,34,43.9,2,17,4,0,4,1,1,1,17.0,Emergency
13:01:36,0,1,0,1,85,46.3,54,26,2,2,0,0,0,0,42.5,Low
13:01:45,0,1,1,1,98,36.5,74,9,3,6,4,0,0,1,49.0,Emergency
13:01:54,0,0,0,1,82,47.4,46,28,0,5,0,0,1,1,41.0,Emergency
13:02:04,1,0,1,1,54,44.4,40,2,1,1,8,1,1,0,27.0,Emergency
13:02:13,1,0,1,0,85,36.9,24,43,0,6,7,0,1,0,42.5,Emergency
13:02:22,1,0,1,0,107,41.5,42,49,0,3,6,1,1,1,53.5,Emergency
13:02:32,1,0,1,1,36,35.3,18,8,2,2,0,0,1,1,18.0,Emergency
13:02:41,1,0,1,1,36,40.4,0,24,1,6,1,0,0,1,18.0,Emergency
13:02:50,1,0,1,0,119,44.2,43,57,0,5,9,1,1,0,59.5,Emergency
13:03:00,1,0,0,1,111,36.9,51,44,3,3,6,0,1,1,55.5,Emergency
13:03:09,0,0,0,0,44,42.1,10,12,4,5,9,0,0,1,22.0,Emergency
13:03:18,0,1,0,0,28,46.5,6,7,4,3,2,1,1,0,14.0,Emergency
13:03:28,0,0,0,1,47,38.5,11,16,1,8,9,0,0,1,23.5,Emergency
13:03:37,1,0,0,1,54,39.0,3,37,4,7,0,0,1,0,27.0,Emergency
13:03:46,0,0,0,0,19,37.4,1,3,4,6,5,0,0,0,9.5,Low
13:03:56,1,0,0,1,102,30.9,60,32,1,1,2,1,1,0,51.0,Emergency
13:04:05,1,0,0,0,109,35.7,64,34,0,6,1,1,0,1,54.5,Emergency
13:04:14,1,1,1,1,100,37.0,41,40,2,7,6,1,1,1,50.0,Emergency
13:04:24,0,0,0,0,48,41.6,15,21,3,7,0,0,1,1,24.0,Emergency
13:04:33,0,1,0,1,59,46.4,38,8,0,3,6,0,0,1,29.5,Emergency
13:04:42,1,0,0,0,68,43.7,51,7,4,2,1,0,1,1,34.0,Emergency
13:04:51,1,1,1,0,96,41.5,84,0,3,1,5,0,1,0,48.0,Emergency
13:05:01,1,1,0,1,55,43.3,24,21,0,4,4,0,0,1,27.5,Emergency
13:05:10,1,0,1,0,74,34.4,9,46,3,9,1,1,1,1,37.0,Emergency
13:05:19,1,1,0,0,79,39.6,40,19,1,9,8,0,1,0,39.5,Emergency
13:05:29,0,0,0,0,55,51.4,10,29,3,3,7,0,0,1,27.5,Emergency
13:05:38,1,1,0,0,33,40.3,14,3,4,0,6,1,1,0,16.5,Emergency
13:05:47,0,0,0,1,80,42.6,9,56,3,4,4,0,0,0,40.0,Low
13:05:57,1,1,0,0,115,44.8,77,17,1,6,9,0,0,1,57.5,Emergency
13:06:06,0,1,1,0,117,42.2,60,43,2,5,4,0,1,1,58.5,Emergency
13:06:15,1,1,1,1,58,45.4,32,20,3,1,1,0,0,0,29.0,Low
13:06:25,0,1,0,0,36,43.4,13,9,1,6,2,1,1,1,18.0,Emergency
13:06:34,1,1,1,1,97,32.0,40,41,4,8,4,0,0,0,48.5,Low
13:06:43,1,1,0,1,90,39.9,33,49,1,0,2,1,0,1,45.0,Emergency
13:06:53,0,0,1,1,43,42.3,22,10,2,4,3,1,0,0,21.5,Emergency
13:07:02,1,1,0,0,97,38.4,22,57,3,4,7,0,0,1,48.5,Emergency
13:07:11,1,1,1,0,64,37.8,31,16,1,2,9,1,1,0,32.0,Emergency
13:07:21,1,1,0,1,56,42.2,11,24,1,9,5,0,1,1,28.0,Emergency
13:07:30,0,0,1,0,100,37.8,27,53,3,3,8,1,1,0,50.0,Emergency
13:07:39,0,1,0,1,68,46.1,36,17,1,5,8,0,0,0,34.0,Low
13:07:49,0,0,1,0,113,35.3,55,30,4,9,9,1,1,0,56.5,Emergency
13:07:58,0,0,0,1,45,31.5,14,13,4,4,9,0,1,0,22.5,Emergency
13:08:07,0,0,1,1,123,46.0,91,20,2,7,1,1,1,0,61.5,Emergency
13:08:16,0,1,0,0,43,38.6,11,13,2,4,8,1,1,1,21.5,Emergency
13:08:26,0,0,1,0,86,46.3,17,60,3,2,2,0,1,1,43.0,Emergency
13:08:35,0,0,0,0,45,40.7,5,22,0,3,9,1,1,0,22.5,Emergency
13:08:44,0,0,1,1,38,35.0,26,6,2,1,1,0,0,0,19.0,Low
13:08:54,0,1,0,0,56,33.9,29,17,1,3,5,0,0,0,28.0,Low
13:09:03,0,0,0,1,97,33.0,54,26,3,5,5,0,1,1,48.5,Emergency
13:09:12,0,1,0,0,111,42.6,42,57,1,5,3,1,0,0,55.5,Emergency
13:09:22,0,1,1,1,61,37.1,28,22,3,5,0,1,0,1,30.5,Emergency
13:09:31,1,1,0,1,81,30.0,41,24,1,6,6,1,0,0,40.5,Emergency
13:09:40,0,0,1,0,49,36.7,23,13,3,3,2,0,1,0,24.5,Emergency
13:09:50,1,1,0,0,92,39.2,39,39,1,3,8,1,1,0,46.0,Emergency
13:09:59,1,1,0,1,49,37.9,17,11,1,9,7,0,1,1,24.5,Emergency
13:10:08,0,0,1,1,50,41.7,24,4,4,9,7,1,0,0,25.0,Emergency
13:10:18,1,1,1,1,66,40.6,18,39,1,1,3,1,0,0,33.0,Emergency
13:10:27,0,1,1,0,47,52.0,33,3,2,1,7,0,0,0,23.5,Low
13:10:36,0,0,0,1,21,41.7,7,1,1,4,4,0,1,1,10.5,Emergency
13:10:46,0,0,1,1,47,44.1,3,32,0,7,3,1,0,1,23.5,Emergency
13:10:55,1,0,0,0,72,36.7,22,33,3,3,5,1,1,1,36.0,Emergency
13:11:04,1,1,1,1,66,45.1,43,1,4,8,5,0,0,1,33.0,Emergency
13:11:14,0,0,1,1,73,37.6,31,33,2,0,1,1,0,1,36.5,Emergency
13:11:23,1,1,0,1,60,26.1,8,29,4,9,8,1,0,1,30.0,Emergency
13:11:32,0,0,0,1,104,40.0,6,78,2,7,6,0,1,1,52.0,Emergency
13:11:41,1,1,0,0,96,40.8,49,35,3,1,4,1,0,0,48.0,Emergency
13:11:51,1,1,1,1,29,37.2,0,16,1,9,2,1,0,0,14.5,Emergency
13:12:00,1,0,1,1,40,40.9,17,6,3,3,8,1,1,0,20.0,Emergency
13:12:09,0,1,1,1,112,46.5,58,43,0,3,3,0,1,0,56.0,Emergency
13:12:19,1,0,1,0,91,49.5,40,35,1,5,5,0,0,1,45.5,Emergency
13:12:28,1,0,0,1,33,38.7,23,9,0,0,0,0,0,0,16.5,Low
13:12:37,0,1,1,1,77,32.5,4,54,2,8,4,0,1,1,38.5,Emergency
13:12:47,1,1,0,0,30,47.8,13,4,4,5,1,1,1,0,15.0,Emergency
13:12:56,1,0,1,0,38,35.8,12,3,4,9,6,0,1,1,19.0,Emergency
13:13:05,1,0,1,1,56,38.2,39,3,2,8,4,0,0,0,28.0,Low
13:13:15,0,1,0,0,99,39.6,8,76,3,3,9,0,0,0,49.5,Low
13:13:24,1,1,0,1,102,39.2,53,31,2,8,3,1,0,0,51.0,Emergency
13:13:33,1,0,0,1,48,38.2,18,8,3,9,5,1,0,0,24.0,Emergency
13:13:43,0,0,0,0,120,32.8,27,77,0,3,9,0,0,1,60.0,Emergency
13:13:52,0,1,0,0,21,47.3,4,6,0,7,1,0,1,1,10.5,Emergency
13:14:01,0,0,0,1,67,30.0,0,49,3,3,7,0,1,1,33.5,Emergency
13:14:11,1,1,0,1,66,40.5,45,3,4,5,8,0,0,1,33.0,Emergency
13:14:20,0,1,0,1,96,38.6,34,44,4,5,6,0,1,0,48.0,Emergency
13:14:29,0,0,0,1,53,47.5,3,29,2,9,6,0,0,1,26.5,Emergency
13:14:39,1,1,1,1,30,40.0,12,6,1,3,5,1,1,1,15.0,Emergency
13:14:48,1,0,0,0,51,41.8,13,21,4,5,7,1,0,0,25.5,Emergency
13:14:57,1,0,0,0,95,36.3,31,50,4,8,0,0,0,1,47.5,Emergency
13:15:06,1,0,1,0,36,27.9,14,3,0,8,5,1,1,1,18.0,Emergency
13:15:16,1,1,0,0,77,42.4,57,2,4,9,3,1,1,0,38.5,Emergency
13:15:25,0,1,0,0,55,45.5,35,7,1,6,1,1,0,0,27.5,Emergency
13:15:34,0,0,0,0,98,42.1,38,35,4,8,8,1,1,1,49.0,Emergency
13:15:44,0,1,1,0,57,38.4,33,15,2,1,5,0,1,0,28.5,Emergency
13:15:53,1,1,0,1,37,39.1,16,3,3,7,5,1,0,1,18.5,Emergency
13:16:02,1,1,1,0,109,40.6,73,27,3,0,5,0,0,0,54.5,Medium
13:16:12,1,1,1,1,76,43.9,16,50,4,1,0,0,1,0,38.0,Emergency
13:16:21,0,1,1,0,82,37.6,49,11,4,8,3,1,1,1,41.0,Emergency
13:16:30,1,0,1,0,24,32.4,14,0,3,2,1,0,1,0,12.0,Emergency
13:16:40,1,0,0,1,58,40.9,27,17,3,1,7,1,1,1,29.0,Emergency
13:16:49,1,1,1,0,127,40.2,78,36,3,1,6,1,0,1,63.5,Emergency
13:16:58,0,0,0,1,108,45.4,36,50,4,8,7,1,1,1,54.0,Emergency
13:17:08,1,0,1,1,42,34.1,29,3,0,0,5,1,0,0,21.0,Emergency
13:17:17,1,1,0,1,92,37.6,15,54,0,9,8,1,1,1,46.0,Emergency
13:17:26,0,0,1,0,58,35.2,41,6,0,7,0,0,1,0,29.0,Emergency
13:17:36,1,0,1,1,41,40.1,28,3,2,3,1,1,0,0,20.5,Emergency
13:17:45,1,1,1,1,95,41.3,65,24,2,0,2,0,0,0,47.5,Low
13:17:54,0,0,0,0,16,43.2,2,5,1,1,5,1,0,1,8.0,Emergency
13:18:04,0,0,1,0,108,42.7,55,49,3,1,0,0,0,0,54.0,Medium
13:18:13,1,1,0,1,128,46.1,83,35,1,0,5,1,1,1,64.0,Emergency
13:18:22,0,0,1,0,128,42.6,72,34,3,9,5,1,1,1,64.0,Emergency
13:18:31,0,1,1,0,33,40.0,4,8,4,6,8,0,0,0,16.5,Low
13:18:41,1,1,1,0,44,34.1,16,10,4,3,6,1,1,0,22.0,Emergency
13:18:50,1,1,0,0,75,39.2,18,36,4,7,6,1,0,0,37.5,Emergency
13:18:59,0,1,1,0,74,36.0,59,5,2,0,5,1,1,1,37.0,Emergency
13:19:09,0,1,1,1,89,42.5,48,20,2,6,8,1,0,0,44.5,Emergency
13:19:18,0,0,0,1,89,44.3,68,6,2,3,8,0,1,1,44.5,Emergency
13:19:27,0,0,1,0,51,37.6,31,7,0,9,0,0,1,0,25.5,Emergency
13:19:37,1,1,1,0,65,40.2,46,5,1,7,5,1,0,0,32.5,Emergency
13:19:46,1,0,0,1,102,37.9,63,24,4,5,3,1,0,0,51.0,Emergency
13:19:55,0,0,0,1,85,42.0,37,25,4,7,8,0,0,0,42.5,Low
13:20:05,0,1,0,1,46,35.6,23,8,0,9,2,0,1,0,23.0,Emergency
13:20:14,1,0,0,0,99,34.5,77,10,2,0,6,0,1,0,49.5,Emergency
13:20:23,1,1,1,1,38,41.2,13,7,1,9,2,1,1,0,19.0,Emergency
13:20:33,0,1,1,0,124,44.0,72,31,3,9,4,0,0,1,62.0,Emergency
13:20:42,0,1,1,0,132,35.6,59,63,0,1,6,1,0,1,66.0,Emergency
13:20:51,0,0,1,1,110,42.0,64,34,2,5,3,0,0,0,55.0,Medium
13:21:01,1,1,1,1,42,39.5,5,25,2,9,1,0,0,0,21.0,Low
13:21:10,1,1,0,0,152,39.5,90,46,0,6,6,0,1,0,76.0,Emergency
13:21:19,0,1,0,0,28,40.3,1,16,0,5,0,1,1,0,14.0,Emergency
13:21:29,0,0,0,0,18,32.6,1,1,1,0,8,1,1,1,9.0,Emergency
13:21:38,1,1,0,1,52,38.9,13,19,1,7,7,0,1,1,26.0,Emergency
13:21:47,0,1,0,1,68,34.9,47,10,3,2,1,0,0,1,34.0,Emergency
13:21:56,0,0,1,0,38,34.5,13,14,0,3,6,1,0,0,19.0,Emergency
13:22:06,0,0,0,1,89,33.1,50,22,0,6,8,1,0,1,44.5,Emergency
13:22:15,1,1,1,0,45,42.0,17,13,2,8,2,1,0,1,22.5,Emergency
13:22:24,1,0,1,1,82,44.1,44,13,4,8,8,1,1,1,41.0,Emergency
13:22:34,1,0,0,0,52,48.3,17,28,2,1,3,0,1,0,26.0,Emergency
13:22:43,1,0,0,0,55,38.9,21,17,0,9,3,1,1,1,27.5,Emergency
13:22:52,0,0,1,0,64,42.7,41,8,2,8,1,0,0,1,32.0,Emergency
13:23:02,1,1,1,0,32,47.9,11,10,2,3,1,1,1,1,16.0,Emergency
13:23:11,0,0,0,1,97,35.8,74,10,4,1,2,1,1,0,48.5,Emergency
13:23:20,0,0,0,1,95,35.9,14,66,0,8,2,1,1,1,47.5,Emergency
13:23:30,0,1,1,0,49,38.9,20,17,0,3,3,0,1,1,24.5,Emergency
13:23:39,1,0,1,1,67,39.9,9,34,4,7,9,1,1,1,33.5,Emergency
13:23:48,0,1,0,1,42,44.4,13,13,4,4,3,0,0,1,21.0,Emergency
13:23:58,0,1,0,0,71,34.1,25,28,4,5,4,0,0,1,35.5,Emergency
13:24:07,0,1,1,0,73,42.3,15,39,2,4,6,1,1,1,36.5,Emergency
13:24:16,0,1,1,1,30,33.2,11,5,4,4,0,1,1,0,15.0,Emergency
13:24:26,0,1,1,0,34,41.3,2,23,4,1,1,1,0,1,17.0,Emergency
13:24:35,1,0,1,1,79,43.5,24,40,0,2,8,0,1,0,39.5,Emergency
13:24:44,1,0,0,0,57,45.5,38,5,3,5,2,0,0,0,28.5,Low
13:24:54,1,0,0,0,56,39.3,20,16,2,6,8,0,1,1,28.0,Emergency
13:25:03,1,0,0,1,43,35.9,28,7,1,0,3,0,0,0,21.5,Low
13:25:12,0,0,1,1,98,43.7,23,64,0,3,5,0,0,0,49.0,Low
13:25:22,0,0,0,1,107,38.6,30,63,4,0,4,0,1,1,53.5,Emergency
13:25:31,1,1,0,0,47,29.6,30,3,4,5,1,1,1,0,23.5,Emergency
13:25:40,0,0,1,1,50,46.8,27,15,0,4,0,0,1,1,25.0,Emergency
13:25:49,1,1,0,1,64,37.3,1,50,2,5,0,0,1,1,32.0,Emergency
13:25:59,1,0,0,0,58,33.1,0,38,4,6,4,1,1,0,29.0,Emergency
13:26:08,0,1,1,0,77,46.9,49,3,4,8,7,0,1,1,38.5,Emergency
13:26:17,1,0,1,0,108,36.0,87,16,3,0,0,1,0,1,54.0,Emergency
13:26:27,0,1,0,1,54,42.2,26,15,3,1,5,0,0,1,27.0,Emergency
13:26:36,1,0,0,1,65,32.3,25,20,4,8,7,1,0,0,32.5,Emergency
13:26:45,0,1,1,1,54,34.3,1,34,2,5,9,0,0,0,27.0,Low
13:26:55,0,0,1,0,92,39.5,55,22,3,7,4,0,0,1,46.0,Emergency
13:27:04,1,0,1,1,52,44.0,25,14,2,0,6,1,0,1,26.0,Emergency
13:27:13,1,0,0,1,64,50.8,20,32,1,4,6,0,1,0,32.0,Emergency
13:27:23,0,1,1,0,142,42.4,85,39,1,6,8,0,0,0,71.0,Medium
13:27:32,1,0,1,1,87,44.0,26,46,0,9,3,0,0,1,43.5,Emergency
13:27:41,1,0,0,1,47,39.3,6,29,4,1,5,1,1,0,23.5,Emergency
13:27:51,0,0,0,0,60,32.6,14,28,3,7,7,1,0,0,30.0,Emergency
13:28:00,1,1,1,1,60,47.2,39,5,3,2,8,1,1,1,30.0,Emergency
13:28:09,1,1,1,1,38,46.4,15,13,0,5,3,0,1,0,19.0,Emergency
13:28:19,0,0,1,0,93,46.8,56,22,4,4,6,0,1,0,46.5,Emergency
13:28:28,0,0,0,1,108,39.8,46,49,3,2,6,1,0,0,54.0,Emergency
13:28:37,0,1,1,0,52,42.5,14,25,1,7,2,0,1,0,26.0,Emergency
13:28:47,1,0,1,0,61,44.8,35,13,1,0,7,0,0,1,30.5,Emergency
13:28:56,1,0,0,1,30,33.7,21,1,3,0,3,1,0,0,15.0,Emergency
13:29:05,0,0,0,1,131,50.5,57,55,4,8,5,0,1,1,65.5,Emergency
13:29:14,0,1,1,1,84,40.6,59,14,3,3,0,0,0,1,42.0,Emergency
13:29:24,0,1,1,0,43,46.1,23,7,3,8,0,0,1,1,21.5,Emergency
13:29:33,0,0,1,0,41,42.0,5,19,3,4,6,1,0,1,20.5,Emergency
13:29:42,1,0,1,0,76,39.0,17,39,2,9,3,0,1,1,38.0,Emergency
13:29:52,1,1,1,0,86,41.8,46,24,0,4,7,0,0,1,43.0,Emergency
13:30:01,0,0,0,1,78,42.3,39,20,4,7,4,0,0,0,39.0,Low
13:30:10,0,0,1,1,43,39.8,13,18,4,2,3,0,1,0,21.5,Emergency
13:30:20,1,1,0,0,86,40.1,37,23,3,8,9,1,1,0,43.0,Emergency
13:30:29,1,1,0,0,17,38.4,1,5,1,2,6,1,0,1,8.5,Emergency
13:30:38,1,0,0,0,68,39.7,62,0,0,0,4,0,0,0,34.0,Low
13:30:48,1,0,0,0,36,40.2,0,19,3,3,9,1,1,0,18.0,Emergency
13:30:57,0,0,1,1,91,49.8,12,60,4,4,8,1,1,1,45.5,Emergency
13:31:06,1,0,0,1,116,32.7,74,35,0,3,0,1,1,0,58.0,Emergency
13:31:16,1,1,0,1,67,37.9,58,3,2,0,2,0,1,0,33.5,Emergency
13:31:25,1,1,1,0,109,33.1,59,33,0,8,4,1,1,1,54.5,Emergency
13:31:34,0,0,0,1,99,49.7,26,60,4,3,3,0,1,1,49.5,Emergency
13:31:44,1,1,1,1,130,37.3,86,31,2,6,0,1,0,1,65.0,Emergency
13:31:53,1,0,1,0,47,39.1,22,18,2,1,3,0,1,0,23.5,Emergency
13:32:02,1,1,0,0,82,44.8,36,28,4,3,6,1,1,0,41.0,Emergency
13:32:12,1,0,1,0,130,43.3,71,47,0,2,3,1,1,1,65.0,Emergency
13:32:21,0,0,1,1,72,44.0,5,55,1,4,3,1,0,0,36.0,Emergency
13:32:30,0,1,1,0,26,40.1,13,3,0,0,6,1,0,1,13.0,Emergency
13:32:39,1,0,1,0,48,39.0,28,8,2,2,6,0,0,0,24.0,Low
13:32:49,0,1,1,0,49,34.4,14,20,4,9,1,1,0,0,24.5,Emergency
13:32:58,0,0,1,0,59,37.2,16,30,4,2,6,1,0,0,29.5,Emergency
13:33:07,1,1,0,0,21,36.6,6,4,4,6,0,0,0,0,10.5,Low
13:33:17,1,1,0,0,94,37.2,60,14,4,8,4,0,1,0,47.0,Emergency
13:33:26,0,0,1,0,101,37.6,46,45,4,3,0,1,1,1,50.5,Emergency
13:33:35,1,1,0,0,29,44.7,15,0,1,1,5,1,1,1,14.5,Emergency
13:33:45,0,1,1,1,21,48.5,1,6,4,2,5,1,1,1,10.5,Emergency
13:33:54,0,1,0,1,86,36.6,18,47,1,9,8,0,0,0,43.0,Low
13:34:03,0,0,1,0,17,41.8,11,0,2,4,0,0,0,0,8.5,Low
13:34:13,0,0,1,1,54,31.1,2,31,3,9,5,1,0,1,27.0,Emergency
13:34:22,1,0,0,1,97,35.0,65,20,2,2,3,1,1,0,48.5,Emergency
13:34:31,0,0,0,0,43,49.6,20,15,1,0,6,0,0,1,21.5,Emergency
13:34:41,0,0,1,1,48,35.9,38,2,0,2,5,1,0,0,24.0,Emergency
13:34:50,1,1,1,1,27,40.6,14,0,4,1,2,0,1,1,13.5,Emergency
13:34:59,0,1,1,1,32,41.2,10,1,0,8,9,1,1,0,16.0,Emergency
13:35:09,1,1,0,0,106,38.3,73,19,0,4,5,1,1,0,53.0,Emergency
13:35:18,0,1,1,0,104,48.8,86,6,4,3,2,0,1,1,52.0,Emergency
13:35:27,0,0,1,0,106,42.3,54,35,2,9,0,1,1,0,53.0,Emergency
13:35:37,0,0,0,0,92,40.6,47,32,0,5,3,0,1,0,46.0,Emergency
13:35:46,0,0,1,1,65,42.0,22,29,0,2,7,1,0,0,32.5,Emergency
13:35:55,1,1,0,1,43,36.7,23,11,1,2,1,0,1,1,21.5,Emergency
13:36:04,0,1,0,1,45,43.5,26,8,3,3,3,0,1,0,22.5,Emergency
13:36:14,1,1,0,1,18,43.7,2,2,1,1,9,0,0,1,9.0,Emergency
13:36:23,1,0,1,1,71,46.2,56,1,4,1,3,1,1,0,35.5,Emergency
13:36:32,0,0,0,1,64,31.2,23,29,3,4,2,0,0,1,32.0,Emergency
13:36:42,0,1,1,0,53,32.8,26,12,1,4,4,0,1,1,26.5,Emergency
13:36:51,0,0,1,0,145,40.5,90,41,3,1,9,1,0,0,72.5,Emergency
13:37:00,0,1,1,0,65,29.5,25,20,0,7,6,1,1,1,32.5,Emergency
13:37:10,1,1,1,0,57,38.6,23,12,2,9,9,0,0,0,28.5,Low
13:37:19,0,1,1,0,64,38.8,23,25,1,8,2,1,0,0,32.0,Emergency
13:37:28,1,1,0,0,40,40.3,22,5,3,8,0,0,0,1,20.0,Emergency
13:37:38,0,1,0,0,117,32.8,60,43,3,1,7,0,0,1,58.5,Emergency
13:37:47,0,1,0,1,45,46.3,14,23,3,0,0,0,1,0,22.5,Emergency
13:37:56,1,1,0,1,51,44.7,29,12,3,3,0,0,0,0,25.5,Low
13:38:06,0,1,0,0,56,43.5,4,36,3,1,6,1,0,1,28.0,Emergency
13:38:15,0,1,0,1,46,50.2,15,16,3,7,1,0,0,0,23.0,Low
13:38:24,1,1,0,1,51,43.4,12,24,0,0,8,1,1,1,25.5,Emergency
13:38:34,1,0,0,1,97,44.1,34,45,3,1,9,1,0,1,48.5,Emergency
13:38:43,1,1,0,1,73,37.8,56,10,1,2,2,1,0,0,36.5,Emergency
13:38:52,0,0,1,1,102,34.4,75,10,2,9,0,1,1,0,51.0,Emergency
13:39:02,0,0,1,1,57,32.7,32,6,2,3,9,0,0,1,28.5,Emergency
13:39:11,0,0,1,0,50,45.0,0,35,4,3,6,0,0,0,25.0,Low
13:39:20,0,0,0,0,38,35.1,5,20,1,7,3,1,0,0,19.0,Emergency
13:39:29,1,1,1,1,75,31.3,59,2,1,4,8,0,1,0,37.5,Emergency
13:39:39,0,0,0,1,118,45.6,81,20,2,1,9,0,0,1,59.0,Emergency
13:39:48,0,0,1,0,29,39.8,8,6,4,5,0,0,1,1,14.5,Emergency
13:39:57,0,1,0,1,44,36.0,10,23,4,3,2,0,0,0,22.0,Low
13:40:07,0,1,1,0,30,39.0,17,6,0,2,0,1,0,0,15.0,Emergency
13:40:16,1,1,1,0,94,43.8,66,18,0,4,0,1,1,0,47.0,Emergency
13:40:25,1,0,1,0,62,36.2,13,36,2,4,4,1,1,1,31.0,Emergency
13:40:35,0,0,0,0,20,34.9,5,6,3,1,5,0,0,0,10.0,Low
13:40:44,0,1,0,0,66,40.9,20,29,4,8,1,1,1,0,33.0,Emergency
13:40:53,1,1,1,1,30,42.6,11,7,0,0,7,1,1,0,15.0,Emergency
13:41:03,1,1,0,1,64,45.0,34,23,0,4,1,0,0,1,32.0,Emergency
13:41:12,0,1,1,1,43,36.8,22,3,1,7,6,0,0,1,21.5,Emergency
13:41:21,0,1,0,0,72,41.2,39,17,4,4,2,1,1,0,36.0,Emergency
13:41:31,0,1,0,0,90,39.6,50,24,3,3,9,1,0,0,45.0,Emergency
13:41:40,0,0,1,0,72,44.9,25,27,3,5,6,0,1,1,36.0,Emergency
13:41:49,1,1,1,1,119,45.8,62,38,4,8,3,1,1,1,59.5,Emergency
13:41:59,0,0,0,0,47,35.7,24,8,3,8,1,0,1,1,23.5,Emergency
13:42:08,1,1,0,0,76,44.3,31,23,2,7,9,1,0,0,38.0,Emergency
13:42:17,0,0,1,0,63,46.1,32,18,4,0,5,1,0,0,31.5,Emergency
13:42:27,1,1,0,1,70,42.6,26,25,1,6,7,1,0,0,35.0,Emergency
13:42:36,1,0,1,0,91,38.8,40,30,0,8,8,1,0,1,45.5,Emergency
13:42:45,1,0,0,0,108,32.6,71,24,0,5,2,1,0,1,54.0,Emergency
13:42:54,0,1,1,1,59,43.3,35,13,4,2,0,0,1,0,29.5,Emergency
13:43:04,1,1,1,1,36,39.7,23,4,4,2,1,0,0,0,18.0,Low
13:43:13,1,0,0,1,49,36.2,38,0,1,2,5,1,1,0,24.5,Emergency
13:43:22,1,0,1,1,76,45.7,34,23,0,9,7,0,1,1,38.0,Emergency
13:43:32,0,1,1,1,116,38.9,76,16,4,8,9,1,1,1,58.0,Emergency
13:43:41,1,1,0,1,85,37.6,36,42,0,2,0,1,0,1,42.5,Emergency
13:43:50,1,0,1,0,53,40.6,4,36,3,8,0,0,1,0,26.5,Emergency
13:44:00,0,1,0,1,35,36.9,10,6,1,6,9,0,1,0,17.5,Emergency
13:44:09,0,0,0,0,72,36.2,61,0,1,1,5,1,1,0,36.0,Emergency
13:44:18,1,0,1,0,39,49.5,9,15,4,3,2,1,0,1,19.5,Emergency
13:44:28,1,1,1,1,51,44.5,18,18,3,4,4,1,0,0,25.5,Emergency
13:44:37,0,1,0,0,42,44.5,22,7,0,6,1,1,1,0,21.0,Emergency
13:44:46,1,1,0,1,51,41.8,15,22,1,8,0,1,0,0,25.5,Emergency
13:44:56,1,1,1,0,62,42.7,29,17,3,6,3,0,1,1,31.0,Emergency
13:45:05,1,0,1,1,73,39.3,27,35,0,3,5,0,0,1,36.5,Emergency
13:45:14,1,1,0,0,70,38.9,17,37,4,1,8,0,0,1,35.0,Emergency
13:45:24,0,0,0,0,58,43.6,31,7,4,6,9,0,0,1,29.0,Emergency
13:45:33,1,1,0,1,100,35.8,37,36,4,8,8,1,1,1,50.0,Emergency
13:45:42,0,0,0,1,46,41.9,31,6,1,7,0,0,0,1,23.0,Emergency
13:45:52,1,0,0,0,63,42.2,8,41,4,5,1,0,0,1,31.5,Emergency
13:46:01,1,1,1,0,58,44.8,14,28,3,9,2,0,0,1,29.0,Emergency
13:46:10,1,1,1,1,95,38.1,5,79,3,5,0,0,0,1,47.5,Emergency
13:46:19,1,0,0,1,69,36.4,2,48,4,7,3,1,1,0,34.5,Emergency
13:46:29,0,0,0,0,68,37.0,48,7,4,2,4,1,0,0,34.0,Emergency
13:46:38,1,0,0,0,80,44.1,56,24,0,0,0,0,0,0,40.0,Low
13:46:47,0,0,1,0,106,48.3,78,15,4,5,4,0,0,0,53.0,Medium
13:46:57,0,1,1,0,75,39.8,48,17,1,4,2,1,0,0,37.5,Emergency
13:47:06,1,1,1,1,111,32.7,46,53,4,3,1,1,1,1,55.5,Emergency
13:47:15,1,0,0,0,53,33.9,23,22,2,1,5,0,0,0,26.5,Low
13:47:25,1,1,0,1,59,43.5,22,26,2,4,0,1,0,1,29.5,Emergency
13:47:34,1,1,0,1,28,52.5,17,1,2,3,2,0,0,1,14.0,Emergency
13:47:43,1,0,0,1,94,38.3,54,20,1,9,7,0,0,1,47.0,Emergency
13:47:53,1,0,1,0,75,42.9,32,32,0,6,0,0,1,1,37.5,Emergency
13:48:02,1,0,0,1,98,40.3,65,17,3,3,9,0,1,0,49.0,Emergency
13:48:11,1,0,1,0,63,41.4,12,34,1,3,8,0,0,1,31.5,Emergency
13:48:21,0,0,1,0,46,34.9,11,21,4,4,2,0,1,0,23.0,Emergency
13:48:30,0,0,1,1,124,38.8,87,23,3,8,1,0,1,0,62.0,Emergency
13:48:39,0,1,0,0,99,35.2,25,52,4,7,8,0,0,0,49.5,Low
13:48:49,0,1,1,0,106,38.5,24,58,4,7,7,1,1,0,53.0,Emergency
13:48:58,0,1,1,1,75,39.1,56,5,3,5,4,1,1,0,37.5,Emergency
13:49:07,0,1,0,1,63,44.0,5,50,1,2,1,1,1,0,31.5,Emergency
13:49:17,1,0,0,0,108,42.8,33,59,4,2,4,1,1,1,54.0,Emergency
13:49:26,1,0,0,1,111,37.9,47,50,1,5,2,1,1,1,55.5,Emergency
13:49:35,0,1,1,1,124,41.4,76,34,4,8,1,0,0,1,62.0,Emergency
13:49:44,0,0,1,0,31,33.2,14,5,2,5,2,0,0,0,15.5,Low
13:49:54,1,1,1,0,63,38.5,39,14,0,4,3,1,1,1,31.5,Emergency
13:50:03,0,0,0,1,61,33.9,38,6,4,6,7,0,0,0,30.5,Low
13:50:12,0,0,0,0,93,32.7,43,37,4,4,4,0,0,1,46.5,Emergency
13:50:22,1,1,1,1,44,48.5,14,18,1,7,3,0,0,0,22.0,Low
13:50:31,0,0,1,0,96,43.9,29,47,2,2,9,1,1,1,48.0,Emergency
13:50:40,1,0,0,0,40,40.2,23,5,3,0,4,0,0,1,20.0,Emergency
13:50:50,1,1,0,1,51,48.9,40,1,1,1,5,1,1,1,25.5,Emergency
13:50:59,0,1,1,1,39,36.3,10,23,1,4,1,0,0,0,19.5,Low
13:51:08,1,0,0,0,80,35.7,46,23,2,6,0,1,0,0,40.0,Emergency
13:51:18,1,0,0,0,34,40.3,21,3,4,1,2,0,1,1,17.0,Emergency
13:51:27,1,0,1,0,39,36.0,14,7,2,7,3,1,1,0,19.5,Emergency
13:51:36,1,0,1,0,61,39.0,27,22,3,4,3,0,0,1,30.5,Emergency
13:51:46,0,1,0,1,93,42.7,10,65,4,8,0,0,1,1,46.5,Emergency
13:51:55,1,0,1,0,63,48.7,28,19,3,4,3,0,1,1,31.5,Emergency
13:52:04,1,1,1,0,71,37.0,1,53,3,9,2,1,1,1,35.5,Emergency
13:52:14,0,0,1,1,130,36.5,62,46,2,9,6,0,1,1,65.0,Emergency
13:52:23,1,1,1,0,102,35.0,52,46,0,0,2,0,0,1,51.0,Emergency
13:52:32,0,0,0,0,60,40.9,41,8,3,1,2,1,0,0,30.0,Emergency
13:52:42,0,0,1,1,84,32.2,46,24,1,0,9,1,0,1,42.0,Emergency
13:52:51,0,1,0,0,112,31.4,7,87,1,7,4,1,1,0,56.0,Emergency
13:53:00,0,0,0,1,54,44.1,19,20,0,4,7,0,0,1,27.0,Emergency
13:53:09,0,1,0,1,34,40.0,14,11,4,3,1,1,0,0,17.0,Emergency
13:53:19,1,1,1,1,73,33.2,36,19,2,8,2,0,1,1,36.5,Emergency
13:53:28,0,1,1,0,89,39.4,73,4,2,4,3,1,1,0,44.5,Emergency
13:53:37,1,1,1,1,28,44.5,2,18,0,2,3,0,1,1,14.0,Emergency
13:53:47,1,0,0,1,113,42.8,70,32,0,0,7,1,0,1,56.5,Emergency
13:53:56,0,1,0,1,104,47.5,45,40,2,9,6,1,0,1,52.0,Emergency
13:54:05,0,1,0,1,91,49.2,29,47,1,7,3,0,1,1,45.5,Emergency
13:54:15,0,1,0,0,48,42.2,17,18,3,0,7,1,0,0,24.0,Emergency
13:54:24,0,0,1,1,30,43.4,12,3,2,0,7,1,1,1,15.0,Emergency
13:54:33,0,1,0,0,67,35.9,41,11,4,3,5,0,0,0,33.5,Low
13:54:43,0,0,1,1,49,48.0,16,20,1,3,8,0,0,0,24.5,Low
13:54:52,0,1,1,0,95,35.6,50,23,3,8,6,0,1,1,47.5,Emergency
13:55:01,0,0,1,0,20,37.6,2,5,4,3,5,0,0,1,10.0,Emergency
13:55:11,0,0,0,0,82,36.4,27,35,4,6,8,0,0,0,41.0,Low
13:55:20,0,1,1,1,50,28.1,25,8,4,0,9,0,1,1,25.0,Emergency
13:55:29,0,0,1,1,90,38.3,20,59,1,3,5,0,1,1,45.0,Emergency
13:55:39,1,1,0,1,45,43.8,22,7,1,9,1,1,0,1,22.5,Emergency
13:55:48,0,0,0,0,48,36.3,33,1,0,9,0,1,1,0,24.0,Emergency
13:55:57,1,0,0,1,26,50.2,4,13,1,1,2,0,1,0,13.0,Emergency
13:56:07,0,0,0,0,67,37.2,9,46,0,5,4,1,0,0,33.5,Emergency
13:56:16,0,0,1,0,147,40.2,61,61,2,9,9,0,0,1,73.5,Emergency
13:56:25,1,0,1,1,46,39.9,15,8,3,9,8,0,1,0,23.0,Emergency
13:56:34,0,1,0,0,86,46.1,47,20,1,8,7,0,0,0,43.0,Low
13:56:44,1,1,0,1,86,38.2,29,39,1,7,4,1,1,1,43.0,Emergency
13:56:53,1,0,1,0,78,40.5,40,16,4,6,7,1,0,1,39.0,Emergency
13:57:02,0,1,1,0,57,34.5,44,1,4,5,0,1,0,1,28.5,Emergency
13:57:12,1,1,1,0,81,35.0,66,4,3,0,6,1,0,1,40.5,Emergency
13:57:21,0,1,1,0,53,35.2,17,16,2,9,4,1,0,1,26.5,Emergency
13:57:30,1,1,1,1,67,42.9,37,10,1,8,8,0,0,0,33.5,Low
13:57:40,0,0,0,1,44,49.1,21,17,2,0,2,1,1,0,22.0,Emergency
13:57:49,0,0,1,1,62,32.2,29,25,0,1,3,0,1,1,31.0,Emergency
13:57:58,0,1,1,0,79,49.3,38,24,1,5,7,1,0,0,39.5,Emergency
13:58:08,0,0,0,0,48,45.9,25,11,0,2,9,0,0,0,24.0,Low
13:58:17,0,1,0,1,92,39.1,35,42,2,5,5,0,1,0,46.0,Emergency
13:58:26,0,1,0,0,82,41.7,34,40,2,2,1,1,1,1,41.0,Emergency
13:58:36,1,0,0,1,82,40.3,49,24,4,3,1,0,1,0,41.0,Emergency
13:58:45,0,0,0,0,67,34.5,2,53,3,5,3,0,0,0,33.5,Low
13:58:54,0,1,1,0,40,38.7,2,21,3,0,8,1,0,1,20.0,Emergency
13:59:04,0,1,0,0,35,37.0,14,15,4,0,2,0,0,0,17.5,Low
13:59:13,0,0,1,0,72,37.3,22,34,3,8,1,1,0,0,36.0,Emergency
13:59:22,1,0,0,0,80,51.0,31,35,4,8,0,0,0,0,40.0,Low
13:59:32,0,1,0,1,58,30.4,47,3,0,2,1,0,0,1,29.0,Emergency
13:59:41,1,1,0,1,68,42.1,31,24,4,6,0,0,0,0,34.0,Low
13:59:50,0,0,0,1,59,53.0,29,12,2,5,9,0,0,0,29.5,Low
14:00:00,1,1,0,0,81,40.5,43,15,3,7,6,1,1,1,40.5,Emergency
14:00:09,0,0,1,1,71,32.1,12,40,2,4,9,1,0,0,35.5,Emergency
14:00:18,1,1,0,1,57,54.2,24,19,1,2,5,1,0,1,28.5,Emergency
14:00:27,0,0,0,0,19,42.8,4,2,4,0,4,1,1,0,9.5,Emergency
14:00:37,1,0,0,0,40,37.0,21,12,3,2,2,0,0,0,20.0,Low
14:00:46,0,1,0,1,81,35.0,28,34,3,3,8,1,0,0,40.5,Emergency
14:00:55,0,0,0,1,79,36.9,34,30,2,4,5,0,1,0,39.5,Emergency
14:01:05,1,0,0,0,49,27.4,10,20,4,4,6,1,1,1,24.5,Emergency
14:01:14,1,1,1,0,42,37.7,5,22,1,9,1,1,0,1,21.0,Emergency
14:01:23,0,1,1,1,87,46.3,39,30,4,5,5,0,1,1,43.5,Emergency
14:01:33,0,0,0,0,40,37.7,9,14,2,3,8,0,0,0,20.0,Low
14:01:42,0,0,1,1,117,45.4,58,38,2,8,7,0,1,0,58.5,Emergency
14:01:51,1,0,0,0,72,45.6,15,40,1,8,4,0,1,0,36.0,Emergency
14:02:01,0,1,1,0,69,27.8,40,18,3,6,0,1,1,0,34.5,Emergency
14:02:10,0,0,0,1,26,43.5,3,2,4,9,5,0,0,1,13.0,Emergency
14:02:19,0,0,0,1,103,45.6,59,30,2,2,7,1,0,0,51.5,Emergency
14:02:29,0,0,1,0,46,44.7,24,14,1,0,1,1,0,1,23.0,Emergency
14:02:38,0,1,0,1,30,31.4,10,14,2,2,0,1,0,0,15.0,Emergency
14:02:47,0,1,0,0,87,35.8,42,29,4,7,2,0,0,1,43.5,Emergency
14:02:57,1,1,0,1,41,39.2,22,9,1,6,0,0,0,0,20.5,Low
14:03:06,1,0,0,1,31,34.4,20,2,1,6,0,1,0,0,15.5,Emergency
14:03:15,0,1,0,0,53,45.5,25,12,4,6,2,0,1,0,26.5,Emergency
14:03:25,0,1,0,1,82,40.0,43,21,4,8,5,0,0,1,41.0,Emergency
14:03:34,1,0,1,0,57,38.8,40,7,1,1,4,0,1,1,28.5,Emergency
14:03:43,0,1,0,0,80,38.7,48,15,1,4,7,0,1,0,40.0,Emergency
14:03:52,1,1,0,1,82,37.5,34,37,3,4,2,1,0,1,41.0,Emergency
14:04:02,0,1,0,0,36,30.3,3,20,1,6,5,0,0,1,18.0,Emergency
14:04:11,1,1,0,0,62,38.8,21,24,4,4,3,1,1,1,31.0,Emergency
14:04:20,1,0,1,1,43,45.1,12,14,0,7,5,1,1,1,21.5,Emergency
14:04:30,1,1,0,0,21,40.7,10,7,0,0,1,1,1,1,10.5,Emergency
14:04:39,0,1,1,0,74,37.9,43,21,2,4,2,0,1,1,37.0,Emergency
14:04:48,1,0,0,1,33,33.3,9,1,3,7,9,0,0,0,16.5,Low
14:04:58,0,0,0,1,128,34.4,67,49,3,7,0,0,1,1,64.0,Emergency
14:05:07,1,1,1,1,70,45.8,23,27,4,7,3,1,0,1,35.0,Emergency
14:05:16,0,0,0,0,23,37.1,2,8,2,3,5,0,1,1,11.5,Emergency
14:05:26,1,0,1,0,54,39.5,37,0,0,9,3,1,1,0,27.0,Emergency
14:05:35,1,0,0,0,60,36.4,7,30,2,7,8,0,1,1,30.0,Emergency
14:05:44,0,0,0,0,55,40.4,7,41,2,3,0,0,1,0,27.5,Emergency
14:05:54,1,1,1,1,70,45.0,41,6,1,8,7,1,1,1,35.0,Emergency
14:06:03,0,0,0,1,97,49.1,64,12,2,9,6,1,0,0,48.5,Emergency
14:06:12,0,0,0,0,83,40.5,49,11,2,8,6,1,1,1,41.5,Emergency
14:06:22,0,1,1,0,120,48.0,64,37,1,5,9,1,1,0,60.0,Emergency
14:06:31,1,0,0,1,40,35.5,18,7,3,4,2,1,1,0,20.0,Emergency
14:06:40,0,1,0,1,31,35.6,4,7,2,4,9,0,1,0,15.5,Emergency
14:06:50,1,1,1,1,32,36.3,2,11,2,9,3,0,1,0,16.0,Emergency
14:06:59,0,1,1,1,44,40.3,10,10,4,8,9,0,1,1,22.0,Emergency
14:07:08,1,0,1,0,31,41.6,0,26,1,1,1,1,0,1,15.5,Emergency
14:07:17,1,0,0,0,55,34.2,23,26,0,0,3,1,0,0,27.5,Emergency
14:07:27,1,0,0,0,63,34.7,47,2,0,6,7,0,1,0,31.5,Emergency
14:07:36,0,0,0,0,65,28.4,7,41,0,5,8,1,1,1,32.5,Emergency
14:07:45,0,0,1,0,63,36.6,27,23,2,4,1,1,1,1,31.5,Emergency
14:07:55,0,1,1,1,98,40.2,62,15,2,8,9,0,0,1,49.0,Emergency
14:08:04,0,0,0,0,82,39.5,49,21,3,4,2,1,0,0,41.0,Emergency
14:08:13,1,0,1,1,65,44.1,27,21,3,9,1,0,0,1,32.5,Emergency
14:08:23,1,1,1,0,67,40.7,46,8,4,2,3,1,0,1,33.5,Emergency
14:08:32,1,1,1,1,114,39.7,57,39,0,8,7,0,1,1,57.0,Emergency
14:08:41,1,1,1,1,83,47.0,43,34,3,0,1,0,1,1,41.5,Emergency
14:08:51,0,1,0,0,53,46.2,29,9,0,6,7,0,0,1,26.5,Emergency
14:09:00,1,0,0,1,36,47.8,10,10,0,2,8,1,1,1,18.0,Emergency
14:09:09,0,1,1,1,35,37.9,1,16,0,2,9,1,1,1,17.5,Emergency
14:09:19,1,0,1,0,66,37.5,20,29,4,9,1,0,0,0,33.0,Low
14:09:28,1,1,1,1,96,53.1,57,26,1,7,3,0,1,1,48.0,Emergency
14:09:37,0,1,0,1,65,42.9,8,42,3,9,0,1,0,1,32.5,Emergency
14:09:47,1,1,0,1,83,50.1,65,4,4,3,2,1,0,1,41.5,Emergency
14:09:56,0,1,1,1,107,43.0,45,47,2,5,7,1,0,0,53.5,Emergency
14:10:05,0,0,1,1,69,47.4,4,47,0,2,9,1,1,1,34.5,Emergency
14:10:15,0,0,1,0,31,38.1,12,5,2,5,4,0,0,0,15.5,Low
14:10:24,1,0,0,1,69,40.6,52,9,3,0,3,0,0,1,34.5,Emergency
14:10:33,1,0,0,0,72,48.1,40,26,3,1,0,1,0,1,36.0,Emergency
14:10:42,1,1,0,1,71,41.0,30,18,4,7,8,0,1,1,35.5,Emergency
14:10:52,1,0,1,1,99,38.2,7,74,0,9,6,0,0,1,49.5,Emergency
14:11:01,1,0,0,0,115,35.3,87,10,2,8,5,0,0,1,57.5,Emergency
14:11:10,1,0,0,0,83,44.3,39,29,0,6,8,1,0,0,41.5,Emergency
14:11:20,0,1,1,0,29,43.5,23,2,0,2,1,1,0,0,14.5,Emergency
14:11:29,0,1,0,0,70,38.7,20,33,1,8,5,1,1,0,35.0,Emergency
14:11:38,1,1,1,0,98,38.5,32,48,3,3,9,1,0,1,49.0,Emergency
14:11:48,0,0,1,1,48,47.7,1,39,0,3,4,0,1,0,24.0,Emergency
14:11:57,1,1,0,1,152,35.7,87,44,4,9,5,1,0,0,76.0,Emergency
14:12:06,1,0,0,1,99,36.2,5,78,4,0,7,1,1,0,49.5,Emergency
14:12:16,1,1,0,0,44,33.4,23,7,1,8,5,0,0,0,22.0,Low
14:12:25,0,1,1,0,44,44.3,25,7,3,1,3,1,1,0,22.0,Emergency
14:12:34,1,0,1,1,50,42.0,1,39,3,0,2,1,0,1,25.0,Emergency
14:12:44,1,1,1,0,88,40.7,58,23,3,0,3,0,0,0,44.0,Low
14:12:53,1,1,1,1,26,41.7,15,3,0,2,1,0,0,1,13.0,Emergency
14:13:02,0,1,0,1,40,44.7,4,14,2,6,8,1,1,1,20.0,Emergency
14:13:12,0,1,1,1,41,36.7,10,23,2,2,0,0,1,0,20.5,Emergency
14:13:21,1,1,1,1,104,31.9,9,77,4,2,9,1,0,1,52.0,Emergency
14:13:30,1,1,0,0,96,31.6,57,20,4,1,9,0,0,1,48.0,Emergency
14:13:40,1,1,0,0,61,31.2,27,15,3,8,4,0,0,0,30.5,Low
14:13:49,0,0,1,0,45,36.4,37,1,0,3,2,0,1,1,22.5,Emergency
14:13:58,0,1,0,0,22,39.6,2,6,1,0,8,1,1,0,11.0,Emergency
14:14:07,1,0,0,1,75,38.9,34,28,2,5,2,0,0,0,37.5,Low
14:14:17,1,0,0,0,60,33.2,29,25,0,0,4,0,0,1,30.0,Emergency
14:14:26,1,1,1,0,65,40.0,37,10,2,8,7,1,0,0,32.5,Emergency
14:14:35,0,1,0,1,49,35.4,6,29,1,3,9,0,1,0,24.5,Emergency
14:14:45,0,0,0,1,57,44.6,25,13,0,4,9,1,0,1,28.5,Emergency
14:14:54,1,1,0,0,35,35.9,7,14,0,5,8,0,0,0,17.5,Low
14:15:03,1,1,1,0,33,46.2,14,2,0,5,8,1,0,1,16.5,Emergency
14:15:13,0,0,0,1,46,39.1,14,16,1,7,2,1,1,0,23.0,Emergency
14:15:22,0,1,0,0,48,47.8,15,16,0,5,7,0,1,0,24.0,Emergency
14:15:31,1,0,1,0,87,32.4,45,29,3,3,6,0,0,0,43.5,Low
14:15:41,1,1,1,1,88,47.8,53,23,3,2,4,1,1,1,44.0,Emergency
14:15:50,0,1,1,0,126,44.0,36,68,3,9,6,1,0,1,63.0,Emergency
14:15:59,1,1,0,1,51,45.4,4,32,2,2,8,0,0,0,25.5,Low
14:16:09,0,1,1,0,112,48.2,86,11,4,6,4,0,0,0,56.0,Medium
14:16:18,0,0,1,0,85,36.7,2,55,3,9,9,1,1,1,42.5,Emergency
14:16:27,1,0,0,1,75,49.6,4,61,0,2,3,0,1,0,37.5,Emergency
14:16:37,1,1,1,1,82,44.7,23,44,4,2,6,1,1,0,41.0,Emergency
14:16:46,0,1,1,0,27,42.6,12,10,2,0,0,0,0,1,13.5,Emergency
14:16:55,1,0,0,1,76,47.8,26,31,3,7,8,0,0,0,38.0,Low
14:17:05,0,0,1,1,79,37.8,37,29,0,7,3,1,1,1,39.5,Emergency
14:17:14,1,0,1,1,56,40.0,32,8,0,3,8,0,0,1,28.0,Emergency
14:17:23,1,0,1,1,62,53.9,25,23,0,2,9,0,1,0,31.0,Emergency
14:17:32,1,1,0,1,106,44.9,33,56,2,5,6,1,1,1,53.0,Emergency
14:17:42,0,1,1,0,36,44.7,10,8,3,9,5,0,0,1,18.0,Emergency
14:17:51,0,0,0,1,53,43.2,10,24,0,6,9,0,1,1,26.5,Emergency
14:18:00,1,0,0,0,79,50.1,11,55,2,1,7,1,0,0,39.5,Emergency
14:18:10,0,1,1,0,60,35.3,37,7,1,0,9,1,1,1,30.0,Emergency
14:18:19,1,0,1,0,99,34.8,29,58,1,6,1,0,0,0,49.5,Low
14:18:28,1,0,0,0,77,47.4,25,28,3,9,9,1,0,0,38.5,Emergency
14:18:38,0,1,0,0,68,47.8,24,24,0,9,7,1,1,1,34.0,Emergency
14:18:47,0,1,0,0,61,41.7,14,30,3,9,2,0,0,0,30.5,Low
14:18:56,1,1,0,1,95,35.8,52,30,2,8,3,0,0,0,47.5,Low
14:19:06,0,1,0,1,95,48.5,58,22,2,3,9,0,1,0,47.5,Emergency
14:19:15,1,0,0,1,90,40.5,51,27,4,4,0,1,1,1,45.0,Emergency
14:19:24,1,0,1,0,54,36.4,15,20,0,9,9,0,0,1,27.0,Emergency
14:19:34,1,1,1,1,94,46.0,68,10,1,2,9,1,1,0,47.0,Emergency
14:19:43,1,1,0,0,38,35.5,27,4,3,0,1,1,1,1,19.0,Emergency
14:19:52,1,0,1,0,60,34.5,17,29,4,5,2,0,1,1,30.0,Emergency
14:20:02,1,1,0,0,41,40.8,23,0,1,9,3,0,1,1,20.5,Emergency
14:20:11,1,0,0,1,67,32.8,13,38,0,6,5,1,1,0,33.5,Emergency
14:20:20,1,0,1,1,62,41.4,27,11,3,9,8,0,0,0,31.0,Low
14:20:30,0,1,0,0,69,40.8,29,22,4,0,7,1,1,1,34.5,Emergency
14:20:39,1,0,0,1,124,39.0,88,13,1,9,7,1,0,1,62.0,Emergency
14:20:48,1,0,1,0,73,36.7,51,4,0,6,9,1,0,0,36.5,Emergency
14:20:57,0,0,0,0,45,34.2,22,12,1,2,3,1,0,0,22.5,Emergency
14:21:07,1,1,0,0,103,45.6,63,27,3,2,7,0,0,0,51.5,Medium
14:21:16,0,0,0,1,98,42.7,68,25,1,0,4,0,0,0,49.0,Low
14:21:25,1,0,0,1,93,32.5,52,24,4,2,5,0,1,1,46.5,Emergency
14:21:35,1,1,1,1,56,35.2,27,13,0,5,8,1,1,0,28.0,Emergency
14:21:44,0,0,1,1,60,37.2,1,34,4,8,9,0,1,1,30.0,Emergency
14:21:53,0,1,1,1,81,36.9,51,14,4,9,2,0,1,0,40.5,Emergency
14:22:03,1,0,0,0,72,44.1,27,37,0,1,6,1,0,0,36.0,Emergency
14:22:12,0,1,0,0,79,42.8,53,6,1,9,7,0,0,0,39.5,Low
14:22:21,1,1,1,0,86,39.7,62,11,2,8,3,0,0,0,43.0,Low
14:22:31,1,0,0,0,58,48.9,5,38,0,9,3,1,1,1,29.0,Emergency
14:22:40,0,1,0,0,39,44.2,25,0,0,2,8,0,1,0,19.5,Emergency
14:22:49,1,0,0,0,81,44.7,47,22,3,6,1,0,1,1,40.5,Emergency
14:22:59,0,1,1,1,41,39.3,19,9,4,1,5,1,1,0,20.5,Emergency
14:23:08,0,0,1,0,109,41.6,34,64,3,2,1,1,0,1,54.5,Emergency
14:23:17,1,0,1,1,94,35.8,43,32,1,8,7,1,0,1,47.0,Emergency
14:23:27,1,0,1,0,100,39.1,36,54,0,2,3,0,1,1,50.0,Emergency
14:23:36,0,1,0,1,92,37.9,21,58,0,0,8,0,1,0,46.0,Emergency
14:23:45,1,0,0,0,47,35.0,33,3,0,1,4,1,1,1,23.5,Emergency
14:23:55,1,0,0,1,96,30.3,69,12,0,5,4,1,1,0,48.0,Emergency
14:24:04,1,1,1,1,62,43.0,11,32,4,3,8,0,1,0,31.0,Emergency
14:24:13,1,1,1,1,74,32.5,46,12,3,2,6,0,0,1,37.0,Emergency
14:24:22,0,0,0,1,51,51.7,40,5,1,2,1,0,0,0,25.5,Low
14:24:32,0,0,0,0,74,37.8,20,35,0,9,7,0,1,0,37.0,Emergency
14:24:41,1,1,1,0,49,36.0,12,29,2,0,2,0,1,0,24.5,Emergency
14:24:50,0,0,0,0,78,51.5,39,20,2,7,5,0,0,1,39.0,Emergency
14:25:00,0,1,0,1,41,44.1,13,11,2,7,5,0,0,0,20.5,Low
14:25:09,1,0,1,0,66,46.2,15,42,2,1,1,1,1,1,33.0,Emergency
14:25:18,0,0,1,0,90,37.7,45,31,0,1,8,1,0,1,45.0,Emergency
14:25:28,0,0,0,1,43,38.6,27,3,1,5,4,0,1,0,21.5,Emergency
14:25:37,1,1,1,1,151,45.1,93,41,1,4,6,0,1,1,75.5,Emergency
14:25:46,1,1,1,1,127,37.4,85,17,3,9,9,0,0,1,63.5,Emergency
14:25:56,0,0,0,0,46,40.8,33,1,1,8,2,0,1,0,23.0,Emergency
14:26:05,1,1,1,1,89,39.2,41,34,1,1,8,0,0,0,44.5,Low
14:26:14,0,0,0,0,58,37.6,31,3,4,9,7,1,0,1,29.0,Emergency
14:26:24,1,1,0,1,111,40.2,58,35,3,9,5,0,0,0,55.5,Medium
14:26:33,1,1,0,0,48,41.5,15,12,4,5,5,1,1,1,24.0,Emergency
14:26:42,0,0,1,1,61,47.6,32,16,4,1,4,1,1,0,30.5,Emergency
14:26:52,1,1,1,0,73,41.8,52,3,4,7,3,1,1,1,36.5,Emergency
14:27:01,0,0,1,1,81,39.2,24,39,4,8,3,0,0,1,40.5,Emergency
14:27:10,0,1,0,1,83,34.9,59,15,3,3,0,0,0,1,41.5,Emergency
14:27:20,1,0,1,0,86,37.3,37,38,2,7,0,0,1,0,43.0,Emergency
14:27:29,1,1,1,0,85,42.0,37,32,1,6,7,1,0,1,42.5,Emergency
14:27:38,0,1,0,0,12,44.6,4,3,1,2,0,0,1,0,6.0,Emergency
14:27:47,0,0,1,1,76,44.3,23,30,1,8,9,0,0,1,38.0,Emergency
14:27:57,1,1,0,1,91,28.9,46,26,2,3,8,0,1,1,45.5,Emergency
14:28:06,0,0,1,0,53,40.5,5,32,3,0,8,1,1,1,26.5,Emergency
14:28:15,0,0,1,1,34,38.7,15,3,1,6,4,0,1,1,17.0,Emergency
14:28:25,0,0,1,0,42,37.5,5,28,0,4,0,0,0,1,21.0,Emergency
14:28:34,0,0,1,0,42,39.3,22,12,4,0,3,1,0,0,21.0,Emergency
14:28:43,1,0,1,0,70,45.0,49,10,0,0,8,1,0,1,35.0,Emergency
14:28:53,0,0,1,1,54,38.8,13,20,3,9,5,0,0,1,27.0,Emergency
14:29:02,1,0,1,0,94,30.6,70,15,0,0,5,0,1,0,47.0,Emergency
14:29:11,1,1,0,1,120,38.9,84,23,4,2,3,0,1,0,60.0,Emergency
14:29:21,1,1,1,1,49,38.2,2,38,2,2,3,0,1,1,24.5,Emergency
14:29:30,1,1,1,0,27,36.6,13,1,1,5,4,1,0,0,13.5,Emergency
14:29:39,1,1,1,1,92,38.5,49,34,3,4,2,0,0,0,46.0,Low
14:29:49,0,1,1,0,62,34.8,34,14,0,6,5,0,1,0,31.0,Emergency
14:29:58,0,0,0,0,66,38.1,12,39,4,2,5,0,1,1,33.0,Emergency
14:30:07,1,0,1,0,29,33.9,9,2,4,1,7,1,1,1,14.5,Emergency
14:30:17,0,0,1,1,89,33.3,47,36,2,0,4,0,0,0,44.5,Low
14:30:26,0,0,0,0,38,32.7,20,2,3,2,7,1,0,1,19.0,Emergency
14:30:35,0,1,1,1,119,45.7,64,50,1,1,0,0,0,0,59.5,Medium
14:30:45,1,0,1,1,56,36.1,13,25,4,2,9,0,1,0,28.0,Emergency
14:30:54,0,1,0,1,84,34.0,49,23,0,1,9,0,1,0,42.0,Emergency
14:31:03,1,1,0,0,94,53.8,58,29,0,0,6,1,0,0,47.0,Emergency
14:31:12,1,0,1,0,118,39.5,76,29,3,6,0,0,0,0,59.0,Medium
14:31:22,1,0,1,0,27,35.5,4,3,3,4,9,0,1,0,13.5,Emergency
14:31:31,1,1,1,0,79,45.5,60,6,4,3,6,0,0,0,39.5,Low
14:31:40,1,1,0,1,67,44.1,27,28,3,5,2,0,0,1,33.5,Emergency
14:31:50,0,0,1,1,74,40.1,48,18,2,3,0,1,1,1,37.0,Emergency
14:31:59,1,1,1,1,66,48.9,3,49,2,4,3,1,1,0,33.0,Emergency
14:32:08,1,1,1,1,57,37.7,12,24,4,6,8,1,0,1,28.5,Emergency
14:32:18,1,0,0,1,72,28.4,43,18,4,4,1,0,1,0,36.0,Emergency
14:32:27,0,0,0,0,30,43.9,5,8,2,5,8,0,0,1,15.0,Emergency
14:32:36,1,0,1,1,39,51.7,18,5,2,7,3,1,1,0,19.5,Emergency
14:32:46,0,1,0,0,45,43.3,0,30,0,6,3,1,1,1,22.5,Emergency
14:32:55,1,0,0,0,27,34.3,4,10,2,4,3,0,0,0,13.5,Low
14:33:04,1,0,1,1,33,33.5,4,11,3,4,7,1,0,1,16.5,Emergency
14:33:14,0,1,0,0,20,36.1,0,2,1,8,2,1,1,1,10.0,Emergency
14:33:23,0,0,1,1,53,39.7,5,27,4,8,4,0,1,1,26.5,Emergency
14:33:32,0,1,0,0,56,33.1,27,18,0,5,2,1,0,1,28.0,Emergency
14:33:42,0,0,0,0,90,30.0,47,30,3,4,2,1,0,0,45.0,Emergency
14:33:51,0,0,1,1,57,45.8,22,14,3,4,9,0,0,1,28.5,Emergency
14:34:00,1,1,1,1,98,40.2,51,36,3,2,1,1,1,1,49.0,Emergency
14:34:10,0,1,0,0,34,40.0,19,0,3,6,3,0,1,1,17.0,Emergency
14:34:19,1,0,0,1,44,40.6,28,8,0,0,4,1,1,0,22.0,Emergency
14:34:28,1,1,1,0,71,40.5,24,30,1,7,5,0,1,0,35.5,Emergency
14:34:37,1,0,0,0,105,42.7,57,39,2,3,1,0,1,1,52.5,Emergency
14:34:47,0,1,1,0,110,41.5,52,36,1,6,9,1,1,0,55.0,Emergency
14:34:56,1,1,0,0,57,41.6,26,9,1,8,8,1,0,0,28.5,Emergency
14:35:05,0,0,0,1,58,34.8,39,11,3,1,0,1,0,1,29.0,Emergency
14:35:15,1,1,1,1,38,32.1,19,0,4,4,8,1,0,1,19.0,Emergency
14:35:24,0,1,0,0,96,50.4,72,7,2,9,3,1,0,1,48.0,Emergency
14:35:33,0,0,1,0,75,37.3,28,32,3,2,9,1,0,0,37.5,Emergency
14:35:43,1,0,1,1,121,37.2,71,39,0,6,1,0,0,1,60.5,Emergency
14:35:52,1,1,1,0,61,41.6,26,15,4,8,4,0,1,1,30.5,Emergency
14:36:01,1,0,0,1,44,43.2,9,14,3,5,8,0,0,1,22.0,Emergency
14:36:11,1,0,0,0,76,29.6,10,54,1,6,1,0,0,0,38.0,Low
14:36:20,1,1,1,0,47,38.2,14,20,3,0,6,1,0,0,23.5,Emergency
14:36:29,0,0,1,0,28,37.3,4,8,0,6,6,1,1,0,14.0,Emergency
14:36:39,0,1,0,0,73,45.5,18,37,4,6,4,0,0,1,36.5,Emergency
14:36:48,1,0,1,1,57,44.5,16,22,2,3,8,1,1,0,28.5,Emergency
14:36:57,0,1,1,0,41,46.9,12,18,1,4,4,0,0,0,20.5,Low
14:37:07,0,0,0,1,65,34.8,25,23,2,9,3,0,1,0,32.5,Emergency
14:37:16,1,1,0,0,112,40.0,48,42,4,9,8,1,0,0,56.0,Emergency
14:37:25,1,1,0,0,82,40.0,36,26,3,9,5,1,0,0,41.0,Emergency
14:37:35,1,1,0,1,68,51.0,19,30,4,3,9,0,0,0,34.0,Low
14:37:44,1,1,1,1,69,35.3,9,41,1,9,7,0,1,1,34.5,Emergency
14:37:53,1,0,1,0,90,47.5,25,49,4,3,5,0,1,1,45.0,Emergency
14:38:03,1,1,0,1,54,42.0,19,21,2,7,2,1,0,0,27.0,Emergency
14:38:12,0,0,0,0,140,39.5,82,42,1,6,4,0,1,1,70.0,Emergency
14:38:21,0,0,1,1,60,39.7,41,3,3,7,5,0,0,0,30.0,Low
14:38:30,0,1,1,1,46,44.2,16,18,1,2,4,0,1,0,23.0,Emergency
14:38:40,1,1,1,1,120,46.1,31,72,1,5,9,0,0,1,60.0,Emergency
14:38:49,1,0,1,0,58,35.1,16,26,0,8,7,0,0,1,29.0,Emergency
14:38:58,0,0,0,0,106,37.6,50,37,4,3,8,1,0,1,53.0,Emergency
14:39:08,1,1,0,1,54,34.7,11,22,3,8,4,1,0,1,27.0,Emergency
14:39:17,1,1,1,0,60,42.9,6,40,1,4,4,1,0,0,30.0,Emergency
14:39:26,0,0,0,0,63,40.6,12,36,1,8,0,1,1,0,31.5,Emergency
14:39:36,1,1,1,1,86,32.2,59,8,3,7,4,0,1,0,43.0,Emergency
14:39:45,1,0,0,1,38,43.2,19,9,2,0,4,1,1,1,19.0,Emergency
14:39:54,1,1,0,0,51,44.2,12,20,4,5,6,0,1,1,25.5,Emergency
14:40:04,0,1,0,1,69,37.6,1,42,4,8,9,0,0,1,34.5,Emergency
14:40:13,0,1,0,0,142,37.7,82,48,3,4,2,0,0,1,71.0,Emergency
14:40:22,1,0,0,1,64,38.7,40,14,0,1,7,0,0,0,32.0,Low
14:40:32,1,0,0,1,73,45.8,55,4,1,2,8,0,1,0,36.5,Emergency
14:40:41,0,1,0,0,99,38.0,43,44,4,1,5,0,0,1,49.5,Emergency
14:40:50,1,0,0,1,56,40.3,29,7,4,6,5,0,1,0,28.0,Emergency
14:41:00,0,1,1,0,37,37.8,7,26,2,0,2,0,0,0,18.5,Low
14:41:09,0,1,0,1,113,43.1,84,17,2,5,0,1,0,0,56.5,Emergency
14:41:18,0,0,1,0,27,34.0,4,14,0,4,3,1,0,0,13.5,Emergency
14:41:28,1,1,0,0,63,43.9,39,4,3,8,5,0,1,1,31.5,Emergency
14:41:37,1,0,1,1,112,33.4,51,57,0,1,0,0,0,0,56.0,Medium
14:41:46,1,0,1,1,44,47.2,17,11,1,4,9,0,1,0,22.0,Emergency
14:41:55,0,0,1,1,104,49.2,51,45,0,1,5,0,1,1,52.0,Emergency
14:42:05,1,1,1,1,88,38.0,65,7,3,0,8,1,0,0,44.0,Emergency
14:42:14,1,1,0,0,79,39.0,59,3,1,7,6,0,1,1,39.5,Emergency
14:42:23,1,0,0,1,54,40.3,16,26,0,5,5,1,0,1,27.0,Emergency
14:42:33,1,0,0,0,72,37.9,6,49,1,9,6,1,0,0,36.0,Emergency
14:42:42,1,1,1,1,45,44.5,8,28,1,1,5,0,1,0,22.5,Emergency
14:42:51,1,1,0,0,128,49.0,55,53,3,9,7,0,1,0,64.0,Emergency
14:43:01,0,1,1,1,67,41.8,33,24,0,4,4,0,0,0,33.5,Low
14:43:10,0,0,0,0,46,46.8,15,12,4,1,8,1,1,1,23.0,Emergency
14:43:19,1,0,0,1,69,39.0,38,19,1,0,4,1,1,1,34.5,Emergency
14:43:29,1,1,1,0,27,37.6,14,1,2,3,1,1,1,1,13.5,Emergency
14:43:38,0,0,0,0,62,38.6,40,6,1,9,2,0,1,0,31.0,Emergency
14:43:47,1,0,1,1,45,41.0,19,11,3,3,3,1,0,1,22.5,Emergency
14:43:57,1,0,1,0,113,35.5,72,23,1,5,8,0,1,0,56.5,Emergency
14:44:06,1,1,1,1,72,39.0,15,38,1,8,6,1,1,0,36.0,Emergency
14:44:15,1,0,1,0,116,35.8,32,70,1,7,5,1,0,0,58.0,Emergency
14:44:25,0,0,0,1,84,38.4,43,28,0,1,7,0,1,0,42.0,Emergency
14:44:34,1,0,1,0,62,37.4,2,37,2,8,7,1,1,1,31.0,Emergency
14:44:43,0,0,0,0,63,41.6,32,21,4,3,1,0,0,1,31.5,Emergency
14:44:53,0,1,0,1,55,34.5,21,14,4,9,3,1,0,0,27.5,Emergency
14:45:02,1,0,0,0,82,40.7,19,51,1,7,3,0,0,1,41.0,Emergency
14:45:11,0,0,1,0,64,35.6,33,20,0,1,6,1,1,1,32.0,Emergency
14:45:20,1,1,1,1,57,40.7,25,22,3,2,2,1,0,0,28.5,Emergency
14:45:30,1,0,0,0,53,43.9,29,9,1,8,5,1,0,0,26.5,Emergency
14:45:39,1,0,1,1,35,34.0,16,3,3,7,1,1,0,0,17.5,Emergency
14:45:48,0,1,1,1,53,42.1,9,30,4,3,2,1,1,0,26.5,Emergency
14:45:58,0,0,1,0,71,47.6,48,9,4,0,8,0,1,0,35.5,Emergency
14:46:07,1,1,1,0,85,40.0,23,42,4,6,8,0,1,1,42.5,Emergency
14:46:16,0,1,0,1,68,37.9,10,41,2,6,8,0,1,0,34.0,Emergency
14:46:26,0,1,0,0,49,34.6,37,2,4,0,2,0,0,0,24.5,Low
14:46:35,1,0,1,1,71,38.6,51,0,3,7,7,1,1,1,35.5,Emergency
14:46:44,1,1,0,1,33,41.2,1,8,1,9,9,0,0,1,16.5,Emergency
14:46:54,1,0,1,0,66,43.0,27,19,3,9,5,1,0,1,33.0,Emergency
14:47:03,0,0,0,1,18,37.1,2,4,3,1,2,1,0,1,9.0,Emergency
14:47:12,0,0,0,1,84,46.3,28,37,2,5,8,1,0,1,42.0,Emergency
14:47:22,0,1,1,0,82,43.0,44,19,0,8,9,0,0,1,41.0,Emergency
14:47:31,1,1,1,1,127,33.1,69,34,1,8,9,1,1,0,63.5,Emergency
14:47:40,0,0,0,1,40,45.7,1,25,4,0,8,1,1,0,20.0,Emergency
14:47:50,1,1,1,0,135,46.3,54,62,4,8,3,1,1,1,67.5,Emergency
14:47:59,0,1,1,0,40,47.2,17,6,4,8,1,1,1,1,20.0,Emergency
14:48:08,1,0,0,0,33,47.1,16,10,1,3,1,0,0,1,16.5,Emergency
14:48:18,1,1,1,0,36,45.4,27,2,2,3,0,0,0,0,18.0,Low
14:48:27,0,0,1,0,70,45.0,36,21,1,7,2,0,0,1,35.0,Emergency
14:48:36,1,0,0,0,70,37.2,33,28,0,1,2,1,0,1,35.0,Emergency
14:48:45,0,0,1,1,46,39.4,6,24,4,0,7,1,1,1,23.0,Emergency
14:48:55,1,0,0,0,64,46.8,39,4,0,8,9,0,1,0,32.0,Emergency
14:49:04,0,0,1,1,36,37.8,16,2,3,3,9,1,1,0,18.0,Emergency
14:49:13,1,0,0,1,71,49.2,55,3,1,3,4,0,1,1,35.5,Emergency
14:49:23,0,1,0,1,69,49.3,29,26,0,4,7,1,1,0,34.5,Emergency
14:49:32,0,0,1,0,19,41.0,5,3,1,2,4,1,0,1,9.5,Emergency
14:49:41,0,1,0,0,70,40.2,54,4,2,5,2,0,1,0,35.0,Emergency
14:49:51,0,1,1,1,109,43.0,52,36,4,3,8,1,0,1,54.5,Emergency
14:50:00,1,1,0,1,45,43.7,22,8,2,4,7,1,0,1,22.5,Emergency
14:50:09,0,1,1,1,55,32.1,15,26,3,2,8,0,0,1,27.5,Emergency
14:50:19,1,0,1,1,36,35.3,4,17,0,6,4,1,0,1,18.0,Emergency
14:50:28,1,0,1,1,104,36.5,75,6,4,6,8,0,0,1,52.0,Emergency
14:50:37,0,0,0,1,53,35.4,20,18,1,6,4,0,1,1,26.5,Emergency
14:50:47,0,1,1,1,36,28.2,5,18,4,8,0,0,0,0,18.0,Low
14:50:56,0,0,1,1,145,42.1,83,50,1,2,4,1,0,0,72.5,Emergency
14:51:05,0,1,0,1,129,40.4,73,45,2,0,6,1,0,0,64.5,Emergency
14:51:15,0,1,1,0,67,44.8,39,20,1,1,2,0,1,1,33.5,Emergency
14:51:24,0,0,1,0,71,40.8,43,15,0,8,5,0,0,0,35.5,Low
14:51:33,1,1,1,1,104,36.5,87,12,0,5,0,0,0,0,52.0,Medium
14:51:43,1,1,0,1,71,37.9,52,13,3,1,1,0,0,0,35.5,Low
14:51:52,1,1,0,0,132,40.6,72,45,3,3,7,1,0,1,66.0,Emergency
14:52:01,0,1,0,0,66,41.8,26,13,4,9,9,1,1,0,33.0,Emergency
14:52:10,0,1,0,0,47,40.7,25,5,3,5,6,1,1,0,23.5,Emergency
14:52:20,0,0,0,0,20,47.7,0,6,4,4,0,1,1,0,10.0,Emergency
14:52:29,0,1,0,1,99,40.8,60,25,1,7,2,1,0,1,49.5,Emergency
14:52:38,1,0,1,1,81,34.5,39,22,1,9,6,0,1,1,40.5,Emergency
14:52:48,0,1,0,0,102,33.9,45,36,4,7,5,1,0,0,51.0,Emergency
14:52:57,1,1,1,1,103,40.3,61,25,4,9,1,0,0,1,51.5,Emergency
14:53:06,1,1,1,0,46,37.9,1,31,3,6,1,0,0,0,23.0,Low
14:53:16,1,1,1,1,27,39.7,5,6,2,5,5,0,0,0,13.5,Low
14:53:25,1,0,1,0,63,45.2,37,5,4,6,8,1,1,1,31.5,Emergency
14:53:34,0,1,0,1,52,43.0,25,15,0,6,2,1,1,0,26.0,Emergency
14:53:44,0,0,1,0,39,41.1,16,12,1,1,4,1,1,1,19.5,Emergency
14:53:53,1,1,0,1,18,43.2,0,8,0,0,7,1,1,1,9.0,Emergency
14:54:02,1,0,0,1,81,35.2,25,43,3,3,6,0,0,0,40.5,Low
14:54:12,0,0,1,0,77,44.8,33,21,4,8,6,1,0,1,38.5,Emergency
14:54:21,0,0,1,1,88,41.2,45,33,3,1,3,0,0,0,44.0,Low
14:54:30,1,0,1,1,55,43.0,32,12,3,3,0,1,0,0,27.5,Emergency
14:54:40,0,0,0,1,153,33.4,84,52,3,4,7,0,0,1,76.5,Emergency
14:54:49,0,1,0,0,35,41.3,14,10,0,1,3,1,1,1,17.5,Emergency
14:54:58,0,1,1,1,125,33.8,80,33,0,6,5,1,0,0,62.5,Emergency
14:55:08,0,0,1,1,84,47.8,11,59,3,5,5,1,0,0,42.0,Emergency
14:55:17,0,0,1,0,51,40.7,2,32,2,4,6,1,0,1,25.5,Emergency
14:55:26,0,1,0,1,105,41.7,3,92,0,5,1,1,1,0,52.5,Emergency
14:55:35,0,1,1,0,43,45.2,27,1,2,8,0,1,0,1,21.5,Emergency
14:55:45,1,0,1,0,11,38.8,2,0,1,3,2,0,0,0,5.5,Low
14:55:54,1,0,0,1,45,41.5,17,16,1,5,3,1,0,0,22.5,Emergency
14:56:03,1,1,0,1,126,30.0,69,41,2,4,9,0,1,0,63.0,Emergency
14:56:13,1,0,1,1,20,42.8,7,0,1,0,9,1,0,1,10.0,Emergency
14:56:22,0,0,0,1,113,47.1,55,46,4,4,3,0,0,1,56.5,Emergency
14:56:31,1,0,0,0,74,47.3,25,41,3,2,0,0,1,1,37.0,Emergency
14:56:41,0,0,0,0,64,39.6,15,30,0,6,7,1,1,0,32.0,Emergency
14:56:50,0,1,0,0,76,36.6,59,4,0,2,6,0,0,1,38.0,Emergency
14:56:59,1,1,0,1,59,39.3,15,34,2,3,0,0,1,1,29.5,Emergency
14:57:09,1,0,1,1,58,41.0,29,16,0,6,2,1,0,0,29.0,Emergency
14:57:18,1,0,0,1,84,27.7,47,29,1,1,4,1,0,0,42.0,Emergency
14:57:27,0,0,1,0,57,40.6,21,19,4,1,8,1,0,0,28.5,Emergency
14:57:37,0,0,0,1,109,42.7,63,28,4,5,9,0,0,0,54.5,Medium
14:57:46,1,1,0,0,101,44.1,57,27,2,5,5,0,1,0,50.5,Emergency
14:57:55,1,0,0,0,96,39.9,39,40,1,5,8,1,0,1,48.0,Emergency
14:58:05,1,1,0,0,43,45.3,1,20,3,9,8,1,0,0,21.5,Emergency
14:58:14,1,1,1,0,47,41.8,21,12,3,0,8,0,0,0,23.5,Low
14:58:23,0,1,1,1,73,36.6,27,28,3,4,5,1,1,1,36.5,Emergency
14:58:33,1,0,0,0,133,32.9,70,45,3,3,8,0,0,1,66.5,Emergency
14:58:42,1,0,1,1,53,39.0,25,13,2,5,3,1,0,1,26.5,Emergency
14:58:51,1,1,0,0,33,30.2,12,11,2,0,3,0,1,0,16.5,Emergency
14:59:00,0,0,1,1,44,35.8,27,6,2,0,4,0,0,1,22.0,Emergency
14:59:10,0,1,1,0,121,49.8,78,23,3,3,9,0,1,1,60.5,Emergency
14:59:19,1,1,1,0,94,38.3,6,80,0,3,4,0,0,0,47.0,Low
14:59:28,0,0,0,0,88,44.9,58,17,2,1,9,0,1,0,44.0,Emergency
14:59:38,1,1,1,0,79,45.0,43,18,4,4,9,0,1,0,39.5,Emergency
14:59:47,0,1,0,0,97,34.8,39,40,1,9,7,0,0,0,48.5,Low
14:59:56,1,1,0,0,69,33.7,31,17,4,4,8,1,0,1,34.5,Emergency
15:00:06,0,1,0,1,33,35.1,12,8,4,6,0,1,1,0,16.5,Emergency
15:00:15,1,0,1,0,57,42.3,33,12,2,2,6,0,1,1,28.5,Emergency
15:00:24,1,1,0,1,81,36.7,14,51,3,9,2,1,0,0,40.5,Emergency
15:00:34,0,1,1,1,83,44.4,48,14,4,6,9,0,0,0,41.5,Low
15:00:43,1,1,0,0,86,37.0,69,13,1,2,0,1,0,0,43.0,Emergency
15:00:52,1,1,1,1,70,45.0,18,32,1,6,9,0,0,1,35.0,Emergency
15:01:02,0,0,1,1,82,40.9,51,18,0,3,5,0,1,0,41.0,Emergency
15:01:11,1,1,1,0,84,29.1,42,24,4,5,4,1,0,1,42.0,Emergency
15:01:20,1,1,1,0,78,33.2,13,52,0,0,8,0,1,0,39.0,Emergency
15:01:30,0,0,0,1,90,35.3,34,46,0,4,2,0,0,1,45.0,Emergency
15:01:39,1,1,0,1,31,49.4,12,1,3,8,3,0,0,0,15.5,Low
15:01:48,1,1,0,1,63,40.8,15,41,2,2,1,0,1,1,31.5,Emergency
15:01:58,1,0,0,1,28,38.7,4,7,4,8,4,0,0,0,14.0,Low
15:02:07,0,1,0,1,54,35.2,4,46,0,2,2,0,0,0,27.0,Low
15:02:16,1,1,0,1,90,37.6,2,69,3,4,9,1,0,0,45.0,Emergency
15:02:25,0,1,1,1,104,46.7,53,40,2,1,5,1,1,0,52.0,Emergency
15:02:35,1,0,1,1,49,35.2,23,12,0,4,8,0,0,0,24.5,Low
15:02:44,0,1,1,1,105,37.3,77,6,4,3,9,0,1,1,52.5,Emergency
15:02:53,1,0,0,0,37,43.5,12,5,1,7,6,1,1,1,18.5,Emergency
15:03:03,0,0,0,0,32,30.0,10,4,1,4,7,1,1,0,16.0,Emergency
15:03:12,0,1,0,1,76,34.6,16,44,2,4,6,1,0,1,38.0,Emergency
15:03:21,1,1,0,0,121,44.6,71,37,1,3,6,0,1,1,60.5,Emergency
15:03:31,1,1,0,1,31,36.4,3,14,3,3,6,1,1,0,15.5,Emergency
15:03:40,1,1,1,1,119,37.2,51,53,1,5,5,1,1,0,59.5,Emergency
15:03:49,0,1,1,1,77,47.2,53,14,0,4,2,1,1,0,38.5,Emergency
15:03:59,1,0,1,1,37,44.7,1,16,4,5,8,0,0,0,18.5,Low
15:04:08,1,1,1,1,97,37.0,49,38,4,0,5,0,0,1,48.5,Emergency
15:04:17,0,1,0,1,140,32.7,87,37,0,8,5,1,1,0,70.0,Emergency
15:04:27,1,0,1,0,66,40.4,32,26,0,0,3,0,1,1,33.0,Emergency
15:04:36,0,0,1,1,91,43.4,11,66,1,5,6,0,1,0,45.5,Emergency
15:04:45,0,0,0,1,50,43.9,13,19,0,8,6,1,1,1,25.0,Emergency
15:04:55,0,0,1,1,59,38.1,34,11,2,6,2,1,0,1,29.5,Emergency
15:05:04,1,1,0,1,53,42.4,6,31,4,0,9,0,1,0,26.5,Emergency
15:05:13,0,1,1,1,63,42.3,39,12,4,3,3,1,0,0,31.5,Emergency
15:05:23,0,0,0,1,98,41.1,43,35,4,6,5,1,0,1,49.0,Emergency
15:05:32,1,1,0,1,78,47.9,41,26,1,8,1,0,0,0,39.0,Low
15:05:41,0,0,1,1,30,33.4,13,2,4,6,2,1,1,0,15.0,Emergency
15:05:50,0,1,0,0,74,36.7,58,5,3,2,3,1,0,1,37.0,Emergency
15:06:00,0,0,1,1,54,37.0,22,18,3,4,2,0,1,1,27.0,Emergency
15:06:09,1,0,0,1,39,44.7,17,11,0,2,6,1,1,1,19.5,Emergency
15:06:18,1,0,1,1,115,46.5,71,25,1,8,9,0,0,0,57.5,Medium
15:06:28,1,1,1,0,112,38.3,66,34,0,4,7,0,0,0,56.0,Medium
15:06:37,0,1,1,1,19,40.3,1,8,1,4,2,1,1,1,9.5,Emergency
15:06:46,0,0,1,0,60,41.0,25,9,3,9,7,1,1,1,30.0,Emergency
15:06:56,0,1,1,1,117,42.3,86,15,4,4,2,0,1,1,58.5,Emergency
15:07:05,1,0,1,0,34,31.1,19,6,0,6,1,1,0,1,17.0,Emergency
15:07:14,1,0,1,1,104,44.1,60,20,4,7,9,0,0,0,52.0,Medium
15:07:24,0,0,1,0,76,41.5,26,39,0,6,1,0,0,1,38.0,Emergency
15:07:33,0,1,0,1,40,37.3,8,12,4,9,0,1,1,1,20.0,Emergency
15:07:42,1,0,0,0,48,44.7,12,17,3,7,6,1,0,0,24.0,Emergency
15:07:52,1,1,1,0,64,42.3,51,0,4,0,7,1,1,0,32.0,Emergency
15:08:01,0,1,0,0,37,38.5,16,15,1,0,3,1,0,1,18.5,Emergency
15:08:10,1,0,1,0,111,43.8,76,20,0,9,5,0,0,1,55.5,Emergency
15:08:20,0,1,1,1,26,39.3,14,2,0,5,2,1,1,0,13.0,Emergency
15:08:29,0,1,1,1,105,40.9,78,16,0,6,1,1,1,1,52.5,Emergency
15:08:38,1,1,1,1,104,30.0,59,29,2,2,9,0,1,1,52.0,Emergency
15:08:48,0,0,0,1,71,37.7,51,5,0,1,9,1,1,0,35.5,Emergency
15:08:57,1,0,1,1,119,38.6,68,35,2,4,5,1,1,1,59.5,Emergency
15:09:06,0,0,0,1,85,38.5,36,27,3,9,4,1,1,0,42.5,Emergency
15:09:15,0,0,1,0,57,43.9,22,27,1,4,1,0,1,0,28.5,Emergency
15:09:25,0,0,1,0,37,34.4,17,6,1,9,1,1,1,0,18.5,Emergency
15:09:34,1,0,0,0,112,40.4,47,60,1,3,1,0,0,0,56.0,Medium
15:09:43,0,1,0,0,47,45.0,32,4,1,3,6,0,0,0,23.5,Low
15:09:53,0,1,0,1,68,31.1,22,35,4,1,1,0,1,0,34.0,Emergency
15:10:02,1,0,1,1,103,46.5,20,61,4,9,7,0,1,1,51.5,Emergency
15:10:11,0,0,1,1,72,33.2,43,14,3,2,5,1,0,0,36.0,Emergency
15:10:21,1,1,0,0,98,40.0,72,13,0,7,6,0,0,0,49.0,Low
15:10:30,1,0,1,1,60,42.5,40,3,2,2,8,1,1,0,30.0,Emergency
15:10:39,0,1,1,1,66,37.8,28,29,3,3,1,0,1,0,33.0,Emergency
15:10:49,0,1,0,1,85,34.1,42,34,0,0,2,1,1,1,42.5,Emergency
15:10:58,0,1,0,0,77,33.2,44,21,4,1,5,1,0,0,38.5,Emergency
15:11:07,0,1,1,1,104,36.9,25,59,4,5,7,1,1,1,52.0,Emergency
15:11:17,0,0,0,1,71,39.1,6,51,1,7,1,0,1,1,35.5,Emergency
15:11:26,0,1,0,0,72,43.2,22,35,4,6,4,1,0,0,36.0,Emergency
15:11:35,1,0,1,1,49,31.6,6,23,4,4,9,1,1,0,24.5,Emergency
15:11:45,0,1,0,1,56,39.5,1,38,0,6,9,0,1,0,28.0,Emergency
15:11:54,0,1,0,1,69,35.3,15,40,1,8,3,0,0,1,34.5,Emergency
15:12:03,0,1,1,1,69,31.9,44,15,1,7,0,1,0,0,34.5,Emergency
15:12:13,0,1,1,1,97,45.1,23,64,0,5,0,1,0,0,48.5,Emergency
15:12:22,0,1,1,0,24,37.7,3,7,2,3,8,0,1,0,12.0,Emergency
15:12:31,1,1,1,1,40,36.0,0,19,3,7,4,1,1,1,20.0,Emergency
15:12:41,1,1,1,1,95,39.3,26,52,3,5,5,0,1,1,47.5,Emergency
15:12:50,1,0,0,0,68,39.6,12,45,1,0,7,0,1,0,34.0,Emergency
15:12:59,1,1,1,0,29,40.6,0,14,0,3,6,1,0,1,14.5,Emergency
15:13:08,1,0,1,0,74,35.0,51,2,4,9,3,0,1,1,37.0,Emergency
15:13:18,1,1,0,1,88,37.6,36,45,0,4,1,0,0,0,44.0,Low
15:13:27,1,1,1,1,83,39.2,52,11,3,4,9,1,0,0,41.5,Emergency
15:13:36,0,0,0,1,55,48.9,31,5,4,0,9,0,1,1,27.5,Emergency
15:13:46,1,0,0,1,87,33.4,67,6,2,5,6,0,0,0,43.5,Low
15:13:55,0,1,1,0,61,50.7,21,24,4,0,7,1,1,0,30.5,Emergency
15:14:04,0,1,0,0,67,37.5,1,58,3,2,1,0,1,1,33.5,Emergency
15:14:14,1,1,0,0,84,41.0,54,12,1,5,7,1,1,1,42.0,Emergency
15:14:23,1,1,1,1,25,34.6,6,6,2,7,1,0,0,1,12.5,Emergency
15:14:32,1,1,0,1,73,43.0,31,27,2,0,9,0,0,0,36.5,Low
15:14:42,0,0,0,0,63,41.5,44,8,3,7,0,0,1,0,31.5,Emergency
15:14:51,1,1,1,1,125,44.3,74,35,0,4,8,0,0,1,62.5,Emergency
15:15:00,1,0,1,1,40,32.9,28,1,1,8,2,0,0,0,20.0,Low
15:15:10,1,1,0,1,88,36.0,14,59,2,1,7,1,0,1,44.0,Emergency
15:15:19,1,1,1,1,64,40.8,33,13,0,7,8,0,1,1,32.0,Emergency
15:15:28,0,0,0,0,78,53.5,11,46,2,9,5,1,1,0,39.0,Emergency
15:15:38,0,1,1,0,158,36.3,97,46,2,9,0,0,1,1,79.0,Emergency
15:15:47,0,0,1,0,75,43.5,42,20,0,8,3,1,1,0,37.5,Emergency
15:15:56,0,0,0,0,32,42.9,1,25,3,0,1,1,1,0,16.0,Emergency
15:16:06,0,0,0,0,44,46.3,19,10,2,3,6,1,1,1,22.0,Emergency
15:16:15,0,1,0,0,88,36.4,54,20,4,4,3,1,0,1,44.0,Emergency
15:16:24,0,1,1,1,112,39.2,61,41,2,6,0,0,0,0,56.0,Medium
15:16:33,0,1,0,0,67,37.2,15,29,4,8,8,1,0,1,33.5,Emergency
15:16:43,0,1,1,1,25,43.1,2,2,3,9,8,1,0,0,12.5,Emergency
15:16:52,0,1,0,1,72,31.0,32,27,1,4,5,1,0,0,36.0,Emergency
15:17:01,1,0,1,0,42,44.8,24,6,0,4,5,1,0,1,21.0,Emergency
15:17:11,0,0,1,0,95,40.7,77,8,3,5,2,0,0,0,47.5,Low
15:17:20,0,0,1,0,46,44.7,21,6,0,9,4,1,0,1,23.0,Emergency
15:17:29,0,0,0,0,43,40.8,12,19,0,1,5,1,0,1,21.5,Emergency
15:17:39,1,0,1,0,41,39.1,6,26,1,0,4,0,1,0,20.5,Emergency
15:17:48,0,0,1,0,56,41.8,2,38,2,3,7,1,1,1,28.0,Emergency
15:17:57,0,1,0,0,95,42.5,47,31,3,4,6,1,1,0,47.5,Emergency
15:18:07,1,1,0,0,87,37.7,23,52,1,8,1,0,1,0,43.5,Emergency
15:18:16,1,0,0,1,96,38.9,71,15,0,0,7,0,1,1,48.0,Emergency
15:18:25,0,0,0,0,75,38.0,28,28,1,7,6,1,0,1,37.5,Emergency
15:18:35,1,1,0,0,109,46.7,86,6,0,6,7,0,0,1,54.5,Emergency
15:18:44,1,0,0,1,68,38.7,44,8,4,1,6,1,1,0,34.0,Emergency
15:18:53,0,0,1,0,113,31.9,48,48,1,7,8,0,0,1,56.5,Emergency
15:19:03,1,0,0,1,101,35.9,59,27,1,1,8,1,1,0,50.5,Emergency
15:19:12,0,1,0,0,85,42.8,42,33,0,1,5,1,0,0,42.5,Emergency
15:19:21,1,1,1,1,80,39.0,37,24,3,5,9,0,0,0,40.0,Low
15:19:31,0,1,1,0,51,34.3,30,3,1,7,4,0,1,1,25.5,Emergency
15:19:40,1,0,0,1,69,43.7,47,6,4,3,5,1,0,1,34.5,Emergency
15:19:49,1,0,1,0,60,46.5,30,21,0,1,5,1,0,1,30.0,Emergency
15:19:58,0,1,0,1,58,49.1,12,25,4,8,6,1,1,0,29.0,Emergency
15:20:08,1,0,1,0,45,38.1,23,4,1,5,8,0,0,1,22.5,Emergency
15:20:17,0,0,0,0,62,40.4,35,16,0,7,2,1,0,1,31.0,Emergency
15:20:26,0,0,1,1,102,45.5,64,24,1,1,9,0,0,0,51.0,Medium
15:20:36,0,1,1,1,87,37.7,25,37,3,8,9,1,1,0,43.5,Emergency
15:20:45,0,1,0,0,93,50.6,57,22,4,0,7,0,0,1,46.5,Emergency
15:20:54,0,0,1,1,116,37.9,81,28,1,4,0,0,1,0,58.0,Emergency
15:21:04,1,1,1,0,120,41.3,45,53,2,7,8,0,0,1,60.0,Emergency
15:21:13,1,1,1,1,53,41.6,15,25,3,6,0,1,0,0,26.5,Emergency
15:21:22,0,1,0,0,59,39.3,31,14,2,1,9,0,1,1,29.5,Emergency
15:21:32,0,0,1,1,114,40.0,72,27,2,4,6,1,1,1,57.0,Emergency
15:21:41,0,0,0,1,40,33.2,2,23,1,4,8,1,1,0,20.0,Emergency
15:21:50,0,1,1,1,25,40.2,10,6,2,2,4,0,0,1,12.5,Emergency
15:22:00,0,1,0,1,94,34.1,56,19,1,4,7,1,1,1,47.0,Emergency
15:22:09,0,1,0,1,46,34.1,1,33,0,2,6,0,1,1,23.0,Emergency
15:22:18,0,1,0,0,54,47.9,23,18,3,7,2,1,0,0,27.0,Emergency
15:22:28,1,1,1,0,58,33.7,10,29,2,6,9,0,1,1,29.0,Emergency
15:22:37,1,1,1,0,53,46.2,26,10,3,3,8,0,1,1,26.5,Emergency
15:22:46,0,1,1,0,40,39.3,3,22,1,0,8,1,1,0,20.0,Emergency
15:22:56,1,0,0,0,78,45.7,34,26,3,1,7,1,1,1,39.0,Emergency
15:23:05,0,1,1,0,78,37.4,29,29,4,7,3,1,1,0,39.0,Emergency
15:23:14,0,0,0,1,43,45.1,2,23,0,8,6,1,0,1,21.5,Emergency
15:23:23,0,1,0,0,81,45.8,52,15,0,9,3,0,1,1,40.5,Emergency
15:23:33,1,1,1,1,25,37.8,8,5,3,0,7,1,1,0,12.5,Emergency
15:23:42,0,0,0,1,25,32.3,5,8,1,8,0,1,1,1,12.5,Emergency
15:23:51,0,1,0,1,120,47.7,80,27,3,6,1,0,0,0,60.0,Medium
15:24:01,1,1,0,0,37,43.9,17,4,1,5,8,1,0,1,18.5,Emergency
15:24:10,1,1,0,1,60,43.6,6,40,0,8,1,0,1,1,30.0,Emergency
15:24:19,0,1,0,0,52,35.0,31,10,3,3,3,1,0,1,26.0,Emergency
15:24:29,0,1,1,1,83,35.4,32,34,4,0,8,1,0,1,41.5,Emergency
15:24:38,0,0,0,0,25,35.4,0,15,2,1,1,1,1,1,12.5,Emergency
15:24:47,0,0,0,1,72,43.8,2,61,4,0,0,1,0,1,36.0,Emergency
15:24:57,1,0,1,1,73,29.7,29,25,4,6,6,1,0,1,36.5,Emergency
15:25:06,0,0,1,1,94,46.3,69,15,2,4,1,0,1,0,47.0,Emergency
15:25:15,1,1,0,0,64,46.0,37,11,4,4,3,0,1,1,32.0,Emergency
15:25:25,1,1,0,1,61,38.5,4,31,2,9,9,1,1,1,30.5,Emergency
15:25:34,1,0,1,1,49,45.6,29,4,1,5,6,0,1,1,24.5,Emergency
15:25:43,0,0,0,1,57,41.5,2,36,4,8,6,0,1,0,28.5,Emergency
15:25:53,1,0,0,1,44,38.5,11,18,3,1,8,1,0,0,22.0,Emergency
15:26:02,0,0,1,1,101,40.4,54,36,0,8,1,0,1,1,50.5,Emergency
15:26:11,0,1,0,0,107,43.4,61,29,2,2,7,1,0,1,53.5,Emergency
15:26:21,0,0,1,1,98,39.7,28,51,2,9,7,1,0,0,49.0,Emergency
15:26:30,1,1,1,1,114,44.4,68,26,3,5,8,1,1,0,57.0,Emergency
15:26:39,1,1,0,0,105,46.1,17,68,3,9,4,0,1,0,52.5,Emergency
15:26:48,0,1,0,1,36,33.6,17,7,3,0,7,0,0,0,18.0,Low
15:26:58,0,0,1,0,126,31.3,65,45,1,7,4,0,0,1,63.0,Emergency
15:27:07,1,0,0,0,102,43.9,43,44,0,6,4,1,1,1,51.0,Emergency
15:27:16,0,0,1,0,46,36.5,9,23,1,0,7,1,1,1,23.0,Emergency
15:27:26,1,1,1,0,88,41.7,57,21,3,1,4,0,0,0,44.0,Low
15:27:35,1,0,0,0,60,35.3,7,33,3,6,6,0,0,1,30.0,Emergency
15:27:44,1,0,1,0,32,44.2,14,4,4,3,3,1,0,1,16.0,Emergency
15:27:54,1,1,0,1,64,38.1,50,7,2,0,2,1,1,1,32.0,Emergency
15:28:03,1,0,1,0,52,41.7,8,27,3,8,2,0,0,0,26.0,Low
15:28:12,0,0,0,0,82,40.5,50,16,4,7,3,0,0,0,41.0,Low
15:28:22,0,0,1,0,126,39.5,48,57,2,8,6,1,1,1,63.0,Emergency
15:28:31,1,0,1,0,52,33.2,40,4,2,2,2,1,0,0,26.0,Emergency
15:28:40,1,0,1,0,63,35.5,6,47,2,4,1,0,0,0,31.5,Low
15:28:50,1,0,1,0,54,32.9,2,33,0,8,6,1,0,1,27.0,Emergency
15:28:59,1,0,1,0,72,33.1,4,56,3,2,5,1,0,0,36.0,Emergency
15:29:08,0,1,0,1,43,42.0,14,17,0,3,5,0,1,0,21.5,Emergency
15:29:18,0,0,0,1,54,39.5,31,2,2,9,8,1,0,0,27.0,Emergency
15:29:27,1,0,0,1,47,42.7,17,21,0,3,2,1,1,1,23.5,Emergency
15:29:36,0,0,1,1,28,38.9,7,4,4,6,4,0,0,0,14.0,Low
15:29:46,0,1,1,1,85,38.8,55,10,1,8,6,1,0,0,42.5,Emergency
15:29:55,1,0,0,0,64,43.6,19,22,1,7,9,1,1,0,32.0,Emergency
15:30:04,0,0,1,1,73,39.7,43,14,4,6,3,0,0,1,36.5,Emergency
15:30:13,0,1,1,0,73,31.5,5,50,1,8,5,0,1,1,36.5,Emergency
15:30:23,1,1,0,0,41,43.7,18,4,2,8,7,0,0,0,20.5,Low
15:30:32,0,1,1,1,84,37.4,37,25,4,8,9,0,0,0,42.0,Low
15:30:41,1,1,0,0,44,45.8,29,1,0,3,5,1,1,0,22.0,Emergency
15:30:51,0,1,1,0,86,41.4,49,23,2,2,8,1,0,1,43.0,Emergency
15:31:00,0,1,0,0,52,45.9,21,12,4,6,8,0,1,0,26.0,Emergency
15:31:09,0,1,0,0,73,44.6,42,19,1,6,1,0,0,1,36.5,Emergency
15:31:19,0,1,0,0,42,38.9,5,19,3,3,7,1,1,0,21.0,Emergency
15:31:28,1,1,1,0,108,51.4,21,69,1,7,7,0,0,0,54.0,Medium
15:31:37,0,1,0,0,54,36.3,36,1,2,7,5,0,0,1,27.0,Emergency
15:31:47,1,1,0,1,96,35.7,84,1,1,1,5,1,0,0,48.0,Emergency
15:31:56,1,0,1,0,91,46.8,55,17,4,8,5,0,1,1,45.5,Emergency
15:32:05,0,0,1,1,63,44.2,39,10,2,2,5,1,1,1,31.5,Emergency
15:32:15,0,1,0,1,84,39.0,73,2,2,2,0,0,1,0,42.0,Emergency
15:32:24,1,1,0,1,88,43.4,49,22,1,6,7,1,0,1,44.0,Emergency
15:32:33,1,0,0,0,63,34.3,41,0,3,3,9,1,1,1,31.5,Emergency
15:32:43,0,0,0,1,41,35.2,19,7,3,2,6,0,0,0,20.5,Low
15:32:52,0,1,1,0,49,42.8,3,24,3,6,9,1,0,0,24.5,Emergency
15:33:01,1,0,1,0,15,24.6,8,0,2,1,2,0,0,1,7.5,Emergency
15:33:11,0,1,0,1,98,32.2,64,21,4,5,3,0,0,1,49.0,Emergency
15:33:20,0,0,1,0,81,34.8,38,28,2,4,8,1,0,0,40.5,Emergency
15:33:29,0,1,1,1,99,41.0,30,58,1,5,1,0,0,0,49.5,Low
15:33:38,0,1,1,0,86,39.8,48,29,2,3,0,1,1,1,43.0,Emergency
15:33:48,1,1,0,1,69,43.7,44,10,2,5,3,1,0,1,34.5,Emergency
15:33:57,0,0,0,0,63,37.3,26,27,0,0,6,1,0,1,31.5,Emergency
15:34:06,1,0,1,0,44,42.0,16,14,1,4,7,0,0,0,22.0,Low
15:34:16,0,1,1,1,126,39.0,73,38,0,5,9,0,0,1,63.0,Emergency
15:34:25,1,1,0,0,69,41.2,41,18,2,2,5,1,0,0,34.5,Emergency
15:34:34,0,1,0,0,44,43.0,7,22,4,2,7,1,0,0,22.0,Emergency
15:34:44,0,1,0,0,50,39.1,19,21,0,4,1,0,1,0,25.0,Emergency
15:34:53,0,0,0,1,90,38.8,70,6,0,5,4,1,1,1,45.0,Emergency
15:35:02,1,0,1,1,19,47.6,4,4,0,6,2,0,0,0,9.5,Low
15:35:12,0,0,0,0,34,39.1,12,12,4,3,3,0,0,0,17.0,Low
15:35:21,0,0,0,1,48,47.5,0,40,1,0,5,0,1,0,24.0,Emergency
15:35:30,0,0,0,0,29,44.0,8,16,2,1,0,0,0,0,14.5,Low
15:35:40,1,0,1,0,121,35.3,54,57,1,3,0,1,0,1,60.5,Emergency
15:35:49,0,1,1,0,114,37.7,67,34,1,7,4,1,0,0,57.0,Emergency
15:35:58,0,0,0,1,126,37.4,57,51,2,5,6,0,0,1,63.0,Emergency
15:36:08,1,1,1,0,81,40.0,31,34,2,8,3,1,1,1,40.5,Emergency
15:36:17,0,1,1,1,31,36.9,5,14,3,1,4,1,0,0,15.5,Emergency
15:36:26,1,1,0,1,71,32.5,41,14,1,2,9,1,1,0,35.5,Emergency
15:36:36,1,0,0,1,29,41.8,7,12,1,4,2,0,1,1,14.5,Emergency
15:36:45,0,1,1,1,79,44.2,3,58,2,9,4,1,0,0,39.5,Emergency
15:36:54,1,0,1,1,124,37.1,92,16,1,7,4,0,1,1,62.0,Emergency
15:37:03,1,1,1,1,109,32.0,32,60,3,4,5,0,1,0,54.5,Emergency
15:37:13,0,1,1,0,122,40.0,95,8,4,4,9,0,0,1,61.0,Emergency
15:37:22,0,1,1,1,83,44.1,62,11,3,2,3,1,1,0,41.5,Emergency
15:37:31,1,1,1,1,40,38.8,17,3,3,5,9,1,0,0,20.0,Emergency
15:37:41,0,0,1,1,88,39.9,62,12,2,4,3,1,1,1,44.0,Emergency
15:37:50,1,1,0,0,48,33.2,24,14,3,3,1,1,0,1,24.0,Emergency
15:37:59,0,0,0,0,142,48.3,59,57,4,7,9,1,0,1,71.0,Emergency
15:38:09,0,0,0,0,112,38.5,70,34,3,1,1,1,1,1,56.0,Emergency
15:38:18,1,0,0,1,100,41.6,55,29,3,4,9,0,0,0,50.0,Medium
15:38:27,0,0,1,0,33,42.3,16,2,2,0,9,1,1,1,16.5,Emergency
15:38:37,0,0,0,1,65,43.9,37,19,1,6,1,0,1,0,32.5,Emergency
15:38:46,0,1,1,1,29,49.9,8,5,1,2,8,0,0,1,14.5,Emergency
15:38:55,1,0,0,1,53,41.7,20,27,1,0,1,1,1,1,26.5,Emergency
15:39:05,1,0,1,1,81,35.3,31,30,2,8,5,0,1,1,40.5,Emergency
15:39:14,1,1,0,0,35,35.6,15,1,0,6,8,0,0,1,17.5,Emergency
15:39:23,1,1,1,1,54,36.3,8,35,1,3,4,0,1,0,27.0,Emergency
15:39:33,0,0,0,1,51,33.0,20,11,1,6,8,1,1,0,25.5,Emergency
15:39:42,1,0,1,1,97,40.9,62,21,0,4,5,0,1,1,48.5,Emergency
15:39:51,0,1,0,0,47,36.8,25,7,0,7,1,1,1,1,23.5,Emergency
15:40:01,0,0,1,1,38,38.2,23,8,1,2,1,0,1,0,19.0,Emergency
15:40:10,0,1,0,1,57,32.0,19,18,1,5,9,1,0,0,28.5,Emergency
15:40:19,1,1,1,0,54,43.5,29,9,1,3,5,1,1,1,27.0,Emergency
15:40:28,1,1,0,0,80,45.4,28,35,4,8,3,0,0,1,40.0,Emergency
15:40:38,0,0,0,1,97,41.1,29,63,0,1,0,1,0,0,48.5,Emergency
15:40:47,1,0,0,0,98,46.0,9,77,0,4,5,1,0,1,49.0,Emergency
15:40:56,0,1,1,1,71,44.7,34,25,0,3,7,1,0,1,35.5,Emergency
15:41:06,1,1,0,1,70,47.6,38,18,4,4,1,0,0,1,35.0,Emergency
15:41:15,0,0,1,0,74,45.7,38,31,0,2,0,1,0,0,37.0,Emergency
15:41:24,0,1,0,1,44,42.7,25,8,2,0,4,0,1,0,22.0,Emergency
15:41:34,0,0,1,0,45,38.9,31,4,0,4,2,0,1,0,22.5,Emergency
15:41:43,1,0,1,1,44,41.6,26,4,1,8,2,0,1,1,22.0,Emergency
15:41:52,1,0,1,0,82,43.0,6,63,2,0,5,1,0,1,41.0,Emergency
15:42:02,1,0,1,1,78,39.1,38,19,0,8,8,0,0,1,39.0,Emergency
15:42:11,0,1,1,0,45,40.0,5,27,0,2,5,1,1,0,22.5,Emergency
15:42:20,0,1,1,1,109,42.5,39,61,1,1,2,1,0,1,54.5,Emergency
15:42:30,0,1,1,1,101,36.4,53,34,4,6,3,0,0,0,50.5,Medium
15:42:39,1,1,1,1,106,44.2,70,35,1,0,0,0,0,0,53.0,Medium
15:42:48,0,0,0,0,58,49.2,3,44,1,1,6,1,1,0,29.0,Emergency
15:42:58,0,0,1,0,45,38.3,5,28,1,2,3,1,1,1,22.5,Emergency
15:43:07,0,0,1,1,72,38.2,40,19,4,2,1,1,1,1,36.0,Emergency
15:43:16,1,1,0,0,94,44.0,49,33,2,6,1,1,0,0,47.0,Emergency
15:43:26,1,0,1,1,68,33.1,45,9,3,1,5,1,1,1,34.0,Emergency
15:43:35,0,1,0,1,85,38.7,50,17,1,6,8,0,0,0,42.5,Low
15:43:44,1,1,1,1,42,48.2,11,11,2,9,4,1,0,0,21.0,Emergency
15:43:53,1,1,1,0,42,39.4,15,7,2,6,9,1,1,1,21.0,Emergency
15:44:03,1,0,0,1,33,45.1,1,23,4,2,1,0,0,0,16.5,Low
15:44:12,1,0,0,0,138,42.5,85,41,1,9,0,0,1,1,69.0,Emergency
15:44:21,0,1,0,0,95,43.0,62,7,4,7,9,1,1,1,47.5,Emergency
15:44:31,0,1,1,0,55,38.6,16,25,0,3,8,0,0,0,27.5,Low
15:44:40,1,1,1,1,68,34.0,38,13,1,5,8,0,1,1,34.0,Emergency
15:44:49,0,1,1,0,103,43.1,73,11,4,8,5,0,0,0,51.5,Medium
15:44:59,0,0,0,1,98,38.8,14,66,3,8,2,1,1,1,49.0,Emergency
15:45:08,0,0,1,1,68,38.7,11,46,1,0,6,0,0,0,34.0,Low
15:45:17,0,1,0,1,66,49.4,42,8,3,7,3,1,0,1,33.0,Emergency
15:45:27,1,0,1,1,149,40.0,91,40,1,8,5,1,1,0,74.5,Emergency
15:45:36,0,1,0,1,108,38.2,63,39,1,1,0,1,1,0,54.0,Emergency
15:45:45,0,1,1,1,66,42.2,37,16,3,4,1,0,1,1,33.0,Emergency
15:45:55,1,1,0,1,61,41.5,34,14,2,2,6,0,0,1,30.5,Emergency
15:46:04,0,0,0,1,23,31.9,3,3,2,0,8,1,1,1,11.5,Emergency
15:46:13,0,1,0,1,66,40.2,16,36,2,3,7,1,0,0,33.0,Emergency
15:46:23,0,1,0,1,74,35.6,64,1,2,2,1,1,0,1,37.0,Emergency
15:46:32,1,1,1,1,85,32.7,54,20,0,2,5,0,0,0,42.5,Low
15:46:41,0,1,0,0,55,34.6,32,12,3,0,2,1,1,0,27.5,Emergency
15:46:51,1,0,1,0,56,42.5,31,12,3,3,3,1,0,1,28.0,Emergency
15:47:00,1,0,1,0,84,42.1,66,0,2,5,9,0,1,1,42.0,Emergency
15:47:09,0,1,0,0,36,35.5,18,3,0,5,8,0,1,0,18.0,Emergency
15:47:18,0,0,1,1,68,40.2,34,16,1,4,9,0,1,0,34.0,Emergency
15:47:28,0,0,0,1,18,45.2,3,1,2,6,1,0,1,1,9.0,Emergency
15:47:37,1,1,1,0,53,37.2,10,26,0,6,7,0,1,1,26.5,Emergency
15:47:46,1,0,1,1,94,39.2,67,7,1,7,9,0,1,0,47.0,Emergency
15:47:56,0,1,1,1,87,47.7,43,32,2,0,5,0,1,0,43.5,Emergency
15:48:05,0,1,0,0,47,36.8,6,31,0,2,3,0,1,1,23.5,Emergency
15:48:14,1,0,1,1,50,34.2,12,24,4,2,4,0,0,0,25.0,Low
15:48:24,1,1,0,0,56,46.8,42,7,0,1,3,1,1,0,28.0,Emergency
15:48:33,0,0,1,0,57,31.0,5,35,0,9,6,0,0,1,28.5,Emergency
15:48:42,1,0,1,1,90,35.9,59,23,2,5,0,0,0,1,45.0,Emergency
15:48:52,1,0,1,0,115,43.2,81,23,0,4,2,0,0,1,57.5,Emergency
15:49:01,1,1,0,0,84,37.8,42,21,1,9,8,1,1,1,42.0,Emergency
15:49:10,1,1,1,1,22,35.0,6,5,0,5,2,0,0,0,11.0,Low
15:49:20,1,1,0,1,62,38.2,0,39,3,5,9,1,1,1,31.0,Emergency
15:49:29,1,1,1,1,54,40.8,29,11,1,8,1,1,0,0,27.0,Emergency
15:49:38,1,0,1,0,25,38.6,11,7,0,0,4,0,1,1,12.5,Emergency
15:49:48,1,0,1,1,41,39.1,11,21,2,2,1,0,1,0,20.5,Emergency
15:49:57,0,0,1,1,74,37.8,19,36,2,4,8,1,0,0,37.0,Emergency
15:50:06,0,0,0,0,80,39.4,43,23,1,9,2,0,1,0,40.0,Emergency
15:50:16,0,1,0,0,109,47.6,88,5,4,2,5,1,0,1,54.5,Emergency
15:50:25,0,1,0,0,104,49.6,49,39,3,6,1,1,0,1,52.0,Emergency
15:50:34,1,1,1,1,52,34.7,16,25,2,2,4,0,0,1,26.0,Emergency
15:50:44,0,1,1,0,54,43.7,22,17,4,7,1,0,0,1,27.0,Emergency
15:50:53,1,0,1,0,110,49.7,52,45,3,3,7,0,0,0,55.0,Medium
15:51:02,0,1,1,0,69,32.3,38,16,3,4,1,1,1,1,34.5,Emergency
15:51:11,1,0,1,0,122,40.7,73,29,2,9,7,0,0,0,61.0,Medium
15:51:21,0,0,0,0,57,44.0,16,22,2,6,8,1,0,1,28.5,Emergency
15:51:30,1,1,1,0,70,36.5,42,13,1,9,2,1,1,0,35.0,Emergency
15:51:39,1,1,1,1,56,41.0,30,7,3,6,8,0,1,1,28.0,Emergency
15:51:49,1,1,1,0,44,41.5,14,10,1,6,7,1,1,1,22.0,Emergency
15:51:58,0,0,0,1,54,41.9,20,15,1,9,5,0,1,1,27.0,Emergency
15:52:07,1,0,0,1,40,36.8,1,30,3,0,5,0,0,0,20.0,Low
15:52:17,1,0,0,0,42,41.4,11,26,0,1,1,0,0,1,21.0,Emergency
15:52:26,1,1,0,0,91,44.1,69,14,0,1,4,0,0,0,45.5,Low
15:52:35,1,1,1,1,82,41.6,9,59,1,7,4,0,1,0,41.0,Emergency
15:52:45,0,0,1,0,70,45.6,41,9,0,9,8,0,1,1,35.0,Emergency
15:52:54,1,0,1,1,69,37.4,39,22,1,3,0,1,1,0,34.5,Emergency
15:53:03,0,0,1,0,49,41.8,37,2,0,1,6,0,1,1,24.5,Emergency
15:53:13,0,0,0,0,79,44.3,61,0,4,2,9,1,1,1,39.5,Emergency
15:53:22,0,1,1,1,37,46.1,3,29,0,4,0,0,0,0,18.5,Low
15:53:31,1,1,0,1,95,36.5,43,30,4,6,6,1,1,1,47.5,Emergency
15:53:41,1,1,0,1,33,34.6,2,12,4,9,1,0,1,1,16.5,Emergency
15:53:50,0,0,0,0,19,39.5,7,1,0,3,3,0,0,1,9.5,Emergency
15:53:59,0,0,1,1,106,35.5,53,43,3,0,6,1,0,0,53.0,Emergency
15:54:09,1,0,0,1,70,36.6,21,35,1,7,2,1,0,0,35.0,Emergency
15:54:18,0,0,1,1,28,46.9,21,2,0,1,2,1,0,0,14.0,Emergency
15:54:27,1,1,0,1,41,43.1,26,5,2,0,7,0,0,0,20.5,Low
15:54:36,0,0,0,0,96,46.3,69,11,2,3,8,1,1,0,48.0,Emergency
15:54:46,1,1,0,1,101,42.4,40,42,1,6,8,0,0,1,50.5,Emergency
15:54:55,0,0,1,0,86,32.7,43,27,2,9,1,0,1,0,43.0,Emergency
15:55:04,0,1,1,1,31,35.3,19,0,0,8,0,0,0,1,15.5,Emergency
15:55:14,1,0,1,0,93,41.2,53,25,2,6,5,1,1,0,46.5,Emergency
15:55:23,1,1,0,0,132,37.4,95,25,0,9,2,0,0,1,66.0,Emergency
15:55:32,1,0,1,1,131,35.9,27,83,3,5,9,1,0,0,65.5,Emergency
15:55:42,1,0,1,1,68,33.6,53,6,3,3,2,0,1,0,34.0,Emergency
15:55:51,0,1,1,0,81,41.6,32,37,0,1,7,0,1,0,40.5,Emergency
15:56:00,1,0,1,0,42,39.7,24,3,0,7,3,1,1,1,21.0,Emergency
15:56:10,0,1,1,1,56,46.3,33,5,3,5,7,0,0,0,28.0,Low
15:56:19,0,0,1,0,130,40.0,80,40,4,1,1,0,1,0,65.0,Emergency
15:56:28,1,0,1,0,66,36.0,32,17,0,8,7,1,0,1,33.0,Emergency
15:56:38,0,0,0,0,63,40.7,15,41,1,4,2,0,0,0,31.5,Low
15:56:47,0,1,0,1,51,39.6,31,9,0,9,0,0,1,0,25.5,Emergency
15:56:56,1,1,0,1,134,44.9,43,64,4,9,8,1,0,1,67.0,Emergency
15:57:06,1,1,0,0,26,44.6,7,4,3,7,3,0,1,0,13.0,Emergency
15:57:15,1,0,0,0,109,31.8,55,36,1,6,9,0,1,0,54.5,Emergency
15:57:24,1,0,1,0,27,45.5,6,12,0,0,3,0,1,1,13.5,Emergency
15:57:34,0,0,1,1,52,42.0,22,17,1,3,8,1,0,0,26.0,Emergency
15:57:43,0,1,0,0,110,43.3,57,43,0,2,6,1,1,0,55.0,Emergency
15:57:52,0,0,1,1,57,53.0,31,19,3,0,2,0,1,0,28.5,Emergency
15:58:01,1,1,0,1,92,44.0,59,28,1,3,0,1,0,0,46.0,Emergency
15:58:11,1,1,1,0,52,31.5,14,25,4,2,5,0,0,0,26.0,Low
15:58:20,1,1,1,1,94,40.2,59,25,0,3,4,0,0,1,47.0,Emergency
15:58:29,1,1,0,0,126,42.4,38,72,1,3,7,1,1,1,63.0,Emergency
15:58:39,1,1,1,0,24,49.8,12,4,1,0,5,0,0,1,12.0,Emergency
15:58:48,0,0,0,1,46,41.2,22,6,1,4,8,0,1,0,23.0,Emergency
15:58:57,1,0,0,0,40,41.7,15,5,2,9,6,0,1,0,20.0,Emergency
15:59:07,0,0,0,0,46,32.3,32,3,1,7,3,0,0,0,23.0,Low
15:59:16,0,1,1,0,54,36.0,39,6,0,3,3,1,0,1,27.0,Emergency
15:59:25,1,1,0,1,79,40.9,11,54,4,4,3,1,0,1,39.5,Emergency
15:59:35,1,0,1,1,32,40.7,17,5,0,0,4,1,1,1,16.0,Emergency
15:59:44,1,1,1,1,105,39.4,25,58,4,9,2,1,1,1,52.5,Emergency
15:59:53,0,1,0,1,85,34.9,51,21,0,3,5,1,0,0,42.5,Emergency
16:00:03,1,0,0,0,58,42.4,35,5,4,3,5,1,1,1,29.0,Emergency
16:00:12,1,1,0,0,49,49.4,1,29,3,4,8,0,0,0,24.5,Low
16:00:21,1,1,1,0,54,43.0,7,33,2,1,4,1,1,1,27.0,Emergency
16:00:31,0,1,1,1,69,39.3,42,12,3,3,6,1,1,0,34.5,Emergency
16:00:40,1,1,1,0,32,39.5,16,2,0,2,8,1,0,1,16.0,Emergency
16:00:49,0,0,1,1,30,39.1,12,6,4,0,4,1,1,0,15.0,Emergency
16:00:59,0,0,1,0,63,44.9,54,2,0,5,0,1,1,0,31.5,Emergency
16:01:08,0,0,1,0,73,35.6,33,30,0,3,3,1,0,0,36.5,Emergency
16:01:17,1,1,0,0,98,32.2,63,24,4,1,3,0,0,1,49.0,Emergency
16:01:26,1,0,0,1,60,43.4,30,9,4,8,3,0,1,1,30.0,Emergency
16:01:36,0,1,0,0,99,45.1,55,33,0,6,2,0,1,0,49.5,Emergency
16:01:45,0,0,1,0,85,43.7,4,68,0,7,4,0,0,1,42.5,Emergency
16:01:54,1,0,1,0,75,40.1,22,37,4,4,6,1,0,1,37.5,Emergency
16:02:04,1,0,0,1,46,37.3,13,24,0,2,3,1,1,1,23.0,Emergency
16:02:13,1,0,0,1,53,42.5,17,14,4,8,6,0,0,0,26.5,Low
16:02:22,1,1,1,1,21,37.3,8,2,0,1,8,0,1,1,10.5,Emergency
16:02:32,0,0,1,1,79,41.5,39,20,4,3,8,0,1,0,39.5,Emergency
16:02:41,1,1,0,1,28,39.7,2,12,4,8,0,0,1,1,14.0,Emergency
16:02:50,0,1,0,1,20,40.0,1,1,2,4,9,1,1,0,10.0,Emergency
16:03:00,0,0,1,1,54,42.3,17,26,3,1,1,1,1,1,27.0,Emergency
16:03:09,1,1,0,1,66,34.3,40,11,2,5,6,0,1,1,33.0,Emergency
16:03:18,0,0,0,1,83,35.4,45,14,4,7,9,1,0,0,41.5,Emergency
16:03:28,1,1,0,0,71,41.8,39,17,3,2,5,0,1,1,35.5,Emergency
16:03:37,0,1,1,1,88,26.7,42,31,0,4,6,1,0,1,44.0,Emergency
16:03:46,1,1,0,1,14,36.3,7,0,1,0,0,1,0,1,7.0,Emergency
16:03:56,1,1,1,0,93,41.6,54,24,2,2,6,1,0,0,46.5,Emergency
16:04:05,0,1,0,0,57,45.0,32,13,3,2,4,1,0,0,28.5,Emergency
16:04:14,1,1,0,0,64,42.6,3,45,1,3,7,0,0,1,32.0,Emergency
16:04:24,0,0,0,1,46,43.4,33,3,0,5,3,0,1,0,23.0,Emergency
16:04:33,1,1,1,0,30,39.2,6,12,2,7,3,0,0,0,15.0,Low
16:04:42,1,0,1,0,102,49.8,71,10,1,9,6,1,0,0,51.0,Emergency
16:04:51,1,0,1,0,50,35.8,17,26,2,2,2,0,0,1,25.0,Emergency
16:05:01,1,1,1,1,65,40.9,47,2,3,2,6,1,1,0,32.5,Emergency
16:05:10,1,0,0,1,36,31.4,13,5,4,4,6,1,1,0,18.0,Emergency
16:05:19,1,1,1,0,79,52.4,10,45,4,9,7,0,1,0,39.5,Emergency
16:05:29,0,1,1,1,33,39.0,6,14,0,8,1,1,1,0,16.5,Emergency
16:05:38,0,0,1,0,68,44.4,27,22,2,8,5,1,0,1,34.0,Emergency
16:05:47,1,0,1,1,73,35.6,22,43,0,2,5,1,0,0,36.5,Emergency
16:05:57,0,1,0,0,62,38.1,34,11,3,4,7,0,0,0,31.0,Low
16:06:06,1,1,0,0,53,40.1,25,16,0,2,8,1,0,1,26.5,Emergency
16:06:15,1,1,1,1,66,43.8,21,27,0,5,8,1,1,1,33.0,Emergency
16:06:25,1,0,1,1,43,37.3,7,18,0,7,7,0,0,1,21.5,Emergency
16:06:34,0,1,0,1,48,40.2,27,5,4,5,5,1,0,1,24.0,Emergency
16:06:43,1,0,0,1,36,39.0,14,1,3,9,2,1,1,1,18.0,Emergency
16:06:53,0,1,1,1,96,35.4,38,43,2,6,7,0,0,0,48.0,Low
16:07:02,1,1,0,1,58,42.6,18,27,3,0,6,1,0,0,29.0,Emergency
16:07:11,0,0,1,0,53,39.4,6,30,3,2,7,0,1,1,26.5,Emergency
16:07:21,1,1,0,0,46,40.0,8,28,1,6,0,0,0,0,23.0,Low
16:07:30,0,0,0,1,64,43.2,34,22,0,1,3,0,1,1,32.0,Emergency
16:07:39,1,1,0,1,50,32.2,19,15,1,7,3,0,1,1,25.0,Emergency
16:07:49,0,0,1,0,51,35.4,9,26,2,8,0,0,1,1,25.5,Emergency
16:07:58,1,1,0,0,94,42.7,36,46,3,8,0,0,0,0,47.0,Low
16:08:07,0,0,1,1,95,37.8,29,47,2,6,6,1,0,1,47.5,Emergency
16:08:16,1,1,0,1,100,36.3,70,16,3,0,8,1,1,1,50.0,Emergency
16:08:26,1,0,0,1,46,38.3,19,16,0,6,0,0,0,1,23.0,Emergency
16:08:35,0,0,1,0,48,43.1,27,3,4,6,2,1,0,1,24.0,Emergency
16:08:44,1,0,0,1,34,41.3,1,15,4,3,9,0,0,0,17.0,Low
16:08:54,1,0,0,1,59,36.8,31,20,4,1,0,1,0,0,29.5,Emergency
16:09:03,1,1,0,0,131,38.9,74,37,1,7,9,0,0,1,65.5,Emergency
16:09:12,1,0,0,0,77,47.0,15,54,0,0,7,0,1,0,38.5,Emergency
16:09:22,1,1,0,1,90,40.4,4,70,3,0,9,1,0,1,45.0,Emergency
16:09:31,0,1,0,0,29,47.5,6,7,1,7,3,1,1,0,14.5,Emergency
16:09:40,1,1,1,0,40,35.9,5,21,3,6,0,1,1,0,20.0,Emergency
16:09:50,1,1,1,0,128,30.9,93,26,3,1,4,0,0,1,64.0,Emergency
16:09:59,0,1,0,1,64,42.9,44,1,3,2,9,1,0,1,32.0,Emergency
16:10:08,1,1,1,1,68,42.0,37,18,0,3,3,1,1,1,34.0,Emergency
16:10:18,0,1,1,0,77,33.9,4,58,4,6,3,1,1,0,38.5,Emergency
16:10:27,1,1,0,1,82,46.8,21,46,1,8,2,0,1,0,41.0,Emergency
16:10:36,1,0,1,0,88,48.4,22,56,0,7,0,1,0,1,44.0,Emergency
16:10:46,1,1,0,1,62,41.6,25,22,1,6,1,1,1,1,31.0,Emergency
16:10:55,0,1,0,1,135,40.7,79,52,0,2,0,0,1,1,67.5,Emergency
16:11:04,1,1,0,0,87,28.6,64,12,0,1,7,1,1,1,43.5,Emergency
16:11:14,1,1,0,0,107,46.1,69,28,4,2,3,0,0,0,53.5,Medium
16:11:23,0,1,1,0,60,50.0,29,18,1,7,3,0,0,1,30.0,Emergency
16:11:32,0,1,0,1,57,40.7,11,28,1,4,8,1,1,0,28.5,Emergency
16:11:41,1,0,1,0,43,42.0,23,8,1,5,2,0,1,1,21.5,Emergency
16:11:51,1,1,0,0,128,46.9,69,42,4,7,1,1,1,0,64.0,Emergency
16:12:00,1,1,0,0,80,48.7,56,7,3,3,9,0,0,0,40.0,Low
16:12:09,0,1,1,0,58,37.6,40,4,3,9,0,1,0,1,29.0,Emergency
16:12:19,0,0,0,0,44,37.9,25,4,2,1,9,1,1,0,22.0,Emergency
16:12:28,0,1,1,1,52,44.0,31,3,2,4,9,1,0,1,26.0,Emergency
16:12:37,0,0,0,0,82,30.0,40,22,3,5,7,0,1,1,41.0,Emergency
16:12:47,1,1,1,1,115,39.7,81,15,3,3,7,0,1,1,57.5,Emergency
16:12:56,0,1,1,0,46,39.2,26,0,3,7,7,1,0,0,23.0,Emergency
16:13:05,1,0,0,0,74,38.1,46,15,2,2,7,1,0,0,37.0,Emergency
16:13:15,1,0,0,1,87,39.7,29,49,1,4,3,0,0,0,43.5,Low
16:13:24,1,0,1,0,98,43.8,48,36,1,1,7,0,0,1,49.0,Emergency
16:13:33,0,0,1,1,36,24.5,11,12,3,7,0,1,0,1,18.0,Emergency
16:13:43,1,0,1,0,71,37.7,48,5,3,9,3,0,1,0,35.5,Emergency
16:13:52,0,1,1,1,15,42.8,4,2,2,4,1,1,1,0,7.5,Emergency
16:14:01,0,1,1,1,34,44.5,10,7,0,7,7,1,1,0,17.0,Emergency
16:14:11,1,0,1,0,38,38.2,17,12,0,0,4,1,1,0,19.0,Emergency
16:14:20,0,1,0,0,39,35.6,9,22,0,5,0,1,1,1,19.5,Emergency
16:14:29,0,0,0,1,109,34.6,14,80,2,8,0,0,1,1,54.5,Emergency
16:14:39,0,0,1,0,116,42.0,75,21,2,4,8,1,1,1,58.0,Emergency
16:14:48,1,1,0,1,57,45.5,29,11,3,7,7,0,0,0,28.5,Low
16:14:57,0,0,0,0,39,31.3,3,14,3,7,7,0,0,1,19.5,Emergency
16:15:06,0,0,0,1,105,46.7,49,39,3,2,5,1,1,1,52.5,Emergency
16:15:16,0,0,0,1,60,46.6,19,28,1,5,3,0,0,1,30.0,Emergency
16:15:25,1,0,1,0,82,39.8,27,41,4,0,9,0,0,1,41.0,Emergency
16:15:34,1,0,1,1,29,51.7,6,6,4,0,9,0,0,0,14.5,Low
16:15:44,0,0,1,1,48,44.1,36,1,0,2,3,1,1,0,24.0,Emergency
16:15:53,0,1,1,1,70,38.1,32,23,1,3,9,0,1,1,35.0,Emergency
16:16:02,1,1,0,1,59,45.1,3,32,1,9,9,1,1,1,29.5,Emergency
16:16:12,0,0,0,1,62,37.6,28,25,0,2,0,1,1,1,31.0,Emergency
16:16:21,1,0,1,1,53,37.6,32,7,4,0,8,0,0,0,26.5,Low
16:16:30,0,0,0,0,96,30.8,63,21,1,1,9,0,0,0,48.0,Low
16:16:40,1,1,1,0,101,50.8,44,39,4,9,1,1,1,1,50.5,Emergency
16:16:49,0,0,1,1,104,37.3,24,60,1,5,8,1,1,0,52.0,Emergency
16:16:58,1,0,1,0,107,38.1,59,32,0,9,3,0,1,1,53.5,Emergency
16:17:08,0,0,1,1,47,34.6,4,29,4,1,4,1,1,0,23.5,Emergency
16:17:17,1,0,1,1,59,38.3,15,37,0,0,5,1,0,0,29.5,Emergency
16:17:26,1,0,1,1,90,33.6,67,9,0,7,4,1,1,0,45.0,Emergency
16:17:36,0,1,0,0,95,36.1,52,26,2,8,3,1,1,0,47.5,Emergency
16:17:45,0,1,0,1,82,41.6,58,8,2,4,4,1,1,0,41.0,Emergency
16:17:54,1,1,0,0,18,37.5,2,1,0,3,8,1,0,1,9.0,Emergency
16:18:04,0,0,0,1,61,38.3,20,27,4,7,1,0,1,0,30.5,Emergency
16:18:13,1,1,0,1,93,35.7,73,2,0,6,9,1,0,0,46.5,Emergency
16:18:22,0,1,1,1,67,37.5,37,20,0,8,0,0,0,1,33.5,Emergency
16:18:31,0,1,1,1,41,49.4,2,26,4,2,3,1,0,1,20.5,Emergency
16:18:41,1,0,1,0,95,36.3,31,45,1,4,9,1,1,1,47.5,Emergency
16:18:50,1,1,1,0,32,29.5,6,4,4,7,8,0,1,1,16.0,Emergency
16:18:59,1,1,0,0,95,42.4,66,22,1,1,0,0,1,0,47.5,Emergency
16:19:09,0,0,1,1,109,42.8,57,39,0,0,9,1,0,0,54.5,Emergency
16:19:18,1,0,1,0,14,41.4,2,1,1,4,3,1,1,0,7.0,Emergency
16:19:27,0,1,0,0,44,42.5,28,2,3,6,2,1,0,0,22.0,Emergency
16:19:37,0,1,1,0,68,42.8,40,22,1,0,2,0,0,0,34.0,Low
16:19:46,0,0,1,0,48,35.8,1,29,3,8,6,0,1,0,24.0,Emergency
16:19:55,1,0,0,1,57,47.2,31,14,0,7,0,0,0,1,28.5,Emergency
16:20:05,1,0,1,1,77,34.7,52,11,2,5,7,0,0,0,38.5,Low
16:20:14,0,0,0,1,32,43.2,1,25,0,0,1,0,1,1,16.0,Emergency
16:20:23,1,0,0,1,63,38.1,35,19,3,0,3,1,1,0,31.5,Emergency
16:20:33,1,1,1,0,59,44.5,32,8,3,8,7,0,0,1,29.5,Emergency
16:20:42,1,0,0,1,64,45.3,39,16,2,6,0,0,0,0,32.0,Low
16:20:51,1,0,0,0,101,44.6,73,15,3,6,1,1,0,0,50.5,Emergency
16:21:01,1,0,1,0,38,44.6,18,9,3,4,2,0,0,0,19.0,Low
16:21:10,0,0,0,0,112,42.0,71,32,0,4,3,0,1,1,56.0,Emergency
16:21:19,0,1,1,0,95,51.3,31,61,0,0,2,1,0,0,47.5,Emergency
16:21:29,1,1,1,1,115,43.0,51,47,4,6,5,1,0,0,57.5,Emergency
16:21:38,1,1,0,1,76,44.2,49,15,3,3,3,1,1,1,38.0,Emergency
16:21:47,1,1,1,0,139,41.1,68,48,2,8,9,1,1,0,69.5,Emergency
16:21:56,0,1,0,0,106,37.9,61,27,3,8,4,0,0,0,53.0,Medium
16:22:06,0,0,1,0,36,31.5,16,8,1,6,2,0,1,1,18.0,Emergency
16:22:15,1,1,0,0,104,32.9,43,51,0,6,3,0,0,1,52.0,Emergency
16:22:24,1,1,1,1,40,40.8,13,12,0,9,0,1,1,0,20.0,Emergency
16:22:34,1,0,1,0,50,41.4,5,24,4,7,9,1,0,0,25.0,Emergency
16:22:43,0,0,0,1,134,46.8,69,44,4,4,9,0,1,1,67.0,Emergency
16:22:52,1,1,0,1,35,35.1,17,2,0,9,6,0,0,0,17.5,Low
16:23:02,1,1,1,1,91,39.5,25,59,1,0,3,1,0,1,45.5,Emergency
16:23:11,0,0,0,0,103,44.7,49,46,1,0,4,0,1,1,51.5,Emergency
16:23:20,0,0,1,0,67,30.6,30,17,2,8,4,1,0,1,33.5,Emergency
16:23:30,1,1,1,0,111,39.4,39,55,1,5,9,0,0,0,55.5,Medium
16:23:39,1,1,0,1,17,37.9,0,1,4,0,8,1,1,1,8.5,Emergency
16:23:48,1,1,0,1,65,38.6,34,12,1,8,9,0,0,1,32.5,Emergency
16:23:58,1,0,0,1,51,37.2,25,7,4,8,1,0,1,1,25.5,Emergency
16:24:07,0,1,1,0,47,43.2,35,0,4,2,3,1,1,1,23.5,Emergency
16:24:16,0,0,1,0,82,38.2,40,24,0,7,9,0,0,1,41.0,Emergency
16:24:26,0,0,0,0,83,37.4,28,37,1,9,4,0,0,1,41.5,Emergency
16:24:35,0,0,1,0,67,40.7,2,57,3,1,1,0,1,1,33.5,Emergency
16:24:44,0,1,1,1,126,44.5,81,26,4,6,5,1,0,0,63.0,Emergency
16:24:54,1,1,1,1,61,41.2,13,38,3,3,0,0,1,1,30.5,Emergency
16:25:03,0,0,1,1,75,38.5,0,62,3,4,3,1,0,1,37.5,Emergency
16:25:12,0,0,0,0,38,41.9,10,4,3,9,9,1,1,0,19.0,Emergency
16:25:22,1,0,0,0,59,35.9,41,5,0,8,0,1,0,1,29.5,Emergency
16:25:31,0,0,0,1,106,40.8,39,51,3,5,5,0,0,1,53.0,Emergency
16:25:40,0,1,0,1,97,43.1,44,41,3,4,2,1,0,1,48.5,Emergency
16:25:49,1,0,0,1,107,41.9,42,46,3,7,4,1,0,0,53.5,Emergency
16:25:59,1,1,1,0,50,48.2,19,12,2,6,9,1,0,1,25.0,Emergency
16:26:08,1,0,1,1,60,35.0,1,49,0,2,6,1,0,1,30.0,Emergency
16:26:17,0,1,1,0,108,37.5,55,33,0,9,7,1,1,1,54.0,Emergency
16:26:27,0,1,1,0,76,36.5,35,23,1,5,8,0,1,0,38.0,Emergency
16:26:36,0,0,1,0,129,45.0,80,37,4,5,2,0,0,0,64.5,Medium
16:26:45,1,1,0,0,59,26.9,17,23,4,0,9,0,1,1,29.5,Emergency
16:26:55,1,1,0,1,36,49.0,9,9,4,7,3,0,1,1,18.0,Emergency
16:27:04,1,1,1,0,57,36.2,9,39,2,0,2,1,0,1,28.5,Emergency
16:27:13,1,0,0,1,35,38.1,19,1,4,7,3,0,0,0,17.5,Low
16:27:23,0,0,0,0,47,40.2,17,23,2,1,0,1,1,0,23.5,Emergency
16:27:32,1,1,0,0,21,41.2,0,8,2,6,4,1,0,0,10.5,Emergency
16:27:41,1,1,1,0,39,43.2,17,5,0,9,3,1,1,0,19.5,Emergency
16:27:51,0,0,0,0,90,48.4,73,8,3,0,3,1,0,1,45.0,Emergency
16:28:00,0,0,0,1,44,41.5,12,17,1,8,1,1,1,0,22.0,Emergency
16:28:09,1,0,0,1,50,46.8,23,16,0,4,2,1,1,1,25.0,Emergency
16:28:19,1,0,0,1,91,41.5,42,27,4,8,6,1,1,0,45.5,Emergency
16:28:28,1,1,0,0,41,44.5,17,5,2,8,7,0,1,1,20.5,Emergency
16:28:37,1,0,0,1,132,34.8,87,35,3,3,1,1,1,0,66.0,Emergency
16:28:47,0,0,0,0,77,34.1,30,30,1,9,6,0,0,1,38.5,Emergency
16:28:56,1,1,0,1,44,40.9,11,20,0,0,7,1,0,1,22.0,Emergency
16:29:05,1,1,0,0,83,42.3,39,30,2,3,8,0,0,0,41.5,Low
16:29:14,0,0,1,1,27,31.5,7,8,4,0,5,0,0,0,13.5,Low
16:29:24,0,1,0,0,45,40.6,24,2,1,6,8,0,0,1,22.5,Emergency
16:29:33,1,0,0,0,64,40.8,10,34,4,5,8,0,1,0,32.0,Emergency
16:29:42,1,0,1,0,48,44.2,9,19,3,9,4,0,0,1,24.0,Emergency
16:29:52,0,0,1,0,103,38.8,60,24,1,7,9,1,0,0,51.5,Emergency
16:30:01,0,0,0,1,141,41.2,79,41,1,9,8,0,0,1,70.5,Emergency
16:30:10,0,0,1,1,43,38.0,15,8,4,9,1,1,1,1,21.5,Emergency
16:30:20,1,1,0,1,37,36.5,9,9,4,3,9,1,0,1,18.5,Emergency
16:30:29,1,1,1,1,19,31.0,2,7,3,0,3,0,1,0,9.5,Emergency
16:30:38,1,1,1,1,118,48.2,28,81,3,0,2,1,0,1,59.0,Emergency
16:30:48,1,1,0,1,62,40.8,8,40,4,3,4,0,1,0,31.0,Emergency
16:30:57,0,1,1,1,50,30.7,8,28,3,3,6,1,0,0,25.0,Emergency
16:31:06,1,1,1,1,113,39.0,24,70,3,2,9,1,0,0,56.5,Emergency
16:31:16,1,0,0,0,65,37.8,45,8,3,2,2,0,1,0,32.5,Emergency
16:31:25,1,1,1,1,112,41.5,67,23,3,9,6,1,0,0,56.0,Emergency
16:31:34,0,1,0,0,72,40.2,38,27,1,1,4,0,0,0,36.0,Low
16:31:44,1,0,1,1,91,42.8,47,35,3,1,1,0,0,1,45.5,Emergency
16:31:53,0,0,1,1,110,49.9,71,32,3,2,2,0,0,0,55.0,Medium
16:32:02,0,1,0,1,23,44.7,11,2,4,2,3,0,0,0,11.5,Low
16:32:12,1,0,0,0,75,41.4,60,1,4,0,6,0,1,0,37.5,Emergency
16:32:21,1,1,0,0,87,38.2,67,3,1,9,2,0,0,1,43.5,Emergency
16:32:30,0,1,0,0,86,28.3,65,13,2,2,1,1,0,0,43.0,Emergency
16:32:39,1,1,0,0,47,46.2,24,12,2,4,1,0,0,1,23.5,Emergency
16:32:49,0,0,0,0,41,37.6,16,10,3,5,6,0,0,1,20.5,Emergency
16:32:58,0,0,0,0,70,41.7,33,26,1,5,2,1,1,1,35.0,Emergency
16:33:07,0,1,1,1,100,37.0,55,33,2,3,5,0,1,0,50.0,Emergency
16:33:17,0,0,0,1,21,52.6,1,6,4,0,6,0,1,0,10.5,Emergency
16:33:26,1,1,0,1,54,36.5,15,21,4,9,0,1,1,1,27.0,Emergency
16:33:35,1,1,1,1,49,35.8,28,1,4,3,8,0,1,1,24.5,Emergency
16:33:45,0,0,0,0,46,48.6,11,21,1,7,2,1,1,1,23.0,Emergency
16:33:54,0,1,0,1,110,45.1,42,51,2,9,3,1,0,0,55.0,Emergency
16:34:03,1,0,1,1,24,39.1,0,9,4,3,6,1,1,0,12.0,Emergency
16:34:13,0,0,0,0,111,41.7,52,45,1,9,2,1,0,1,55.5,Emergency
16:34:22,1,0,0,0,118,39.3,69,32,1,9,6,0,1,0,59.0,Emergency
16:34:31,1,0,0,1,87,44.0,61,18,2,0,2,0,1,0,43.5,Emergency
16:34:41,0,0,0,1,91,33.4,59,18,2,5,1,1,1,0,45.5,Emergency
16:34:50,1,1,0,0,46,40.9,29,3,4,5,5,0,0,0,23.0,Low
16:34:59,1,1,1,0,30,39.4,5,8,4,4,3,1,1,0,15.0,Emergency
16:35:09,0,0,0,0,43,39.1,19,9,1,3,6,1,0,0,21.5,Emergency
16:35:18,0,1,0,1,59,41.0,28,17,1,3,8,1,1,0,29.5,Emergency
16:35:27,0,1,1,0,29,38.9,7,13,1,0,7,1,0,0,14.5,Emergency
16:35:37,1,1,0,1,112,42.9,52,45,3,2,7,0,1,1,56.0,Emergency
16:35:46,1,1,0,0,34,30.1,4,18,1,4,4,1,0,0,17.0,Emergency
16:35:55,0,0,1,1,28,43.8,8,2,2,5,6,0,0,1,14.0,Emergency
16:36:04,0,0,1,0,58,43.1,33,2,3,9,7,1,1,0,29.0,Emergency
16:36:14,0,0,0,0,35,39.0,16,3,3,9,3,1,0,0,17.5,Emergency
16:36:23,1,1,0,1,82,35.4,26,46,1,4,1,0,1,0,41.0,Emergency
16:36:32,1,1,1,1,111,29.2,79,18,0,5,5,1,1,0,55.5,Emergency
16:36:42,0,1,0,1,48,43.7,18,22,1,0,5,0,0,0,24.0,Low
16:36:51,1,1,0,1,70,33.7,25,35,4,0,3,0,1,1,35.0,Emergency
16:37:00,0,1,1,1,89,41.9,62,6,0,9,6,1,1,1,44.5,Emergency
16:37:10,1,0,0,0,43,44.3,17,10,1,9,1,1,0,1,21.5,Emergency
16:37:19,1,0,0,1,56,39.7,40,0,1,0,9,1,1,1,28.0,Emergency
16:37:28,0,0,1,0,38,32.3,14,3,4,9,7,1,0,0,19.0,Emergency
16:37:38,1,1,0,0,26,39.8,5,5,1,2,9,0,1,1,13.0,Emergency
16:37:47,0,1,0,0,83,39.2,53,16,1,8,3,0,0,0,41.5,Low
16:37:56,0,0,1,0,48,34.8,18,16,0,3,6,1,0,0,24.0,Emergency
16:38:06,1,0,0,0,103,42.4,49,34,4,8,2,1,1,1,51.5,Emergency
16:38:15,1,0,0,0,84,36.0,57,12,4,6,3,1,1,0,42.0,Emergency
16:38:24,0,0,1,0,44,35.5,13,20,0,7,0,1,0,1,22.0,Emergency
16:38:34,1,1,0,0,70,44.7,35,19,0,9,3,0,0,0,35.0,Low
16:38:43,0,0,1,0,63,39.9,45,5,3,9,1,0,0,0,31.5,Low
16:38:52,0,1,1,1,54,34.2,20,24,2,2,1,1,0,1,27.0,Emergency
16:39:02,0,0,1,0,54,34.7,20,26,1,2,4,1,0,0,27.0,Emergency
16:39:11,0,1,1,1,58,42.3,40,4,0,8,0,1,1,0,29.0,Emergency
16:39:20,1,1,1,0,33,42.3,3,21,4,1,0,1,0,0,16.5,Emergency
16:39:29,0,0,0,1,76,38.4,38,29,2,1,0,1,1,1,38.0,Emergency
16:39:39,0,0,1,0,114,35.3,58,47,1,1,2,1,1,1,57.0,Emergency
16:39:48,0,0,0,1,105,47.1,60,28,1,9,1,1,1,0,52.5,Emergency
16:39:57,1,0,1,1,55,38.2,43,0,1,6,3,0,0,1,27.5,Emergency
16:40:07,0,0,0,0,38,40.4,15,6,0,9,3,0,1,1,19.0,Emergency
16:40:16,1,1,1,0,76,40.5,62,2,1,5,0,1,0,1,38.0,Emergency
16:40:25,0,0,0,1,73,44.6,20,33,0,8,7,1,1,0,36.5,Emergency
16:40:35,0,1,1,0,121,38.8,46,55,2,4,9,1,0,1,60.5,Emergency
16:40:44,1,0,1,0,47,37.7,6,38,0,2,0,0,0,0,23.5,Low
16:40:53,1,0,1,0,113,37.6,82,25,0,2,1,0,1,0,56.5,Emergency
16:41:03,1,0,0,0,50,33.0,12,16,4,9,5,0,1,1,25.0,Emergency
16:41:12,0,1,0,1,62,39.5,27,22,1,1,6,0,1,1,31.0,Emergency
16:41:21,1,1,0,1,35,35.2,7,13,2,1,9,1,0,0,17.5,Emergency
16:41:31,1,1,1,0,105,46.1,78,22,0,1,1,0,0,0,52.5,Medium
16:41:40,1,1,1,0,82,46.0,49,21,2,3,4,0,0,0,41.0,Low
16:41:49,1,0,0,0,68,40.1,29,17,2,8,7,1,1,1,34.0,Emergency
16:41:59,1,0,1,1,67,45.0,20,25,3,6,9,0,1,0,33.5,Emergency
16:42:08,1,1,0,1,56,35.9,23,7,4,7,8,1,1,1,28.0,Emergency
16:42:17,0,1,0,1,87,37.2,49,27,3,3,1,0,1,1,43.5,Emergency
16:42:27,0,0,0,0,58,43.8,22,19,3,9,3,0,1,0,29.0,Emergency
16:42:36,0,1,1,1,84,46.5,68,1,1,1,7,1,1,0,42.0,Emergency
16:42:45,1,1,1,1,86,34.2,57,12,4,6,4,1,1,0,43.0,Emergency
16:42:54,1,0,0,0,103,41.2,53,33,3,7,1,0,1,1,51.5,Emergency
16:43:04,1,1,0,1,84,34.4,50,19,2,6,1,1,1,1,42.0,Emergency
16:43:13,1,1,1,1,92,36.7,55,22,3,6,4,1,1,0,46.0,Emergency
16:43:22,1,0,0,0,24,42.3,7,10,1,3,1,0,1,1,12.0,Emergency
16:43:32,0,1,0,0,34,38.8,19,1,2,0,8,0,1,0,17.0,Emergency
16:43:41,0,0,1,1,57,32.5,31,11,3,4,3,0,1,0,28.5,Emergency
16:43:50,1,0,0,1,39,40.4,24,0,2,3,5,0,1,0,19.5,Emergency
16:44:00,1,1,0,0,88,41.2,53,21,1,9,0,1,0,1,44.0,Emergency
16:44:09,1,1,1,0,71,39.2,19,30,1,8,9,0,0,0,35.5,Low
16:44:18,1,1,1,0,57,41.5,0,41,3,7,1,0,1,1,28.5,Emergency
16:44:28,1,1,0,1,58,49.3,13,29,1,2,8,1,0,1,29.0,Emergency
16:44:37,0,1,0,0,51,35.2,19,12,4,4,6,1,1,1,25.5,Emergency
16:44:46,0,1,1,0,43,50.7,22,10,4,1,4,1,1,0,21.5,Emergency
16:44:56,1,0,1,0,86,40.1,51,19,1,6,6,0,1,0,43.0,Emergency
16:45:05,1,0,0,1,84,39.7,59,11,4,4,4,0,0,1,42.0,Emergency
16:45:14,1,0,0,1,88,42.8,37,37,0,6,4,1,0,1,44.0,Emergency
16:45:24,1,0,0,0,95,35.9,24,59,4,2,4,1,1,0,47.5,Emergency
16:45:33,1,0,0,0,62,40.7,14,36,3,3,2,0,0,0,31.0,Low
16:45:42,1,0,0,0,21,37.0,5,4,2,1,7,0,1,1,10.5,Emergency
16:45:52,1,0,1,1,32,46.6,8,4,3,4,7,1,1,1,16.0,Emergency
16:46:01,1,0,1,1,44,42.5,23,13,1,3,0,0,0,0,22.0,Low
16:46:10,0,1,1,1,54,44.5,6,32,0,9,2,1,0,0,27.0,Emergency
16:46:19,1,1,1,1,67,44.4,47,4,4,8,0,0,1,0,33.5,Emergency
16:46:29,1,1,0,0,36,37.4,24,1,3,2,6,0,0,0,18.0,Low
16:46:38,0,1,0,1,99,41.3,35,51,1,4,4,1,0,1,49.5,Emergency
16:46:47,1,1,1,1,26,39.5,9,7,2,3,0,0,1,1,13.0,Emergency
16:46:57,1,1,1,1,71,44.4,18,40,3,5,3,0,1,0,35.5,Emergency
16:47:06,1,1,1,1,63,40.6,41,9,2,2,4,1,0,1,31.5,Emergency
16:47:15,0,0,1,0,156,39.0,94,47,2,2,4,1,1,1,78.0,Emergency
16:47:25,0,0,1,0,76,44.6,18,49,3,2,0,0,1,0,38.0,Emergency
16:47:34,0,0,1,1,37,34.3,21,2,4,2,6,0,0,0,18.5,Low
16:47:43,1,1,1,1,99,36.5,71,16,3,1,6,0,0,1,49.5,Emergency
16:47:53,0,1,1,0,69,47.3,52,3,4,4,0,1,1,1,34.5,Emergency
16:48:02,1,0,1,1,48,38.4,9,18,4,9,4,1,1,0,24.0,Emergency
16:48:11,0,1,1,0,62,35.5,5,41,4,2,5,1,1,1,31.0,Emergency
16:48:21,0,0,0,1,101,35.3,10,80,0,1,8,0,0,0,50.5,Medium
16:48:30,0,0,0,1,93,34.3,15,66,4,6,0,0,1,0,46.5,Emergency
16:48:39,1,1,0,0,109,37.1,63,31,3,8,3,0,0,1,54.5,Emergency
16:48:49,1,0,1,1,72,39.3,14,46,0,4,3,0,1,0,36.0,Emergency
16:48:58,1,0,0,0,86,31.1,20,56,3,2,0,0,0,1,43.0,Emergency
16:49:07,0,0,1,0,53,39.4,14,23,3,1,9,0,1,1,26.5,Emergency
16:49:17,1,0,0,1,49,40.3,27,14,2,0,3,0,1,1,24.5,Emergency
16:49:26,0,0,0,0,56,47.1,37,7,3,7,1,0,0,1,28.0,Emergency
16:49:35,1,0,1,1,43,48.7,20,15,0,1,3,1,1,0,21.5,Emergency
16:49:44,0,0,0,1,91,36.5,35,39,2,5,5,1,1,1,45.5,Emergency
16:49:54,1,1,1,1,43,47.1,3,25,4,7,2,1,0,0,21.5,Emergency
16:50:03,0,0,1,1,50,34.5,33,8,1,5,0,0,0,1,25.0,Emergency
16:50:12,1,0,1,1,93,41.4,60,23,2,1,6,0,0,0,46.5,Low
16:50:22,0,1,1,1,77,39.2,34,24,1,8,7,0,0,1,38.5,Emergency
16:50:31,0,1,0,1,67,37.9,34,19,3,8,1,0,0,0,33.5,Low
16:50:40,1,0,0,0,61,32.1,42,4,0,4,9,0,0,0,30.5,Low
16:50:50,0,0,0,1,90,41.0,37,43,1,2,3,0,0,1,45.0,Emergency
16:50:59,1,0,1,1,94,34.4,1,74,4,4,6,1,0,1,47.0,Emergency
16:51:08,1,0,1,1,73,44.6,5,57,0,2,7,0,1,1,36.5,Emergency
16:51:18,1,1,0,1,98,42.8,59,22,4,6,6,0,0,0,49.0,Low
16:51:27,0,1,0,1,47,44.8,13,26,2,1,2,0,0,1,23.5,Emergency
16:51:36,0,1,1,0,83,36.4,39,27,3,5,7,1,0,1,41.5,Emergency
16:51:46,0,1,0,0,41,37.8,0,27,2,3,5,1,0,0,20.5,Emergency
16:51:55,1,0,1,1,78,40.4,63,12,1,0,0,0,0,1,39.0,Emergency
16:52:04,0,1,0,0,45,32.2,17,22,0,1,1,0,1,0,22.5,Emergency
16:52:14,0,0,0,1,72,34.6,44,23,2,0,1,0,1,1,36.0,Emergency
16:52:23,1,1,1,0,41,50.5,5,20,1,7,3,1,0,0,20.5,Emergency
16:52:32,0,1,0,1,54,42.9,26,15,2,3,2,0,1,1,27.0,Emergency
16:52:42,0,1,1,1,61,36.8,39,5,4,8,2,1,0,1,30.5,Emergency
16:52:51,1,1,1,0,86,44.6,54,10,1,9,6,0,1,1,43.0,Emergency
16:53:00,0,0,1,0,73,41.6,38,13,3,8,8,0,0,1,36.5,Emergency
16:53:09,0,0,0,1,82,35.5,21,42,3,6,5,1,1,1,41.0,Emergency
16:53:19,0,0,0,0,116,40.6,49,56,1,7,1,1,0,1,58.0,Emergency
16:53:28,1,0,0,0,34,44.2,6,9,2,7,8,1,0,0,17.0,Emergency
16:53:37,1,1,1,0,39,39.4,18,7,0,5,4,1,0,1,19.5,Emergency
16:53:47,0,1,1,0,50,41.9,7,28,2,4,6,0,1,1,25.0,Emergency
16:53:56,0,0,1,0,19,42.4,0,10,1,4,2,0,0,1,9.5,Emergency
16:54:05,0,1,0,1,42,39.9,17,4,2,9,5,1,0,1,21.0,Emergency
16:54:15,0,0,1,1,71,37.6,53,12,0,0,4,1,0,1,35.5,Emergency
16:54:24,0,1,1,1,107,42.3,50,38,0,8,6,1,1,1,53.5,Emergency
16:54:33,1,0,0,1,106,37.8,64,29,1,0,8,0,0,1,53.0,Emergency
16:54:43,1,0,1,1,59,37.0,35,11,1,2,5,0,0,1,29.5,Emergency
16:54:52,0,1,0,1,103,33.5,59,22,0,9,7,1,1,0,51.5,Emergency
16:55:01,1,0,1,1,42,37.6,22,5,1,7,5,0,0,1,21.0,Emergency
16:55:11,1,1,0,1,30,39.4,16,3,4,1,1,1,1,1,15.0,Emergency
16:55:20,1,0,1,1,52,31.5,28,15,0,1,4,1,0,0,26.0,Emergency
16:55:29,0,0,1,1,37,42.9,8,13,0,4,9,1,0,1,18.5,Emergency
16:55:39,0,0,1,1,83,34.1,50,18,1,8,3,0,1,1,41.5,Emergency
16:55:48,1,1,0,1,138,42.5,91,25,1,7,8,1,1,1,69.0,Emergency
16:55:57,0,1,1,0,101,42.0,21,61,1,5,9,0,0,1,50.5,Emergency
16:56:07,1,1,0,1,30,33.5,7,11,1,1,7,0,1,0,15.0,Emergency
16:56:16,0,1,0,0,61,37.4,32,14,4,5,1,1,1,1,30.5,Emergency
16:56:25,0,0,1,1,130,35.9,68,44,3,8,2,1,0,0,65.0,Emergency
16:56:34,0,0,0,0,102,39.1,69,7,2,9,8,1,1,1,51.0,Emergency
16:56:44,1,1,0,1,80,35.9,35,24,4,6,5,1,1,1,40.0,Emergency
16:56:53,0,0,0,0,65,29.7,42,13,0,6,2,0,1,1,32.5,Emergency
16:57:02,0,1,1,1,69,40.6,57,2,3,0,5,1,0,0,34.5,Emergency
16:57:12,0,1,1,1,79,40.6,28,40,0,4,3,0,1,0,39.5,Emergency
16:57:21,0,0,0,1,75,38.0,7,58,3,1,4,0,1,0,37.5,Emergency
16:57:30,0,0,1,1,42,40.8,21,7,2,6,2,1,0,0,21.0,Emergency
16:57:40,1,0,1,0,97,41.0,68,11,1,9,6,0,0,1,48.5,Emergency
16:57:49,0,0,0,0,24,33.9,16,0,3,0,1,0,0,1,12.0,Emergency
16:57:58,1,0,1,1,47,31.3,25,2,4,5,9,0,1,0,23.5,Emergency
16:58:08,0,1,1,1,55,41.7,24,8,2,8,9,0,0,0,27.5,Low
16:58:17,0,1,0,0,70,42.0,27,32,2,6,0,1,0,1,35.0,Emergency
16:58:26,0,1,0,1,97,38.8,72,4,4,5,8,0,0,0,48.5,Low
16:58:36,0,0,0,0,30,40.6,8,12,2,1,4,0,1,1,15.0,Emergency
16:58:45,1,1,1,1,92,40.4,24,56,3,5,1,1,0,0,46.0,Emergency
16:58:54,0,1,1,0,99,44.0,44,44,4,4,3,0,0,0,49.5,Low
16:59:04,0,0,0,0,48,41.5,5,30,2,3,4,0,0,0,24.0,Low
16:59:13,1,0,0,1,50,27.5,10,25,1,6,4,0,1,1,25.0,Emergency
16:59:22,0,1,1,1,39,47.5,17,6,4,5,2,0,1,0,19.5,Emergency
16:59:32,0,1,1,1,29,40.1,1,17,1,5,0,0,0,1,14.5,Emergency
16:59:41,0,1,0,0,69,31.3,42,12,1,5,3,0,1,1,34.5,Emergency
16:59:50,0,0,0,1,106,43.0,41,53,4,1,4,0,1,1,53.0,Emergency
17:00:00,1,0,1,1,26,38.0,7,11,2,3,0,0,1,1,13.0,Emergency
17:00:09,1,1,0,1,52,44.3,9,16,4,9,9,1,0,0,26.0,Emergency
17:00:18,1,1,0,0,52,28.0,35,6,1,0,9,1,0,0,26.0,Emergency
17:00:27,0,1,0,0,83,43.1,27,41,0,6,6,0,1,0,41.5,Emergency
17:00:37,0,1,0,1,26,45.6,0,1,4,9,9,1,0,1,13.0,Emergency
17:00:46,1,0,0,0,50,39.9,34,0,3,4,6,0,0,0,25.0,Low
17:00:55,1,1,1,0,80,44.7,28,34,3,4,9,0,0,0,40.0,Low
17:01:05,0,0,1,1,60,38.6,0,44,4,5,5,0,0,0,30.0,Low
17:01:14,1,1,0,0,60,33.8,40,7,2,2,4,0,1,0,30.0,Emergency
17:01:23,1,1,0,0,45,37.6,3,31,4,0,2,0,1,1,22.5,Emergency
17:01:33,1,0,0,1,68,49.1,30,23,2,0,9,1,0,1,34.0,Emergency
17:01:42,0,1,0,0,63,38.6,32,14,0,7,6,0,1,1,31.5,Emergency
17:01:51,0,1,1,1,90,37.3,19,56,3,7,2,1,0,0,45.0,Emergency
17:02:01,1,1,0,0,57,38.3,26,16,2,5,4,1,1,0,28.5,Emergency
17:02:10,1,0,1,1,116,32.8,15,75,4,9,9,0,1,1,58.0,Emergency
17:02:19,1,0,0,1,98,34.5,76,14,1,1,1,1,0,1,49.0,Emergency
17:02:29,1,0,1,0,69,40.5,26,26,4,8,3,0,0,0,34.5,Low
17:02:38,0,0,1,0,80,41.0,26,42,1,0,6,0,1,1,40.0,Emergency
17:02:47,0,1,0,1,75,38.3,20,39,2,4,7,0,0,0,37.5,Low
17:02:57,0,0,0,1,41,25.1,29,0,4,3,4,0,0,1,20.5,Emergency
17:03:06,1,1,0,0,42,49.7,11,13,0,9,7,1,0,0,21.0,Emergency
17:03:15,0,1,1,1,83,35.7,32,33,4,0,9,0,1,0,41.5,Emergency
17:03:25,0,0,1,0,72,34.2,57,3,2,1,8,0,0,0,36.0,Low
17:03:34,1,1,1,1,24,35.3,4,13,0,2,0,0,1,0,12.0,Emergency
17:03:43,1,0,0,1,116,45.0,63,41,4,4,0,1,1,1,58.0,Emergency
17:03:52,1,0,0,1,28,40.1,7,11,0,8,0,1,0,1,14.0,Emergency
17:04:02,0,1,0,0,40,37.1,14,19,0,3,2,1,1,0,20.0,Emergency
17:04:11,1,1,0,1,32,46.6,10,9,4,0,8,0,0,1,16.0,Emergency
17:04:20,1,1,0,0,98,41.4,61,22,3,7,3,0,1,1,49.0,Emergency
17:04:30,0,1,1,0,84,32.4,33,42,2,2,4,1,0,0,42.0,Emergency
17:04:39,1,1,0,0,35,41.5,1,16,0,9,3,1,1,1,17.5,Emergency
17:04:48,0,0,0,0,79,42.6,23,34,2,8,8,1,1,1,39.5,Emergency
17:04:58,0,0,0,0,42,52.3,22,0,0,8,6,1,0,1,21.0,Emergency
17:05:07,0,1,0,1,57,50.4,41,0,4,3,7,1,0,1,28.5,Emergency
17:05:16,0,0,0,1,142,52.1,86,40,0,7,7,0,1,1,71.0,Emergency
17:05:26,0,1,0,1,42,44.2,4,21,1,1,8,1,1,1,21.0,Emergency
17:05:35,1,0,0,0,50,31.6,15,17,0,5,7,1,0,1,25.0,Emergency
17:05:44,0,1,1,0,43,40.9,3,25,2,7,5,0,0,1,21.5,Emergency
17:05:54,1,1,0,0,67,39.2,41,10,2,5,5,1,1,1,33.5,Emergency
17:06:03,1,1,1,0,45,40.1,18,9,1,6,9,1,1,0,22.5,Emergency
17:06:12,1,0,0,0,89,44.4,30,42,3,8,2,0,0,1,44.5,Emergency
17:06:22,0,1,1,1,55,47.4,11,33,1,5,4,0,0,0,27.5,Low
17:06:31,0,0,1,0,72,34.6,30,36,1,3,1,1,0,0,36.0,Emergency
17:06:40,1,1,1,0,50,38.8,25,11,1,2,7,0,0,0,25.0,Low
17:06:50,1,0,1,1,79,30.5,42,23,4,1,9,0,0,0,39.5,Low
17:06:59,1,1,1,0,65,38.9,19,28,1,9,2,0,1,1,32.5,Emergency
17:07:08,0,0,0,1,82,36.7,49,15,3,5,5,0,0,1,41.0,Emergency
17:07:17,1,1,0,0,45,35.6,23,12,2,5,1,0,0,1,22.5,Emergency
17:07:27,0,0,1,0,46,37.7,12,21,2,5,3,1,1,0,23.0,Emergency
17:07:36,1,1,0,1,62,29.6,28,16,1,7,4,1,0,1,31.0,Emergency
17:07:45,1,1,1,1,82,41.4,37,32,0,7,3,0,1,1,41.0,Emergency
17:07:55,1,1,0,1,53,41.6,25,12,1,6,5,1,0,0,26.5,Emergency
17:08:04,0,1,0,0,52,40.7,23,19,2,1,2,0,1,0,26.0,Emergency
17:08:13,1,0,1,1,81,41.4,34,26,2,9,6,0,0,1,40.5,Emergency
17:08:23,1,0,0,0,57,40.4,2,37,4,3,7,1,0,0,28.5,Emergency
17:08:32,0,0,0,0,87,35.1,31,37,3,7,3,1,0,1,43.5,Emergency
17:08:41,1,1,1,1,57,43.2,28,18,1,6,0,0,0,1,28.5,Emergency
17:08:51,1,1,1,1,41,40.1,7,21,3,1,4,0,0,1,20.5,Emergency
17:09:00,1,0,0,0,100,33.0,59,28,1,5,7,0,0,0,50.0,Medium
17:09:09,1,0,1,0,30,41.3,14,4,0,5,5,0,1,0,15.0,Emergency
17:09:19,0,1,0,0,115,35.0,32,71,1,0,7,0,0,0,57.5,Medium
17:09:28,1,1,0,0,92,32.7,8,65,3,3,8,1,0,1,46.0,Emergency
17:09:37,0,0,1,1,47,41.6,19,4,4,9,9,0,0,0,23.5,Low
17:09:47,0,0,1,1,16,44.6,3,2,0,8,1,0,0,0,8.0,Low
17:09:56,0,1,1,1,80,46.1,12,57,1,4,1,1,0,1,40.0,Emergency
17:10:05,1,0,0,1,32,43.4,19,7,0,0,0,1,0,1,16.0,Emergency
17:10:15,1,1,0,0,86,39.8,51,12,3,8,8,0,1,0,43.0,Emergency
17:10:24,0,0,1,0,44,41.0,32,1,1,1,8,0,0,0,22.0,Low
17:10:33,1,0,1,0,37,41.9,11,14,3,7,0,1,0,1,18.5,Emergency
17:10:42,0,0,0,1,49,50.8,21,13,1,1,8,1,0,1,24.5,Emergency
17:10:52,0,1,0,1,46,32.6,3,30,2,1,7,0,0,1,23.0,Emergency
17:11:01,0,1,0,0,110,36.5,66,33,2,3,2,0,1,0,55.0,Emergency
17:11:10,1,1,1,0,77,35.6,4,61,4,0,7,0,0,0,38.5,Low
17:11:20,1,1,0,0,49,33.6,19,12,3,1,8,1,1,1,24.5,Emergency
17:11:29,1,1,0,0,77,38.5,31,21,4,9,9,0,0,1,38.5,Emergency
17:11:38,0,1,1,0,36,40.0,14,1,4,9,5,1,0,0,18.0,Emergency
17:11:48,0,1,0,1,37,42.0,19,6,2,5,0,0,1,0,18.5,Emergency
17:11:57,0,1,1,0,57,29.2,2,42,0,9,0,1,0,0,28.5,Emergency
17:12:06,0,0,1,1,39,31.9,19,2,3,9,4,0,0,0,19.5,Low
17:12:16,1,1,0,1,45,45.0,25,1,3,3,9,0,0,1,22.5,Emergency
17:12:25,0,0,0,1,70,38.9,25,24,3,8,8,0,1,1,35.0,Emergency
17:12:34,1,1,0,1,48,31.9,1,34,2,1,5,1,1,1,24.0,Emergency
17:12:44,1,1,1,0,62,34.1,17,28,3,1,7,1,1,1,31.0,Emergency
17:12:53,0,0,1,0,54,35.3,32,2,1,9,4,1,1,1,27.0,Emergency
17:13:02,0,1,0,1,62,46.5,33,12,4,3,6,0,0,1,31.0,Emergency
17:13:12,0,0,0,1,28,47.8,8,11,0,4,2,0,1,0,14.0,Emergency
17:13:21,0,0,0,0,122,29.9,59,43,2,6,9,1,0,0,61.0,Emergency
17:13:30,0,1,0,1,137,43.1,66,55,1,4,6,1,0,1,68.5,Emergency
17:13:40,1,1,1,1,130,56.8,71,46,3,5,3,0,1,1,65.0,Emergency
17:13:49,1,0,1,0,76,39.4,4,54,3,5,4,0,1,1,38.0,Emergency
17:13:58,1,0,1,0,47,36.8,18,7,4,9,5,0,1,0,23.5,Emergency
17:14:07,0,0,1,0,122,35.4,59,47,4,5,1,1,1,1,61.0,Emergency
17:14:17,1,1,0,1,89,44.3,34,41,4,3,6,0,0,0,44.5,Low
17:14:26,0,0,1,1,133,43.2,82,27,3,8,7,0,1,1,66.5,Emergency
17:14:35,0,1,1,1,75,39.9,53,16,3,1,0,1,1,0,37.5,Emergency
17:14:45,0,1,1,0,88,48.3,49,36,0,2,0,0,0,0,44.0,Low
17:14:54,0,1,0,1,72,42.7,53,3,3,4,6,0,0,0,36.0,Low
17:15:03,1,1,0,1,46,41.1,26,2,4,7,3,0,1,1,23.0,Emergency
17:15:13,1,0,1,1,72,44.8,5,47,4,8,5,1,1,0,36.0,Emergency
17:15:22,0,0,1,0,84,43.0,4,57,2,8,8,1,1,0,42.0,Emergency
17:15:31,0,0,1,1,112,42.7,20,79,0,9,1,0,0,0,56.0,Medium
17:15:41,1,1,1,1,99,43.8,47,37,2,3,5,1,0,1,49.5,Emergency
17:15:50,1,0,0,0,42,35.0,15,5,3,7,8,1,0,1,21.0,Emergency
17:15:59,0,1,0,1,88,38.3,59,17,0,4,3,1,0,0,44.0,Emergency
17:16:09,1,1,0,1,105,46.7,24,71,0,3,7,0,0,0,52.5,Medium
17:16:18,1,0,0,1,119,38.4,74,32,2,2,7,1,1,0,59.5,Emergency
17:16:27,1,0,0,1,125,32.3,87,17,4,7,5,1,0,1,62.5,Emergency
17:16:37,1,1,1,0,35,46.7,15,12,3,3,0,1,0,1,17.5,Emergency
17:16:46,0,1,0,1,38,34.8,1,16,0,9,8,1,1,0,19.0,Emergency
17:16:55,1,0,0,1,42,38.5,11,7,3,9,8,1,1,0,21.0,Emergency
17:17:05,0,1,0,0,23,47.3,5,8,1,5,1,0,1,1,11.5,Emergency
17:17:14,1,1,0,1,15,35.0,2,7,3,2,1,0,0,0,7.5,Low
17:17:23,1,1,1,1,72,37.2,44,14,4,3,3,0,0,1,36.0,Emergency
17:17:32,1,1,0,0,51,40.8,8,27,2,7,5,1,1,0,25.5,Emergency
17:17:42,0,1,0,1,54,45.4,13,26,4,6,3,0,0,1,27.0,Emergency
17:17:51,0,1,0,1,95,45.0,53,21,1,6,9,1,1,0,47.5,Emergency
17:18:00,0,0,0,1,84,34.4,43,27,4,3,3,0,1,1,42.0,Emergency
17:18:10,1,1,0,0,63,26.9,29,13,4,8,5,0,0,0,31.5,Low
17:18:19,0,1,0,0,61,32.3,29,17,2,4,5,0,0,1,30.5,Emergency
17:18:28,1,0,1,0,94,43.4,9,68,0,8,6,1,1,1,47.0,Emergency
17:18:38,1,1,0,0,73,41.4,41,19,2,0,9,1,0,0,36.5,Emergency
17:18:47,1,1,0,0,66,34.9,5,42,1,5,9,1,0,0,33.0,Emergency
17:18:56,0,0,0,0,102,41.2,61,24,2,5,7,1,0,0,51.0,Emergency
17:19:06,1,1,1,1,64,40.1,35,16,4,1,5,0,0,0,32.0,Low
17:19:15,0,0,0,0,122,39.6,73,41,3,0,4,0,0,1,61.0,Emergency
17:19:24,1,1,1,0,63,42.5,43,1,2,4,9,1,1,0,31.5,Emergency
17:19:34,1,1,0,1,73,49.8,35,27,3,4,3,1,0,0,36.5,Emergency
17:19:43,0,0,0,0,53,37.2,10,28,3,4,3,0,0,1,26.5,Emergency
17:19:52,1,0,0,1,17,35.5,0,3,0,6,4,1,0,0,8.5,Emergency
17:20:02,0,1,0,0,50,42.3,11,36,2,0,1,0,0,0,25.0,Low
17:20:11,1,0,1,1,87,40.4,33,44,2,4,0,0,1,1,43.5,Emergency
17:20:20,1,0,1,0,82,40.4,65,8,1,4,3,0,0,1,41.0,Emergency
17:20:30,0,1,1,1,43,40.1,10,12,4,8,4,1,1,0,21.5,Emergency
17:20:39,1,1,1,1,74,47.4,12,49,2,0,6,1,1,1,37.0,Emergency
17:20:48,0,0,0,0,50,36.1,26,9,4,0,6,1,1,1,25.0,Emergency
17:20:57,0,0,1,1,92,34.1,49,27,2,7,4,1,1,0,46.0,Emergency
17:21:07,1,1,0,1,105,36.6,31,65,1,6,0,0,1,0,52.5,Emergency
17:21:16,0,1,1,1,113,38.2,28,60,3,8,9,0,1,0,56.5,Emergency
17:21:25,1,0,0,1,40,44.6,14,20,0,2,0,1,1,1,20.0,Emergency
17:21:35,0,1,0,0,137,41.0,91,26,4,7,7,0,1,1,68.5,Emergency
17:21:44,0,1,0,1,66,41.5,23,23,3,6,7,0,0,1,33.0,Emergency
17:21:53,0,1,0,0,110,41.9,27,67,4,8,0,1,0,0,55.0,Emergency
17:22:03,0,1,1,1,76,35.4,20,36,4,7,4,1,0,0,38.0,Emergency
17:22:12,0,1,0,0,42,39.9,3,20,1,6,9,1,1,1,21.0,Emergency
17:22:21,1,1,1,1,65,40.9,34,13,4,6,1,1,1,1,32.5,Emergency
17:22:31,1,0,1,1,76,40.2,34,21,4,8,2,1,1,1,38.0,Emergency
17:22:40,0,0,0,1,85,35.2,49,26,2,2,4,0,1,0,42.5,Emergency
17:22:49,1,1,0,0,48,42.4,28,1,0,7,8,0,0,1,24.0,Emergency
17:22:59,1,1,0,0,59,41.3,4,31,3,9,7,1,0,0,29.5,Emergency
17:23:08,1,0,1,1,118,39.2,73,28,3,2,9,0,1,0,59.0,Emergency
17:23:17,1,0,1,1,99,42.5,31,55,3,7,0,0,0,0,49.5,Low
17:23:27,1,1,1,1,52,45.2,1,35,3,5,4,1,0,1,26.0,Emergency
17:23:36,0,1,0,0,108,44.5,58,32,0,7,9,1,0,1,54.0,Emergency
17:23:45,1,0,1,1,67,36.3,16,33,2,3,8,0,1,0,33.5,Emergency
17:23:55,1,1,0,1,38,45.6,12,12,2,5,4,1,0,1,19.0,Emergency
17:24:04,0,0,1,0,115,36.8,67,29,3,8,5,0,1,1,57.5,Emergency
17:24:13,0,1,1,0,62,39.7,25,27,3,1,6,0,0,0,31.0,Low
17:24:22,0,1,1,1,91,45.4,41,34,4,5,4,1,0,1,45.5,Emergency
17:24:32,0,1,1,1,78,38.3,35,26,2,9,3,0,1,0,39.0,Emergency
17:24:41,0,1,1,1,38,45.0,13,12,1,1,6,1,0,1,19.0,Emergency
17:24:50,1,1,0,1,70,33.1,34,25,0,4,2,0,1,1,35.0,Emergency
17:25:00,0,0,0,1,95,42.5,62,20,1,1,8,1,1,0,47.5,Emergency
17:25:09,0,1,1,0,42,41.5,20,6,4,6,2,0,0,1,21.0,Emergency
17:25:18,1,1,0,0,82,37.9,34,27,0,9,6,0,1,1,41.0,Emergency
17:25:28,0,0,0,1,124,39.7,68,35,4,5,7,1,0,1,62.0,Emergency
17:25:37,0,0,0,1,76,42.6,50,20,0,0,2,1,1,1,38.0,Emergency
17:25:46,0,0,0,1,37,41.3,11,15,1,7,1,0,0,1,18.5,Emergency
17:25:56,1,1,0,0,82,42.4,61,5,0,6,8,0,1,1,41.0,Emergency
17:26:05,0,1,1,1,108,38.0,37,61,1,2,6,0,0,1,54.0,Emergency
17:26:14,0,1,0,1,70,42.2,49,5,3,4,7,0,1,1,35.0,Emergency
17:26:24,1,1,1,1,102,41.5,53,31,2,7,6,0,0,0,51.0,Medium
17:26:33,1,0,0,1,103,35.3,65,23,4,9,0,0,0,1,51.5,Emergency
17:26:42,1,1,0,1,30,39.5,16,0,4,6,0,0,1,0,15.0,Emergency
17:26:52,0,1,1,0,37,41.1,14,8,1,6,4,0,0,1,18.5,Emergency
17:27:01,1,0,1,1,35,39.5,13,3,3,8,6,0,1,1,17.5,Emergency
17:27:10,1,1,1,0,16,38.3,2,0,1,1,7,1,1,1,8.0,Emergency
17:27:20,1,1,0,0,28,46.2,6,8,2,4,2,1,1,1,14.0,Emergency
17:27:29,0,0,0,0,36,31.3,6,9,3,6,7,0,0,1,18.0,Emergency
17:27:38,1,0,0,0,71,33.4,6,50,1,6,6,1,1,0,35.5,Emergency
17:27:47,1,1,0,0,102,41.4,59,30,0,4,4,1,1,0,51.0,Emergency
17:27:57,1,1,1,1,50,49.6,4,29,3,6,4,0,0,1,25.0,Emergency
17:28:06,0,1,0,0,57,35.5,36,7,3,1,8,1,0,0,28.5,Emergency
17:28:15,0,0,1,1,70,37.7,47,8,0,9,3,0,1,1,35.0,Emergency
17:28:25,0,0,0,1,99,36.0,75,10,0,2,8,1,0,1,49.5,Emergency
17:28:34,1,1,0,0,31,39.4,12,12,1,2,3,1,0,0,15.5,Emergency
17:28:43,0,1,0,0,48,33.8,16,17,4,6,1,1,0,1,24.0,Emergency
17:28:53,0,1,0,0,53,40.0,38,4,4,6,0,0,0,1,26.5,Emergency
17:29:02,0,1,0,1,42,40.4,1,27,1,3,9,0,0,0,21.0,Low
17:29:11,1,1,1,1,40,35.4,7,15,0,7,9,0,1,1,20.0,Emergency
17:29:21,0,1,0,0,34,40.7,16,8,2,2,3,0,1,1,17.0,Emergency
17:29:30,0,0,0,0,28,41.1,3,22,0,1,1,0,0,1,14.0,Emergency
17:29:39,0,0,0,1,110,40.5,43,45,4,4,9,0,1,1,55.0,Emergency
17:29:49,1,1,0,0,57,42.2,14,29,4,4,2,1,1,1,28.5,Emergency
17:29:58,0,1,0,1,40,38.4,10,16,4,4,2,1,0,0,20.0,Emergency
17:30:07,1,1,0,1,91,43.7,59,26,1,1,0,1,1,1,45.5,Emergency
17:30:17,1,0,1,1,91,41.5,49,32,3,2,0,1,1,0,45.5,Emergency
17:30:26,0,0,0,1,30,29.9,1,9,2,7,6,1,0,1,15.0,Emergency
17:30:35,0,0,0,0,59,34.0,21,14,3,6,9,1,1,0,29.5,Emergency
17:30:45,1,0,1,0,91,37.3,56,21,2,3,6,0,0,0,45.5,Low
17:30:54,1,1,1,0,80,33.5,62,2,4,9,0,1,0,1,40.0,Emergency
17:31:03,1,1,1,1,17,40.4,0,2,2,5,5,1,0,1,8.5,Emergency
17:31:12,0,1,0,1,40,50.8,1,19,3,7,5,1,1,0,20.0,Emergency
17:31:22,0,0,0,0,70,37.6,22,33,0,7,2,1,0,1,35.0,Emergency
17:31:31,0,0,1,0,58,40.0,2,33,4,8,5,1,1,0,29.0,Emergency
17:31:40,0,1,0,1,45,39.0,25,2,1,7,4,1,1,1,22.5,Emergency
17:31:50,1,1,1,1,127,46.6,45,61,0,9,7,1,0,0,63.5,Emergency
17:31:59,1,1,0,0,53,45.0,24,16,4,2,4,0,1,1,26.5,Emergency
17:32:08,0,1,0,0,138,41.4,67,60,1,3,4,0,1,1,69.0,Emergency
17:32:18,0,0,0,1,98,39.9,37,48,1,2,7,1,0,0,49.0,Emergency
17:32:27,0,1,1,1,66,41.4,41,16,1,1,3,0,0,0,33.0,Low
17:32:36,1,0,1,1,78,38.8,32,27,3,6,6,0,1,0,39.0,Emergency
17:32:46,1,1,0,0,60,39.0,39,11,0,3,4,0,0,1,30.0,Emergency
17:32:55,1,1,1,1,109,40.0,75,25,0,4,0,0,1,1,54.5,Emergency
17:33:04,1,0,0,0,51,40.1,26,9,4,8,1,0,1,0,25.5,Emergency
17:33:14,1,1,1,1,45,31.6,3,28,3,4,4,1,0,0,22.5,Emergency
17:33:23,0,0,0,1,36,43.3,19,9,1,5,1,1,0,0,18.0,Emergency
17:33:32,0,0,0,1,110,35.1,59,35,4,1,7,0,0,1,55.0,Emergency
17:33:42,0,0,1,1,91,43.3,10,65,1,4,8,0,0,1,45.5,Emergency
17:33:51,0,0,0,0,58,38.5,30,15,1,2,9,1,0,0,29.0,Emergency
17:34:00,0,1,0,1,92,33.1,37,43,0,7,1,0,1,0,46.0,Emergency
17:34:10,1,1,1,0,59,39.7,42,7,4,0,1,0,0,1,29.5,Emergency
17:34:19,0,1,0,1,89,36.0,73,3,4,6,0,0,0,0,44.5,Low
17:34:28,1,0,1,1,55,40.7,29,12,2,2,4,1,1,1,27.5,Emergency
17:34:37,1,1,1,1,45,40.4,21,11,1,8,0,1,1,1,22.5,Emergency
17:34:47,0,1,0,1,54,41.3,16,20,2,5,9,0,0,1,27.0,Emergency
17:34:56,0,0,0,1,95,39.5,30,55,3,1,3,1,1,0,47.5,Emergency
17:35:05,0,0,1,0,37,41.5,8,24,0,3,0,1,1,0,18.5,Emergency
17:35:15,1,1,1,1,49,32.0,26,10,4,2,6,1,0,0,24.5,Emergency
17:35:24,1,0,0,0,32,37.6,15,1,0,2,7,1,1,1,16.0,Emergency
17:35:33,0,1,1,1,76,41.3,37,16,3,7,8,1,1,1,38.0,Emergency
17:35:43,0,0,1,0,63,38.7,1,45,0,5,6,1,1,0,31.5,Emergency
17:35:52,0,0,0,0,79,34.6,31,31,4,7,3,1,1,0,39.5,Emergency
17:36:01,1,1,0,0,19,38.6,1,3,0,9,1,1,1,1,9.5,Emergency
17:36:11,0,0,1,0,39,42.1,3,23,3,1,6,1,0,1,19.5,Emergency
17:36:20,0,0,0,1,107,38.1,18,67,3,8,4,1,1,1,53.5,Emergency
17:36:29,1,1,1,1,60,26.6,3,48,3,1,5,0,0,0,30.0,Low
17:36:39,1,0,0,1,84,38.8,65,1,2,7,5,1,1,0,42.0,Emergency
17:36:48,1,1,0,1,79,31.5,51,18,1,4,2,0,1,0,39.5,Emergency
17:36:57,1,0,1,1,63,47.7,29,18,4,1,7,0,1,1,31.5,Emergency
17:37:07,1,1,1,0,59,40.5,11,36,0,2,6,1,0,1,29.5,Emergency
17:37:16,1,1,1,0,53,32.4,19,22,0,9,1,0,0,1,26.5,Emergency
17:37:25,1,1,0,0,31,34.1,12,6,1,7,1,0,1,0,15.5,Emergency
17:37:35,0,1,0,0,46,50.7,18,11,0,9,4,1,0,1,23.0,Emergency
17:37:44,0,0,1,0,74,30.0,25,35,2,8,0,1,0,0,37.0,Emergency
17:37:53,0,0,0,0,45,41.1,21,12,2,3,5,0,1,0,22.5,Emergency
17:38:03,1,0,1,1,105,40.9,54,32,1,9,4,1,1,0,52.5,Emergency
17:38:12,1,0,0,0,70,43.1,33,29,1,0,2,1,0,1,35.0,Emergency
17:38:21,0,1,1,0,79,52.7,30,34,3,3,6,1,1,0,39.5,Emergency
17:38:30,0,1,0,1,61,40.0,44,0,2,6,6,0,1,1,30.5,Emergency
17:38:40,0,1,0,1,49,44.6,16,15,4,4,7,0,0,0,24.5,Low
17:38:49,0,1,0,1,60,46.1,24,18,4,5,7,0,1,0,30.0,Emergency
17:38:58,0,1,1,1,91,31.5,34,36,2,8,7,1,1,1,45.5,Emergency
17:39:08,0,1,0,1,66,38.2,49,3,2,0,7,1,0,1,33.0,Emergency
17:39:17,0,0,0,0,42,40.6,33,3,0,0,4,1,1,0,21.0,Emergency
17:39:26,0,1,0,0,78,42.5,59,0,3,8,4,1,0,1,39.0,Emergency
17:39:36,0,1,1,1,85,45.3,38,24,4,9,4,0,1,1,42.5,Emergency
17:39:45,0,0,0,1,40,31.9,18,11,2,0,7,1,0,1,20.0,Emergency
17:39:54,1,1,1,1,40,38.4,19,9,3,6,1,0,1,1,20.0,Emergency
17:40:04,1,1,1,0,67,29.2,35,19,2,2,6,1,1,0,33.5,Emergency
17:40:13,1,1,0,0,38,45.9,13,8,2,3,8,0,0,1,19.0,Emergency
17:40:22,1,1,0,0,39,36.3,18,7,4,8,0,1,0,1,19.5,Emergency
17:40:32,0,1,0,0,121,46.5,49,58,3,0,6,0,1,0,60.5,Emergency
17:40:41,1,1,0,0,56,35.3,33,9,4,8,1,1,0,0,28.0,Emergency
17:40:50,0,1,0,1,70,39.4,47,5,3,7,7,1,0,0,35.0,Emergency
17:41:00,0,1,1,0,69,36.6,28,25,1,7,7,0,0,0,34.5,Low
17:41:09,0,0,0,1,81,42.0,8,57,3,1,9,0,0,1,40.5,Emergency
17:41:18,1,0,1,0,37,43.5,4,11,3,6,6,1,1,1,18.5,Emergency
17:41:28,1,1,1,1,43,38.0,21,12,0,1,3,0,1,1,21.5,Emergency
17:41:37,0,1,0,1,54,39.0,19,24,0,3,2,1,1,1,27.0,Emergency
17:41:46,1,0,1,0,52,36.7,19,22,4,2,0,1,1,1,26.0,Emergency
17:41:55,1,1,1,0,78,40.8,42,24,0,5,5,0,1,1,39.0,Emergency
17:42:05,1,0,0,0,124,44.6,65,51,0,4,1,1,0,0,62.0,Emergency
17:42:14,1,0,1,0,58,38.6,36,3,2,6,9,1,0,0,29.0,Emergency
17:42:23,1,0,0,0,84,47.6,29,39,1,5,4,1,1,0,42.0,Emergency
17:42:33,0,1,1,0,46,46.0,17,12,4,6,4,0,0,1,23.0,Emergency
17:42:42,1,1,1,1,32,42.6,9,7,3,9,1,1,0,0,16.0,Emergency
17:42:51,1,0,0,0,123,37.7,65,45,3,1,7,1,0,1,61.5,Emergency
17:43:01,1,1,0,0,48,39.1,20,3,2,9,8,1,1,0,24.0,Emergency
17:43:10,0,0,0,0,44,44.8,21,10,1,5,5,1,0,0,22.0,Emergency
17:43:19,0,0,1,1,97,35.1,31,52,0,8,4,0,0,1,48.5,Emergency
17:43:29,1,1,0,1,84,42.2,69,10,4,0,1,0,0,0,42.0,Low
17:43:38,1,1,0,0,40,36.3,10,15,4,4,4,0,1,1,20.0,Emergency
17:43:47,0,1,0,1,99,47.4,80,11,0,0,7,1,0,0,49.5,Emergency
17:43:57,0,1,1,0,76,34.5,51,11,0,4,5,1,1,1,38.0,Emergency
17:44:06,0,0,0,0,57,33.4,40,1,3,1,7,1,1,1,28.5,Emergency
17:44:15,0,0,1,1,61,44.2,24,15,4,9,7,0,0,1,30.5,Emergency
17:44:25,1,1,0,1,106,37.3,26,65,2,8,4,0,0,0,53.0,Medium
17:44:34,1,0,0,0,63,37.1,16,27,3,7,4,0,1,1,31.5,Emergency
17:44:43,0,0,1,1,135,38.7,71,54,2,6,1,0,0,0,67.5,Medium
17:44:53,1,1,1,0,63,41.8,44,9,2,2,2,1,0,1,31.5,Emergency
17:45:02,0,0,0,1,53,35.0,32,0,3,9,8,0,0,0,26.5,Low
17:45:11,1,1,1,1,84,49.2,51,26,0,2,4,0,0,1,42.0,Emergency
17:45:20,1,1,0,0,37,36.4,15,13,1,0,6,1,0,0,18.5,Emergency
17:45:30,0,1,0,1,78,38.8,12,55,1,3,6,0,0,1,39.0,Emergency
17:45:39,0,0,0,0,39,37.6,20,5,1,9,0,1,0,0,19.5,Emergency
17:45:48,0,0,1,0,69,37.1,51,4,3,3,8,0,0,0,34.5,Low
17:45:58,1,1,1,1,98,39.8,54,40,4,0,0,0,0,0,49.0,Low
17:46:07,1,1,0,1,79,42.0,54,9,1,4,6,0,1,0,39.5,Emergency
17:46:16,0,1,0,1,67,33.0,24,26,3,7,3,0,1,0,33.5,Emergency
17:46:26,1,1,1,1,50,43.8,10,23,4,4,6,1,0,1,25.0,Emergency
17:46:35,1,0,0,0,93,36.3,67,3,3,8,8,1,0,1,46.5,Emergency
17:46:44,1,0,0,1,41,48.1,12,18,1,0,7,1,1,1,20.5,Emergency
17:46:54,0,1,1,1,81,36.4,31,41,1,1,2,0,0,1,40.5,Emergency
17:47:03,0,1,1,1,89,43.8,34,36,3,7,7,1,0,0,44.5,Emergency
17:47:12,0,1,0,1,123,47.6,56,48,4,7,3,0,1,0,61.5,Emergency
17:47:22,0,1,1,0,70,33.8,41,8,4,6,9,0,0,1,35.0,Emergency
17:47:31,1,1,0,0,41,37.4,8,20,3,0,6,0,0,1,20.5,Emergency
17:47:40,1,1,0,1,70,42.2,25,30,3,5,1,1,1,1,35.0,Emergency
17:47:50,0,0,0,0,39,37.6,16,12,2,3,1,1,0,1,19.5,Emergency
17:47:59,0,1,0,0,50,41.3,3,32,0,5,4,0,1,1,25.0,Emergency
17:48:08,0,0,0,0,80,35.8,49,24,0,0,3,1,1,0,40.0,Emergency
17:48:18,1,0,0,0,61,44.8,5,32,3,8,9,0,1,1,30.5,Emergency
17:48:27,1,1,1,0,74,36.6,18,39,4,6,3,0,1,0,37.0,Emergency
17:48:36,1,0,0,1,61,40.1,45,4,2,8,0,1,0,1,30.5,Emergency
17:48:45,0,1,0,1,77,43.1,16,43,3,7,5,1,0,0,38.5,Emergency
17:48:55,1,0,0,1,61,29.3,33,13,2,8,3,1,1,0,30.5,Emergency
17:49:04,1,1,1,0,109,35.7,61,33,3,7,2,1,1,0,54.5,Emergency
17:49:13,1,1,0,1,73,41.9,30,29,2,8,3,0,0,1,36.5,Emergency
17:49:23,1,0,1,0,111,45.0,49,53,0,5,0,0,1,0,55.5,Emergency
17:49:32,0,0,1,0,90,41.5,26,54,3,4,0,1,1,0,45.0,Emergency
17:49:41,1,0,1,1,86,42.0,48,22,0,6,8,0,1,0,43.0,Emergency
17:49:51,0,1,1,0,108,44.5,18,66,3,8,8,0,0,1,54.0,Emergency
17:50:00,1,0,0,0,48,41.8,13,21,2,6,4,1,1,0,24.0,Emergency
17:50:09,1,0,1,0,66,44.3,20,31,0,7,8,0,0,0,33.0,Low
17:50:19,0,1,0,0,58,35.0,34,8,4,5,4,1,1,0,29.0,Emergency
17:50:28,1,1,1,0,68,31.0,27,18,3,7,9,1,0,0,34.0,Emergency
17:50:37,0,1,0,1,41,41.5,9,14,2,9,4,0,1,1,20.5,Emergency
17:50:47,0,1,1,1,39,53.0,5,25,2,1,3,1,0,0,19.5,Emergency
17:50:56,0,1,1,1,113,43.7,84,8,2,7,9,1,0,1,56.5,Emergency
17:51:05,1,0,0,1,130,47.7,82,34,2,2,6,0,1,0,65.0,Emergency
17:51:15,1,1,1,1,44,48.6,18,17,3,1,4,0,0,1,22.0,Emergency
17:51:24,1,1,0,0,25,37.5,3,12,1,4,0,0,1,0,12.5,Emergency
17:51:33,0,0,1,1,74,44.3,21,41,0,4,3,1,0,0,37.0,Emergency
17:51:43,0,0,0,0,42,48.2,5,14,4,8,7,0,1,1,21.0,Emergency
17:51:52,0,0,0,1,49,46.0,20,11,0,8,7,0,1,0,24.5,Emergency
17:52:01,0,1,1,1,71,43.4,26,33,3,4,0,1,0,0,35.5,Emergency
17:52:10,0,0,1,1,109,41.2,48,41,4,3,7,1,0,1,54.5,Emergency
17:52:20,0,1,0,1,59,39.8,38,7,3,0,9,0,1,0,29.5,Emergency
17:52:29,1,1,0,1,127,39.7,77,31,4,3,6,1,1,0,63.5,Emergency
17:52:38,1,0,1,0,51,41.8,17,26,4,0,0,1,0,0,25.5,Emergency
17:52:48,0,0,0,1,58,39.3,13,29,3,9,2,0,0,0,29.0,Low
17:52:57,0,0,0,1,38,46.3,19,8,3,6,0,0,1,1,19.0,Emergency
17:53:06,0,1,0,0,63,44.3,0,53,4,1,2,0,1,1,31.5,Emergency
17:53:16,0,0,1,0,36,43.4,7,6,3,9,8,1,0,1,18.0,Emergency
17:53:25,1,1,0,0,53,37.0,16,15,4,6,7,0,1,1,26.5,Emergency
17:53:34,1,1,0,0,74,36.5,5,51,1,6,7,0,0,1,37.0,Emergency
17:53:44,0,0,1,1,47,40.1,28,7,2,5,4,0,0,1,23.5,Emergency
17:53:53,0,0,1,1,70,53.1,37,20,1,2,5,0,1,0,35.0,Emergency
17:54:02,0,1,0,1,43,37.7,19,8,0,4,6,1,1,1,21.5,Emergency
17:54:12,1,0,1,0,65,41.4,42,18,4,0,0,0,0,1,32.5,Emergency
17:54:21,0,1,1,0,90,34.1,39,29,1,9,8,1,0,1,45.0,Emergency
17:54:30,0,0,0,0,31,36.1,9,9,1,9,0,0,1,0,15.5,Emergency
17:54:40,0,0,1,0,33,35.6,2,22,0,0,7,1,1,0,16.5,Emergency
17:54:49,0,1,0,1,48,34.2,38,0,1,3,3,0,0,0,24.0,Low
17:54:58,0,0,0,0,76,42.3,52,10,2,3,4,0,1,0,38.0,Emergency
17:55:08,0,1,0,1,35,37.4,5,15,4,0,5,1,1,0,17.5,Emergency
17:55:17,0,1,0,1,50,39.8,26,12,2,0,6,1,1,0,25.0,Emergency
17:55:26,0,0,1,1,44,42.2,1,28,4,3,5,0,1,0,22.0,Emergency
17:55:35,1,1,0,1,39,38.9,19,4,2,1,8,1,1,1,19.5,Emergency
17:55:45,0,0,1,0,102,42.6,50,40,1,2,8,1,0,0,51.0,Emergency
17:55:54,1,0,1,1,56,41.9,31,11,3,1,6,0,1,0,28.0,Emergency
17:56:03,0,0,0,0,115,39.8,24,76,1,5,8,0,1,0,57.5,Emergency
17:56:13,0,1,1,1,39,28.0,19,0,4,6,8,1,0,0,19.5,Emergency
17:56:22,0,0,1,1,34,42.7,0,25,1,1,4,1,1,1,17.0,Emergency
17:56:31,1,0,0,0,61,38.9,9,34,3,3,8,0,0,1,30.5,Emergency
17:56:41,1,0,0,0,72,33.9,35,22,0,3,8,0,1,0,36.0,Emergency
17:56:50,1,0,1,0,23,35.9,0,6,2,8,5,0,0,1,11.5,Emergency
17:56:59,0,1,0,1,33,32.4,8,12,1,3,4,1,0,1,16.5,Emergency
17:57:09,0,0,0,0,26,35.2,5,12,1,0,2,1,0,1,13.0,Emergency
17:57:18,1,0,0,0,122,43.5,32,65,3,9,6,1,1,1,61.0,Emergency
17:57:27,0,1,0,0,104,35.4,35,58,3,3,1,0,1,0,52.0,Emergency
17:57:37,0,1,0,1,40,42.5,8,17,2,2,7,0,0,1,20.0,Emergency
17:57:46,1,0,1,1,71,50.4,40,16,0,8,6,0,1,0,35.5,Emergency
17:57:55,0,1,1,0,101,39.8,61,29,4,3,1,1,1,0,50.5,Emergency
17:58:05,1,0,1,1,39,48.3,22,3,2,6,3,0,1,0,19.5,Emergency
17:58:14,0,1,1,0,35,37.1,8,9,3,1,9,0,0,1,17.5,Emergency
17:58:23,1,1,1,1,28,38.2,14,3,2,7,1,0,0,1,14.0,Emergency
17:58:33,0,1,1,1,39,42.0,23,2,4,5,0,0,0,1,19.5,Emergency
17:58:42,0,1,0,0,66,40.7,29,31,0,2,2,1,1,0,33.0,Emergency
17:58:51,0,1,1,1,69,31.2,37,18,3,4,5,0,0,1,34.5,Emergency
17:59:00,1,1,1,1,67,35.6,55,3,2,2,1,1,1,1,33.5,Emergency
17:59:10,0,1,1,0,44,41.9,24,13,1,1,2,0,0,1,22.0,Emergency
17:59:19,0,1,0,1,30,40.6,5,10,0,1,8,1,1,0,15.0,Emergency
17:59:28,1,1,0,0,77,38.0,47,11,1,8,4,1,0,1,38.5,Emergency
17:59:38,0,1,1,1,25,44.0,4,4,4,2,6,0,0,1,12.5,Emergency
17:59:47,1,0,1,1,65,47.8,45,2,3,6,4,0,1,1,32.5,Emergency
17:59:56,0,0,0,1,57,38.7,39,10,0,1,6,0,0,0,28.5,Low
18:00:06,0,1,0,0,95,39.6,38,47,1,5,3,0,0,0,47.5,Low
18:00:15,0,0,1,1,69,39.1,15,39,4,3,4,1,1,1,34.5,Emergency
18:00:24,1,0,1,0,104,34.1,40,50,0,8,4,0,1,0,52.0,Emergency
18:00:34,1,1,1,0,75,45.0,32,29,3,5,2,1,0,1,37.5,Emergency
18:00:43,0,0,0,1,37,43.4,16,15,1,3,0,0,1,0,18.5,Emergency
18:00:52,0,0,1,1,43,39.1,16,11,1,3,6,1,1,1,21.5,Emergency
18:01:02,0,0,0,0,38,39.9,5,16,4,3,8,0,0,0,19.0,Low
18:01:11,1,1,1,1,56,36.1,41,5,0,4,3,0,0,0,28.0,Low
18:01:20,0,1,1,0,90,48.9,45,25,4,4,7,1,0,0,45.0,Emergency
18:01:30,0,1,0,0,137,40.7,98,20,2,3,8,1,1,1,68.5,Emergency
18:01:39,0,1,1,1,66,34.7,0,46,1,8,8,1,0,1,33.0,Emergency
18:01:48,1,1,0,1,103,44.5,59,33,2,7,0,1,0,0,51.5,Emergency
18:01:58,0,0,1,0,69,39.0,32,16,3,8,7,1,1,0,34.5,Emergency
18:02:07,1,1,0,0,55,47.7,22,10,3,8,7,1,0,0,27.5,Emergency
18:02:16,0,0,1,1,72,34.7,13,48,0,1,8,0,1,1,36.0,Emergency
18:02:25,1,0,1,1,29,41.5,5,14,0,1,7,1,0,0,14.5,Emergency
18:02:35,1,1,1,1,68,43.0,33,21,4,0,7,1,1,0,34.0,Emergency
18:02:44,1,0,1,0,84,45.7,39,29,1,9,4,1,0,0,42.0,Emergency
18:02:53,0,0,1,0,122,38.5,62,40,0,9,9,0,1,0,61.0,Emergency
18:03:03,1,1,1,0,40,41.7,19,3,1,6,5,1,0,1,20.0,Emergency
18:03:12,1,1,0,1,71,41.8,34,22,4,6,3,1,0,1,35.5,Emergency
18:03:21,0,1,1,0,35,38.5,20,8,2,2,0,0,0,1,17.5,Emergency
18:03:31,1,1,0,0,42,39.1,24,8,1,6,1,0,0,0,21.0,Low
18:03:40,1,1,0,0,43,49.6,28,0,3,6,2,1,1,1,21.5,Emergency
18:03:49,1,0,0,1,28,39.5,7,5,3,4,5,0,1,1,14.0,Emergency
18:03:59,0,1,1,0,79,39.0,53,16,1,5,2,0,0,0,39.5,Low
18:04:08,0,1,1,0,32,46.7,6,4,4,3,9,1,1,0,16.0,Emergency
18:04:17,1,0,0,1,85,38.0,58,8,3,9,5,0,0,0,42.5,Low
18:04:27,1,1,1,0,88,42.2,28,52,0,2,3,1,1,1,44.0,Emergency
18:04:36,1,0,1,1,64,36.0,34,21,1,1,6,1,0,0,32.0,Emergency
18:04:45,0,0,0,0,67,29.0,18,35,1,5,6,1,0,1,33.5,Emergency
18:04:55,0,0,0,1,48,35.8,27,8,2,2,8,0,0,1,24.0,Emergency
18:05:04,0,1,0,1,127,31.8,65,44,0,5,9,0,1,1,63.5,Emergency
18:05:13,1,1,1,1,57,46.2,34,12,0,4,5,1,0,1,28.5,Emergency
18:05:23,0,0,1,0,71,50.0,53,10,2,2,1,0,1,0,35.5,Emergency
18:05:32,1,1,0,0,45,40.0,18,12,0,8,2,0,1,0,22.5,Emergency
18:05:41,1,0,0,1,62,39.0,19,23,2,5,7,1,0,1,31.0,Emergency
18:05:50,0,1,0,1,79,31.7,21,46,1,8,2,1,0,0,39.5,Emergency
18:06:00,1,0,1,1,58,37.0,41,6,2,4,2,1,0,1,29.0,Emergency
18:06:09,0,0,1,0,88,39.0,41,33,1,4,5,1,1,1,44.0,Emergency
18:06:18,0,1,0,1,45,43.9,19,6,3,8,4,0,0,1,22.5,Emergency
18:06:28,0,1,0,0,88,39.6,69,5,1,5,7,0,0,0,44.0,Low
18:06:37,0,1,1,0,103,38.7,53,28,3,7,7,1,0,1,51.5,Emergency
18:06:46,1,1,1,0,55,34.0,41,4,4,2,2,0,0,1,27.5,Emergency
18:06:56,0,0,1,0,42,47.6,19,3,2,9,8,0,1,0,21.0,Emergency
18:07:05,1,1,0,0,25,49.1,8,7,0,7,0,1,1,0,12.5,Emergency
18:07:14,0,1,0,1,52,47.1,5,29,3,6,6,1,1,0,26.0,Emergency
18:07:24,1,0,0,0,19,28.0,0,4,3,9,1,0,0,0,9.5,Low
18:07:33,1,0,1,1,34,40.3,16,1,4,4,7,0,0,0,17.0,Low
18:07:42,1,0,1,0,48,40.6,31,10,0,2,2,1,0,0,24.0,Emergency
18:07:52,1,1,1,0,38,37.8,18,2,3,3,7,1,1,0,19.0,Emergency
18:08:01,1,0,1,1,70,39.4,34,15,1,9,8,1,0,1,35.0,Emergency
18:08:10,0,1,0,0,118,42.3,57,48,4,7,1,0,0,0,59.0,Medium
18:08:20,0,0,0,1,44,40.9,4,32,0,2,1,1,0,1,22.0,Emergency
18:08:29,1,0,1,1,94,43.4,41,38,2,7,4,0,1,1,47.0,Emergency
18:08:38,0,1,1,0,27,36.2,2,3,4,5,9,1,1,1,13.5,Emergency
18:08:48,0,0,1,0,72,32.0,24,28,4,4,9,0,0,1,36.0,Emergency
18:08:57,1,1,0,0,82,35.6,23,46,3,3,4,1,0,1,41.0,Emergency
18:09:06,1,0,1,0,125,35.8,53,56,1,4,5,1,1,0,62.5,Emergency
18:09:15,1,0,0,1,70,48.6,33,20,2,9,2,0,0,1,35.0,Emergency
18:09:25,1,0,1,1,48,37.5,18,17,2,2,6,0,0,1,24.0,Emergency
18:09:34,0,1,0,0,58,42.0,25,15,4,7,7,0,0,0,29.0,Low
18:09:43,0,0,0,0,96,31.4,48,34,1,1,8,1,1,1,48.0,Emergency
18:09:53,1,0,0,0,32,41.5,7,18,1,0,1,0,0,1,16.0,Emergency
18:10:02,0,0,0,0,38,38.8,7,9,4,9,6,1,0,1,19.0,Emergency
18:10:11,1,1,0,1,64,32.9,39,13,3,0,6,0,1,1,32.0,Emergency
18:10:21,0,0,1,0,101,40.8,61,25,4,2,4,1,1,0,50.5,Emergency
18:10:30,1,0,1,0,48,40.1,32,4,1,1,6,1,1,1,24.0,Emergency
18:10:39,0,0,0,1,84,44.0,5,70,1,0,4,1,1,0,42.0,Emergency
18:10:49,0,0,1,1,66,38.8,26,24,4,8,2,0,0,1,33.0,Emergency
18:10:58,0,1,0,1,53,45.2,25,5,4,6,8,0,0,1,26.5,Emergency
18:11:07,0,0,0,0,39,36.5,11,14,2,3,4,1,1,0,19.5,Emergency
18:11:17,1,0,1,1,85,37.0,48,23,4,0,6,0,1,1,42.5,Emergency
18:11:26,1,0,1,0,27,43.5,3,7,4,9,3,0,0,1,13.5,Emergency
18:11:35,0,0,1,1,120,31.3,50,61,1,0,5,0,1,1,60.0,Emergency
18:11:45,1,0,0,1,112,37.3,69,19,3,7,9,0,1,0,56.0,Emergency
18:11:54,1,0,0,0,71,38.4,50,5,2,9,3,0,0,1,35.5,Emergency
18:12:03,0,0,1,0,52,36.8,26,12,0,8,3,1,1,0,26.0,Emergency
18:12:13,1,1,1,1,82,50.1,39,27,0,6,6,0,1,1,41.0,Emergency
18:12:22,0,0,0,1,138,46.6,78,36,4,8,8,1,0,1,69.0,Emergency
18:12:31,1,1,0,0,146,37.2,89,44,2,5,3,0,1,0,73.0,Emergency
18:12:41,0,0,1,1,46,44.7,24,12,1,1,3,1,1,0,23.0,Emergency
18:12:50,1,0,0,0,30,38.0,0,10,0,9,9,0,0,0,15.0,Low
18:12:59,1,1,0,0,102,34.3,65,22,0,9,4,1,1,0,51.0,Emergency
18:13:08,0,1,1,0,64,27.9,43,8,1,9,2,1,0,0,32.0,Emergency
18:13:18,0,1,1,0,113,42.2,42,54,4,5,5,1,0,0,56.5,Emergency
18:13:27,0,1,0,0,116,48.4,37,65,0,5,7,1,0,1,58.0,Emergency
18:13:36,1,0,1,0,86,42.0,47,24,2,9,1,0,1,1,43.0,Emergency
18:13:46,1,0,0,0,91,42.8,17,56,0,8,7,1,0,1,45.5,Emergency
18:13:55,0,1,1,1,90,45.5,53,32,2,0,3,0,0,0,45.0,Low
18:14:04,0,0,0,0,48,38.4,16,7,3,8,9,1,1,0,24.0,Emergency
18:14:14,1,1,0,0,122,34.8,77,39,4,2,0,0,0,0,61.0,Medium
18:14:23,0,0,0,1,63,49.8,42,4,1,8,6,0,1,1,31.5,Emergency
18:14:32,1,0,1,0,55,40.7,18,29,2,5,0,1,0,0,27.5,Emergency
18:14:42,0,1,0,0,44,39.9,30,7,2,1,0,0,1,1,22.0,Emergency
18:14:51,0,1,1,0,93,33.6,55,24,3,2,6,0,0,1,46.5,Emergency
18:15:00,1,0,1,0,50,40.9,22,10,1,5,6,0,1,1,25.0,Emergency
18:15:10,0,0,1,0,40,36.1,20,6,0,4,5,1,1,1,20.0,Emergency
18:15:19,1,0,1,0,39,36.8,21,2,1,5,3,1,1,1,19.5,Emergency
18:15:28,0,1,0,1,112,35.4,41,54,4,6,4,1,0,0,56.0,Emergency
18:15:38,0,0,0,1,103,37.9,56,37,0,2,4,0,0,0,51.5,Medium
18:15:47,1,1,1,0,60,44.1,12,33,2,1,6,1,1,1,30.0,Emergency
18:15:56,1,0,1,0,129,38.4,89,26,1,8,4,1,0,0,64.5,Emergency
18:16:06,0,1,1,1,26,36.3,2,6,1,8,3,0,1,1,13.0,Emergency
18:16:15,1,1,0,1,67,30.6,21,30,3,6,3,0,1,1,33.5,Emergency
18:16:24,0,0,1,0,55,38.9,27,22,1,3,0,1,0,0,27.5,Emergency
18:16:33,0,1,0,1,45,46.2,27,2,3,6,5,0,1,1,22.5,Emergency
18:16:43,1,0,1,0,82,34.9,63,2,0,7,6,0,0,0,41.0,Low
18:16:52,1,1,0,0,65,38.0,59,1,2,0,1,1,0,1,32.5,Emergency
18:17:01,0,1,1,1,62,31.6,2,43,3,9,2,1,0,0,31.0,Emergency
18:17:11,1,1,1,0,41,37.8,19,12,2,1,2,0,1,0,20.5,Emergency
18:17:20,1,0,1,1,109,38.1,44,44,3,8,6,1,0,0,54.5,Emergency
18:17:29,1,1,0,0,82,34.0,65,3,4,3,0,1,1,1,41.0,Emergency
18:17:39,1,1,0,0,68,36.9,29,26,2,4,1,1,0,1,34.0,Emergency
18:17:48,1,1,0,1,76,40.5,52,8,2,5,3,1,0,1,38.0,Emergency
18:17:57,0,1,0,1,88,45.0,65,16,0,3,3,1,0,0,44.0,Emergency
18:18:07,1,1,0,0,46,37.1,12,17,2,4,8,1,1,1,23.0,Emergency
18:18:16,1,0,0,0,83,40.5,43,31,0,5,3,0,1,0,41.5,Emergency
18:18:25,1,0,0,0,65,38.4,12,33,4,5,5,1,0,1,32.5,Emergency
18:18:35,1,0,1,1,89,45.2,55,17,2,6,3,0,1,1,44.5,Emergency
18:18:44,1,1,1,1,90,39.8,49,29,2,1,5,0,0,1,45.0,Emergency
18:18:53,0,1,0,1,82,46.7,9,60,2,4,7,0,0,0,41.0,Low
18:19:03,0,0,1,0,140,47.9,82,37,0,9,7,1,1,1,70.0,Emergency
18:19:12,0,0,1,1,64,48.4,3,35,4,8,8,1,1,0,32.0,Emergency
18:19:21,1,0,0,0,61,43.2,21,26,4,4,4,0,0,0,30.5,Low
18:19:31,0,0,0,0,38,46.6,2,15,1,9,8,0,0,1,19.0,Emergency
18:19:40,1,1,0,1,70,31.7,58,0,1,0,8,1,0,0,35.0,Emergency
18:19:49,0,1,0,1,40,43.7,9,18,3,7,1,0,0,1,20.0,Emergency
18:19:58,1,0,1,1,59,33.9,26,20,1,3,6,1,0,1,29.5,Emergency
18:20:08,1,0,1,0,77,38.8,29,29,1,8,5,1,1,0,38.5,Emergency
18:20:17,1,0,1,1,131,34.2,81,40,0,7,0,0,0,1,65.5,Emergency
18:20:26,1,0,1,0,52,40.4,35,2,3,7,5,0,0,0,26.0,Low
18:20:36,1,1,0,1,48,42.4,6,29,1,3,7,1,0,0,24.0,Emergency
18:20:45,1,0,0,1,81,37.2,50,12,1,9,7,0,0,1,40.5,Emergency
18:20:54,0,1,1,1,68,36.3,23,22,2,9,8,1,0,0,34.0,Emergency
18:21:04,1,1,1,0,28,38.7,12,4,4,5,1,0,0,0,14.0,Low
18:21:13,0,0,1,0,49,36.6,2,32,4,9,0,0,0,0,24.5,Low
18:21:22,1,1,0,1,68,39.0,36,21,0,1,6,0,1,0,34.0,Emergency
18:21:32,0,1,0,1,82,41.0,63,4,1,3,4,1,1,1,41.0,Emergency
18:21:41,1,0,1,0,66,38.5,32,15,4,4,6,1,1,1,33.0,Emergency
18:21:50,0,0,0,1,41,43.9,13,14,1,8,0,0,0,1,20.5,Emergency
18:22:00,1,1,1,1,43,55.2,12,12,0,9,6,0,0,0,21.5,Low
18:22:09,0,1,1,1,72,41.8,18,42,2,2,3,0,1,0,36.0,Emergency
18:22:18,0,1,0,1,35,31.1,17,0,4,6,8,0,0,0,17.5,Low
18:22:28,0,1,1,0,26,32.6,2,9,4,7,3,1,0,0,13.0,Emergency
18:22:37,0,1,1,1,72,33.8,54,6,2,8,0,1,1,0,36.0,Emergency
18:22:46,0,1,1,1,43,36.6,8,17,4,6,3,0,1,1,21.5,Emergency
18:22:56,1,0,0,1,95,41.0,11,73,3,1,2,0,1,0,47.5,Emergency
18:23:05,0,0,1,1,83,37.6,51,15,2,7,3,1,0,1,41.5,Emergency
18:23:14,1,0,1,0,51,44.4,15,15,3,4,8,1,0,1,25.5,Emergency
18:23:23,1,0,0,0,48,36.1,19,12,2,4,8,0,0,0,24.0,Low
18:23:33,0,0,1,1,74,41.4,44,21,1,3,3,0,1,1,37.0,Emergency
18:23:42,1,1,0,0,46,31.0,15,15,3,5,3,0,0,1,23.0,Emergency
18:23:51,0,0,1,1,88,43.0,70,4,0,4,3,1,1,1,44.0,Emergency
18:24:01,1,0,1,1,54,36.0,20,24,0,2,5,0,1,1,27.0,Emergency
18:24:10,1,1,1,1,27,32.4,10,9,1,0,3,1,0,1,13.5,Emergency
18:24:19,0,0,1,0,108,40.0,58,31,2,5,8,0,0,0,54.0,Medium
18:24:29,1,0,0,1,31,37.0,3,18,3,3,0,1,1,0,15.5,Emergency
18:24:38,1,0,1,1,39,37.2,15,14,2,1,4,0,0,1,19.5,Emergency
18:24:47,0,0,1,0,74,40.7,23,34,1,8,6,0,1,1,37.0,Emergency
18:24:57,0,1,0,0,50,43.4,5,28,4,3,8,0,1,1,25.0,Emergency
18:25:06,1,0,0,1,51,34.4,0,30,1,9,5,0,1,1,25.5,Emergency
18:25:15,1,0,0,1,41,41.0,13,11,3,9,4,0,0,0,20.5,Low
18:25:25,1,0,1,0,53,44.7,10,31,3,1,1,1,1,1,26.5,Emergency
18:25:34,0,0,0,0,42,40.3,17,11,2,4,3,1,1,0,21.0,Emergency
18:25:43,1,0,1,1,74,48.9,43,20,1,5,2,0,1,1,37.0,Emergency
18:25:53,1,0,0,0,145,45.2,60,57,4,9,9,0,1,1,72.5,Emergency
18:26:02,0,1,1,1,81,46.2,7,53,4,9,6,0,0,1,40.5,Emergency
18:26:11,0,0,1,1,68,46.6,1,48,4,9,6,0,0,0,34.0,Low
18:26:21,1,0,1,1,62,47.5,9,38,1,9,1,1,1,1,31.0,Emergency
18:26:30,0,0,0,1,140,40.8,65,58,0,8,3,1,1,1,70.0,Emergency
18:26:39,0,1,1,1,78,35.4,64,7,2,0,4,0,0,0,39.0,Low
18:26:48,0,1,0,0,157,43.4,96,42,3,4,8,0,0,0,78.5,Medium
18:26:58,1,1,0,0,65,41.5,21,29,3,3,4,1,0,0,32.5,Emergency
18:27:07,1,0,0,0,45,35.3,16,15,3,0,7,0,0,1,22.5,Emergency
18:27:16,1,1,1,1,92,36.9,22,56,1,2,7,1,1,1,46.0,Emergency
18:27:26,1,0,1,0,74,49.3,57,2,4,1,8,1,1,0,37.0,Emergency
18:27:35,0,0,1,1,29,40.5,15,2,2,3,4,0,0,1,14.5,Emergency
18:27:44,0,0,1,0,53,45.4,36,2,2,3,4,0,1,1,26.5,Emergency
18:27:54,1,1,0,0,54,40.0,29,11,4,0,5,1,0,0,27.0,Emergency
18:28:03,1,0,0,0,44,40.7,10,23,0,1,5,1,0,0,22.0,Emergency
18:28:12,0,0,0,1,60,34.9,25,24,1,9,0,0,0,1,30.0,Emergency
18:28:22,1,0,1,1,55,38.7,12,26,4,4,6,0,0,1,27.5,Emergency
18:28:31,1,1,1,0,31,43.7,11,1,4,4,8,0,0,0,15.5,Low
18:28:40,0,0,1,1,32,37.3,3,3,4,8,9,1,1,1,16.0,Emergency
18:28:50,0,0,0,0,64,41.3,38,14,4,1,6,0,0,0,32.0,Low
18:28:59,0,1,0,0,69,39.3,32,22,4,2,3,0,1,1,34.5,Emergency
18:29:08,0,0,1,0,96,40.6,38,45,2,8,1,0,1,0,48.0,Emergency
18:29:18,0,1,0,1,19,32.8,13,3,1,0,1,0,0,1,9.5,Emergency
18:29:27,0,0,0,0,60,40.5,7,43,0,1,2,1,1,1,30.0,Emergency
18:29:36,0,1,1,1,41,36.5,8,14,2,8,8,1,0,0,20.5,Emergency
18:29:46,0,1,0,0,38,44.0,1,17,3,6,7,0,0,1,19.0,Emergency
18:29:55,0,0,0,1,32,45.5,12,0,1,6,8,0,1,0,16.0,Emergency
18:30:04,0,1,0,0,71,32.8,59,1,3,3,3,1,1,0,35.5,Emergency
18:30:13,1,1,1,1,43,37.8,17,12,0,5,5,1,1,0,21.5,Emergency
18:30:23,1,0,0,0,80,42.4,47,18,1,6,1,1,1,1,40.0,Emergency
18:30:32,1,1,1,0,36,34.4,20,0,3,7,4,1,1,0,18.0,Emergency
18:30:41,0,1,0,1,41,48.3,13,13,0,5,4,1,1,0,20.5,Emergency
18:30:51,0,0,0,1,45,35.6,19,11,4,1,6,1,0,0,22.5,Emergency
18:31:00,1,1,0,1,58,33.3,14,22,3,4,9,0,1,1,29.0,Emergency
18:31:09,0,1,1,0,86,38.9,60,14,4,5,3,0,0,0,43.0,Low
18:31:19,1,1,1,1,83,41.9,6,59,1,4,7,1,0,1,41.5,Emergency
18:31:28,1,1,1,1,93,32.4,37,44,4,1,1,1,1,0,46.5,Emergency
18:31:37,1,1,0,0,89,33.9,32,41,4,6,3,0,0,1,44.5,Emergency
18:31:47,0,0,0,0,101,39.3,56,23,4,7,7,1,0,1,50.5,Emergency
18:31:56,1,0,0,1,74,42.3,42,12,2,6,7,1,0,1,37.0,Emergency
18:32:05,1,0,1,0,81,44.7,52,7,4,9,4,0,1,1,40.5,Emergency
18:32:15,0,0,0,1,96,37.1,33,40,4,8,9,0,1,0,48.0,Emergency
18:32:24,0,0,1,0,59,40.4,4,52,0,0,1,1,0,0,29.5,Emergency
18:32:33,1,0,1,0,124,36.3,67,43,1,5,4,1,0,1,62.0,Emergency
18:32:43,0,1,0,0,92,41.1,57,22,0,8,2,0,1,0,46.0,Emergency
18:32:52,1,0,0,1,103,39.6,73,19,1,7,0,1,0,1,51.5,Emergency
18:33:01,1,0,0,1,49,39.5,8,28,4,4,2,0,0,1,24.5,Emergency
18:33:11,1,0,1,1,79,43.1,27,38,3,3,5,1,0,1,39.5,Emergency
18:33:20,0,0,0,0,23,43.7,3,2,2,8,3,1,0,1,11.5,Emergency
18:33:29,0,0,1,0,66,46.5,1,56,1,2,2,0,0,1,33.0,Emergency
18:33:38,1,1,1,0,50,35.8,17,12,4,7,9,0,1,0,25.0,Emergency
18:33:48,1,1,0,0,63,39.2,18,27,1,2,8,1,1,1,31.5,Emergency
18:33:57,0,1,0,0,42,34.6,20,8,1,1,7,1,1,1,21.0,Emergency
18:34:06,0,0,1,1,118,46.5,52,51,3,8,3,1,0,0,59.0,Emergency
18:34:16,1,0,1,0,93,38.7,6,68,3,2,9,1,0,0,46.5,Emergency
18:34:25,0,0,1,1,75,42.2,43,21,4,4,1,0,1,0,37.5,Emergency
18:34:34,0,1,0,1,124,41.1,40,66,1,8,5,1,1,1,62.0,Emergency
18:34:44,1,0,1,0,57,36.4,36,14,1,0,0,1,1,0,28.5,Emergency
18:34:53,1,1,1,0,139,37.1,76,48,2,0,7,0,1,1,69.5,Emergency
18:35:02,1,1,0,0,76,44.8,10,50,2,3,8,0,0,1,38.0,Emergency
18:35:12,1,1,0,0,37,36.2,14,8,1,9,5,0,0,0,18.5,Low
18:35:21,1,1,0,0,110,37.0,64,26,4,8,5,1,0,1,55.0,Emergency
18:35:30,1,1,1,1,65,44.8,23,28,4,0,7,0,1,0,32.5,Emergency
18:35:40,1,0,1,1,98,29.7,66,15,4,4,5,0,0,1,49.0,Emergency
18:35:49,0,0,0,0,60,40.3,8,31,3,6,7,1,0,1,30.0,Emergency
18:35:58,0,1,0,0,21,52.4,1,4,4,1,6,1,0,1,10.5,Emergency
18:36:08,0,0,1,1,155,42.6,79,54,3,8,7,0,1,0,77.5,Emergency
18:36:17,0,1,0,0,61,36.1,31,20,0,4,5,0,0,1,30.5,Emergency
18:36:26,1,0,0,1,109,30.9,67,22,3,5,8,0,0,1,54.5,Emergency
18:36:36,0,1,1,0,81,41.2,56,9,4,7,1,1,0,1,40.5,Emergency
18:36:45,1,0,1,0,48,38.9,20,18,0,6,2,0,0,0,24.0,Low
18:36:54,1,0,0,0,45,36.2,26,3,3,2,7,1,1,0,22.5,Emergency
18:37:03,1,1,1,1,78,45.6,45,16,2,3,9,0,0,0,39.0,Low
18:37:13,1,0,0,1,34,35.6,21,1,2,0,7,0,0,0,17.0,Low
18:37:22,0,1,0,0,12,52.4,3,1,2,3,0,0,0,0,6.0,Low
18:37:31,0,1,0,0,34,41.6,8,5,4,6,5,1,1,0,17.0,Emergency
18:37:41,1,1,0,1,118,30.6,57,48,1,0,9,0,1,0,59.0,Emergency
18:37:50,0,1,0,1,48,42.4,30,5,1,6,4,1,1,0,24.0,Emergency
18:37:59,0,0,0,1,38,44.3,13,10,2,3,7,0,1,0,19.0,Emergency
18:38:09,0,1,1,0,61,43.5,41,0,1,9,7,1,0,1,30.5,Emergency
18:38:18,0,1,1,1,58,43.3,42,10,3,2,0,0,1,0,29.0,Emergency
18:38:27,0,1,1,0,39,44.2,2,25,0,0,9,1,0,1,19.5,Emergency
18:38:37,0,0,1,0,116,34.7,69,34,3,6,2,1,0,1,58.0,Emergency
18:38:46,1,0,0,0,134,43.4,74,49,2,3,2,0,0,1,67.0,Emergency
18:38:55,0,0,1,1,82,39.0,58,7,4,6,4,1,1,0,41.0,Emergency
18:39:05,0,1,0,0,94,40.7,62,25,1,0,0,0,1,1,47.0,Emergency
18:39:14,1,0,0,0,50,39.3,19,20,3,3,3,1,0,0,25.0,Emergency
18:39:23,1,1,1,0,87,32.3,64,7,0,9,2,0,1,1,43.5,Emergency
18:39:33,1,1,0,0,44,39.0,15,14,0,7,3,1,1,1,22.0,Emergency
18:39:42,0,0,1,1,47,30.7,21,14,1,3,3,1,1,0,23.5,Emergency
18:39:51,1,0,1,0,64,42.8,4,38,4,7,7,0,0,0,32.0,Low
18:40:01,1,0,0,0,38,34.4,13,14,2,6,0,0,1,0,19.0,Emergency
18:40:10,0,0,1,1,61,34.9,37,5,4,7,5,1,0,0,30.5,Emergency
18:40:19,0,1,0,1,31,38.0,12,7,1,2,7,1,0,0,15.5,Emergency
18:40:28,0,0,0,0,96,40.8,27,57,4,7,0,0,0,1,48.0,Emergency
18:40:38,1,0,0,1,63,44.8,51,2,2,1,3,0,0,0,31.5,Low
18:40:47,1,0,0,0,64,37.4,30,24,0,5,5,0,0,0,32.0,Low
18:40:56,0,1,1,1,92,38.8,63,20,1,2,0,1,1,0,46.0,Emergency
18:41:06,1,1,1,1,83,35.8,38,30,3,9,3,0,0,0,41.5,Low
18:41:15,0,1,1,0,40,41.2,3,24,0,4,3,0,1,1,20.0,Emergency
18:41:24,0,1,0,1,100,30.3,35,41,3,9,7,1,1,0,50.0,Emergency
18:41:34,1,0,1,0,74,38.5,3,61,1,2,1,1,0,1,37.0,Emergency
18:41:43,0,1,0,1,48,40.0,10,19,3,2,9,0,1,0,24.0,Emergency
18:41:52,0,1,1,1,66,33.0,4,46,2,1,7,0,1,1,33.0,Emergency
18:42:02,0,0,0,1,115,48.2,56,34,4,9,6,1,0,1,57.5,Emergency
18:42:11,0,0,0,0,34,33.1,8,7,1,5,7,0,1,1,17.0,Emergency
18:42:20,0,1,0,1,90,44.6,44,25,4,4,8,1,1,1,45.0,Emergency
18:42:30,1,0,1,1,71,38.8,39,23,3,4,0,0,1,0,35.5,Emergency
18:42:39,0,1,1,0,75,40.6,52,3,1,4,8,1,1,1,37.5,Emergency
18:42:48,1,0,0,0,115,40.8,29,73,4,0,8,0,0,0,57.5,Medium
18:42:58,0,1,0,0,61,38.3,31,17,2,4,4,1,1,0,30.5,Emergency
18:43:07,0,1,0,0,96,51.5,65,18,2,4,5,1,0,1,48.0,Emergency
18:43:16,1,0,1,1,46,41.7,16,15,0,9,2,1,0,1,23.0,Emergency
18:43:26,0,0,0,0,51,45.9,11,32,0,4,1,0,0,0,25.5,Low
18:43:35,1,1,1,0,50,45.2,17,17,0,6,5,0,0,1,25.0,Emergency
18:43:44,0,1,0,0,57,39.8,29,15,2,4,5,0,1,1,28.5,Emergency
18:43:53,0,1,1,1,85,38.0,41,34,1,7,0,0,0,0,42.5,Low
18:44:03,0,0,0,1,64,49.0,25,16,2,6,9,0,1,1,32.0,Emergency
18:44:12,0,0,0,0,45,30.7,9,19,2,7,3,0,1,0,22.5,Emergency
18:44:21,1,1,1,0,50,46.2,28,1,0,8,9,1,1,1,25.0,Emergency
18:44:31,0,1,1,0,79,52.9,54,11,4,0,7,1,1,1,39.5,Emergency
18:44:40,0,1,0,1,103,43.9,60,22,4,4,7,1,1,1,51.5,Emergency
18:44:49,0,1,1,1,39,34.4,21,0,4,5,4,1,0,1,19.5,Emergency
18:44:59,0,1,1,1,96,37.3,48,27,3,5,9,1,0,0,48.0,Emergency
18:45:08,0,1,0,0,82,40.8,42,20,2,6,9,1,0,0,41.0,Emergency
18:45:17,1,1,1,0,144,43.1,85,45,0,0,9,1,0,1,72.0,Emergency
18:45:27,0,0,0,0,54,31.4,31,2,3,5,8,0,0,1,27.0,Emergency
18:45:36,0,1,1,0,51,34.7,22,24,0,0,1,1,0,0,25.5,Emergency
18:45:45,1,0,0,1,41,38.3,1,21,2,2,9,1,1,0,20.5,Emergency
18:45:55,1,0,1,0,89,51.1,11,61,2,5,4,1,1,1,44.5,Emergency
18:46:04,1,1,0,0,67,38.0,15,34,3,3,9,1,0,0,33.5,Emergency
18:46:13,0,1,0,1,15,44.1,4,1,0,4,4,0,0,1,7.5,Emergency
18:46:23,1,1,0,1,93,41.9,47,31,0,1,9,0,0,1,46.5,Emergency
18:46:32,0,0,0,0,117,31.0,53,47,4,4,7,1,1,0,58.5,Emergency
18:46:41,1,0,1,0,114,44.3,72,24,2,7,8,0,0,0,57.0,Medium
18:46:51,0,0,1,0,68,35.6,38,9,1,9,7,0,0,1,34.0,Emergency
18:47:00,1,0,1,0,59,38.0,39,12,3,0,3,1,0,1,29.5,Emergency
18:47:09,0,1,0,1,111,37.1,45,42,4,8,8,0,0,0,55.5,Medium
18:47:18,0,0,1,1,40,31.0,18,9,1,4,2,1,1,1,20.0,Emergency
18:47:28,0,1,0,1,69,36.0,39,21,4,1,1,1,0,0,34.5,Emergency
18:47:37,1,0,0,0,88,41.5,44,36,2,2,2,0,0,0,44.0,Low
18:47:46,0,1,1,1,47,42.7,21,20,0,1,1,0,0,1,23.5,Emergency
18:47:56,0,1,0,0,58,37.3,34,10,4,3,3,0,0,1,29.0,Emergency
18:48:05,1,0,1,0,19,36.8,4,1,0,6,4,0,1,1,9.5,Emergency
18:48:14,1,1,1,1,75,43.4,17,40,2,7,6,1,1,1,37.5,Emergency
18:48:24,0,1,0,1,86,46.4,52,28,1,1,1,0,1,0,43.0,Emergency
18:48:33,0,1,0,0,40,39.2,3,20,3,0,9,1,1,0,20.0,Emergency
18:48:42,0,1,0,0,62,42.4,53,1,2,3,1,0,0,0,31.0,Low
18:48:52,0,0,1,0,84,34.0,1,64,1,7,9,1,0,1,42.0,Emergency
18:49:01,1,0,1,1,50,31.2,18,16,1,6,6,1,0,1,25.0,Emergency
18:49:10,1,0,1,1,103,31.0,22,53,4,9,9,0,1,1,51.5,Emergency
18:49:20,0,1,1,1,35,48.2,15,2,3,9,5,0,0,1,17.5,Emergency
18:49:29,0,0,0,0,63,34.0,27,21,4,5,3,1,0,0,31.5,Emergency
18:49:38,0,0,1,1,57,43.7,7,35,0,5,5,1,1,0,28.5,Emergency
18:49:48,0,0,1,1,129,38.1,49,62,1,8,4,0,1,1,64.5,Emergency
18:49:57,1,1,1,0,95,33.0,0,85,1,3,3,1,1,0,47.5,Emergency
18:50:06,0,1,1,1,129,51.8,82,36,3,4,2,1,0,1,64.5,Emergency
18:50:16,1,1,1,0,122,46.0,68,44,0,7,0,1,1,0,61.0,Emergency
18:50:25,1,1,1,0,34,37.1,21,2,3,2,3,0,1,0,17.0,Emergency
18:50:34,1,0,1,1,116,41.2,77,25,0,2,8,1,1,0,58.0,Emergency
18:50:44,1,1,1,1,66,37.5,12,37,1,2,7,1,1,1,33.0,Emergency
18:50:53,1,1,1,0,97,40.0,9,72,0,5,8,0,0,0,48.5,Low
18:51:02,1,1,1,0,119,38.0,74,39,3,0,1,1,1,0,59.5,Emergency
18:51:11,1,1,1,0,88,36.3,65,9,0,7,5,1,1,0,44.0,Emergency
18:51:21,0,0,0,0,137,36.3,58,63,4,1,8,1,1,1,68.5,Emergency
18:51:30,1,0,0,1,61,45.8,6,37,4,9,2,1,1,1,30.5,Emergency
18:51:39,1,0,0,1,13,33.1,6,1,0,1,0,1,1,1,6.5,Emergency
18:51:49,0,0,0,1,90,28.3,63,16,0,7,1,0,1,0,45.0,Emergency
18:51:58,0,1,0,0,45,37.6,0,31,2,0,6,1,1,1,22.5,Emergency
18:52:07,0,0,1,0,86,39.6,5,62,4,9,5,0,0,0,43.0,Low
18:52:17,0,0,0,1,127,33.7,43,65,1,6,8,0,1,1,63.5,Emergency
18:52:26,0,1,1,0,69,39.4,24,31,3,6,4,1,0,0,34.5,Emergency
18:52:35,1,1,0,1,80,35.8,35,31,4,5,4,0,0,0,40.0,Low
18:52:45,1,1,0,1,38,36.9,21,0,3,8,0,1,1,0,19.0,Emergency
18:52:54,0,1,0,1,52,32.3,31,17,1,1,1,0,0,1,26.0,Emergency
18:53:03,0,1,0,0,74,41.8,34,15,4,7,8,1,0,1,37.0,Emergency
18:53:13,1,0,0,1,51,44.9,33,6,4,0,7,1,0,0,25.5,Emergency
18:53:22,0,0,0,0,63,35.6,22,26,1,7,5,0,0,1,31.5,Emergency
18:53:31,1,0,0,1,37,28.2,6,15,3,2,6,1,1,0,18.5,Emergency
18:53:41,1,1,1,1,30,42.4,15,2,2,7,0,1,1,0,15.0,Emergency
18:53:50,1,1,0,0,33,42.1,10,17,0,5,0,1,0,0,16.5,Emergency
18:53:59,1,0,1,0,36,31.0,19,8,2,3,1,0,0,1,18.0,Emergency
18:54:09,0,1,1,1,61,37.7,8,41,1,0,8,1,1,1,30.5,Emergency
18:54:18,0,0,0,1,77,37.8,24,31,4,6,8,0,0,1,38.5,Emergency
18:54:27,0,1,0,1,105,36.1,32,62,0,0,4,1,1,1,52.5,Emergency
18:54:36,1,0,0,1,26,41.8,0,12,1,3,4,1,0,1,13.0,Emergency
18:54:46,1,1,1,1,88,40.3,64,9,4,8,0,1,0,1,44.0,Emergency
18:54:55,0,0,1,0,51,34.2,11,21,3,9,5,1,0,0,25.5,Emergency
18:55:04,1,1,0,0,118,42.7,72,30,3,8,2,0,1,0,59.0,Emergency
18:55:14,1,1,0,0,39,37.9,6,20,2,6,4,0,0,0,19.5,Low
18:55:23,0,0,1,1,76,27.8,16,42,0,6,8,1,0,1,38.0,Emergency
18:55:32,0,1,1,0,41,40.6,16,17,0,4,3,1,0,0,20.5,Emergency
18:55:42,1,0,0,1,147,31.9,83,46,4,8,1,0,1,0,73.5,Emergency
18:55:51,0,1,0,1,53,48.9,9,33,0,5,5,0,1,0,26.5,Emergency
18:56:00,0,0,1,0,70,45.7,27,29,1,8,2,0,0,1,35.0,Emergency
18:56:10,1,0,1,1,74,45.0,22,39,1,5,4,0,1,1,37.0,Emergency
18:56:19,0,1,1,1,51,40.0,4,30,2,6,6,1,0,1,25.5,Emergency
18:56:28,0,1,0,0,59,39.8,37,6,2,4,5,0,1,0,29.5,Emergency
18:56:38,1,0,1,0,106,41.6,15,72,3,3,8,0,1,0,53.0,Emergency
18:56:47,1,0,0,1,52,42.6,26,5,4,8,5,1,1,0,26.0,Emergency
18:56:56,0,1,0,0,88,40.4,58,9,0,9,6,0,1,1,44.0,Emergency
18:57:06,1,1,1,0,64,39.1,35,17,3,5,4,0,0,0,32.0,Low
18:57:15,1,0,1,1,77,44.8,71,2,2,1,0,1,0,0,38.5,Emergency
18:57:24,0,1,0,1,70,33.2,10,54,2,1,2,0,0,1,35.0,Emergency
18:57:34,1,0,1,1,50,26.2,3,23,3,8,9,0,1,1,25.0,Emergency
18:57:43,1,0,0,0,36,39.0,4,20,4,4,0,1,1,0,18.0,Emergency
18:57:52,1,0,1,1,36,31.3,0,27,4,2,1,0,1,0,18.0,Emergency
18:58:01,0,0,1,0,95,41.5,38,47,0,0,7,0,0,1,47.5,Emergency
18:58:11,1,0,0,1,89,45.4,31,45,3,3,6,0,1,0,44.5,Emergency
18:58:20,0,1,0,1,48,36.0,12,20,3,6,2,1,0,0,24.0,Emergency
18:58:29,0,0,0,1,54,38.7,15,29,3,1,4,1,0,0,27.0,Emergency
18:58:39,1,0,1,1,87,42.5,48,26,4,0,4,0,1,0,43.5,Emergency
18:58:48,1,0,0,1,39,44.8,20,7,3,3,3,0,1,1,19.5,Emergency
18:58:57,0,0,1,0,63,41.3,1,42,3,6,5,0,1,1,31.5,Emergency
18:59:07,0,1,1,0,41,39.8,19,5,2,4,7,1,0,0,20.5,Emergency
18:59:16,0,0,0,1,85,38.2,25,52,2,2,2,1,0,0,42.5,Emergency
18:59:25,0,0,1,0,102,45.3,48,36,1,7,6,0,1,1,51.0,Emergency
18:59:35,0,0,0,1,51,40.7,21,19,2,4,2,0,0,0,25.5,Low
18:59:44,0,1,0,0,45,44.3,23,8,1,5,4,0,0,0,22.5,Low
18:59:53,1,1,0,0,37,32.1,22,4,1,7,0,1,0,0,18.5,Emergency
19:00:03,1,0,1,0,49,29.9,26,6,0,8,9,0,0,0,24.5,Low
19:00:12,0,1,0,1,19,40.8,4,1,3,0,9,0,0,1,9.5,Emergency
19:00:21,0,1,0,1,102,34.3,55,41,0,4,1,0,0,0,51.0,Medium
19:00:31,0,0,1,1,43,32.7,25,2,0,9,5,0,1,1,21.5,Emergency
19:00:40,0,1,1,1,45,37.9,26,3,4,5,5,0,1,1,22.5,Emergency
19:00:49,1,0,1,1,57,39.6,37,1,3,7,7,0,0,0,28.5,Low
19:00:59,1,1,0,1,62,40.7,17,23,3,8,6,0,1,0,31.0,Emergency
19:01:08,0,1,0,1,31,45.4,4,7,1,8,8,0,1,1,15.5,Emergency
19:01:17,0,0,1,0,27,37.4,9,2,4,8,1,0,0,0,13.5,Low
19:01:26,1,0,1,0,52,45.3,33,4,4,1,6,0,1,1,26.0,Emergency
19:01:36,1,0,0,1,61,37.9,14,33,2,6,2,0,0,0,30.5,Low
19:01:45,0,1,1,1,69,51.4,14,39,3,1,6,1,1,0,34.5,Emergency
19:01:54,1,1,1,0,57,46.4,20,11,4,8,8,1,1,1,28.5,Emergency
19:02:04,1,1,1,0,67,40.1,36,20,0,1,6,0,1,0,33.5,Emergency
19:02:13,0,0,1,1,58,33.0,1,44,2,7,2,1,0,1,29.0,Emergency
19:02:22,0,1,0,1,45,44.7,22,2,0,8,8,1,1,1,22.5,Emergency
19:02:32,1,0,1,1,95,47.4,51,30,3,2,5,1,0,1,47.5,Emergency
19:02:41,0,1,0,1,50,36.1,32,3,0,3,8,1,1,0,25.0,Emergency
19:02:50,1,1,0,0,114,37.5,84,26,1,1,0,0,0,0,57.0,Medium
19:03:00,1,1,0,0,54,40.8,37,5,1,9,0,0,0,1,27.0,Emergency
19:03:09,1,1,0,1,87,35.0,56,12,0,9,7,1,0,0,43.5,Emergency
19:03:18,0,1,0,1,50,38.4,23,11,1,9,2,0,0,1,25.0,Emergency
19:03:28,0,0,1,0,30,42.8,5,17,0,0,3,1,1,1,15.0,Emergency
19:03:37,0,1,1,1,134,44.0,71,52,2,1,1,1,1,1,67.0,Emergency
19:03:46,1,1,1,1,92,38.8,55,11,4,8,9,0,1,1,46.0,Emergency
19:03:56,1,1,1,1,117,38.0,59,43,0,9,3,1,0,1,58.5,Emergency
19:04:05,0,1,0,0,79,41.2,10,52,3,8,3,0,0,1,39.5,Emergency
19:04:14,0,1,0,0,101,50.5,60,31,4,5,1,0,0,0,50.5,Medium
19:04:24,1,0,0,0,51,39.2,34,9,2,0,5,0,1,0,25.5,Emergency
19:04:33,0,1,0,1,25,44.7,7,2,4,2,6,1,1,1,12.5,Emergency
19:04:42,0,0,1,0,53,41.7,21,10,0,9,8,1,1,1,26.5,Emergency
19:04:51,0,0,1,1,47,42.5,11,24,4,4,2,0,0,0,23.5,Low
19:05:01,1,0,1,0,55,46.0,26,16,1,3,5,0,0,1,27.5,Emergency
19:05:10,1,0,0,1,47,42.4,26,13,3,0,4,0,0,1,23.5,Emergency
19:05:19,0,0,1,0,75,45.8,12,44,1,5,7,1,1,0,37.5,Emergency
19:05:29,1,0,1,0,31,35.0,4,12,1,4,5,0,1,1,15.5,Emergency
19:05:38,0,0,0,0,62,51.4,26,27,4,1,1,0,0,0,31.0,Low
19:05:47,0,0,0,0,31,39.4,26,1,0,2,0,0,0,1,15.5,Emergency
19:05:57,0,0,1,0,77,48.1,64,0,4,4,2,0,1,1,38.5,Emergency
19:06:06,0,0,1,1,103,27.6,71,19,2,4,2,1,0,1,51.5,Emergency
19:06:15,0,0,0,1,142,40.0,70,51,4,8,8,0,0,1,71.0,Emergency
19:06:25,1,1,1,1,34,32.6,5,18,1,0,6,1,1,1,17.0,Emergency
19:06:34,0,0,1,1,32,32.7,4,14,4,0,7,1,0,0,16.0,Emergency
19:06:43,1,0,0,1,56,26.5,13,22,3,8,5,1,0,1,28.0,Emergency
19:06:53,1,0,1,0,49,29.5,32,3,0,9,0,1,0,0,24.5,Emergency
19:07:02,0,1,1,1,118,42.3,57,44,2,4,8,1,0,0,59.0,Emergency
19:07:11,0,1,0,0,49,35.8,21,18,2,5,1,0,1,0,24.5,Emergency
19:07:21,0,0,1,0,82,40.5,49,21,4,1,2,0,1,0,41.0,Emergency
19:07:30,1,0,1,0,36,37.6,2,24,0,5,0,1,1,0,18.0,Emergency
19:07:39,1,1,1,1,73,46.5,40,20,0,7,1,1,1,1,36.5,Emergency
19:07:49,0,1,0,0,58,33.6,11,32,2,4,3,1,0,1,29.0,Emergency
19:07:58,0,0,1,0,83,36.3,44,21,2,4,7,1,0,0,41.5,Emergency
19:08:07,0,1,0,1,38,52.6,5,20,4,1,5,1,0,1,19.0,Emergency
19:08:16,0,1,1,1,123,36.2,93,19,0,7,3,0,1,0,61.5,Emergency
19:08:26,0,0,1,1,72,33.4,11,45,2,7,2,1,1,1,36.0,Emergency
19:08:35,1,0,0,1,125,45.7,71,35,4,5,5,0,1,0,62.5,Emergency
19:08:44,1,0,1,1,64,37.4,16,36,3,3,0,1,1,0,32.0,Emergency
19:08:54,0,0,1,0,97,36.5,51,23,4,9,6,0,0,1,48.5,Emergency
19:09:03,1,0,1,1,97,32.4,44,41,4,4,2,1,1,0,48.5,Emergency
19:09:12,0,1,1,0,75,45.0,62,3,1,0,6,0,0,0,37.5,Low
19:09:22,1,1,0,0,27,43.6,4,9,2,1,4,1,1,1,13.5,Emergency
19:09:31,1,1,0,1,37,45.6,14,8,0,9,1,1,0,1,18.5,Emergency
19:09:40,0,1,0,1,114,40.9,72,33,0,2,3,0,1,0,57.0,Emergency
19:09:50,1,1,1,1,34,36.1,18,1,3,2,6,1,0,0,17.0,Emergency
19:09:59,0,0,0,1,109,45.1,40,52,3,6,6,1,1,0,54.5,Emergency
19:10:08,1,1,1,0,44,36.4,27,9,1,4,0,0,0,0,22.0,Low
19:10:18,1,1,1,0,33,39.0,14,3,1,1,9,0,0,1,16.5,Emergency
19:10:27,1,1,1,1,48,34.5,39,1,1,0,5,1,0,0,24.0,Emergency
19:10:36,1,0,0,1,44,38.3,25,2,3,3,8,1,0,0,22.0,Emergency
19:10:46,1,0,1,1,102,39.9,54,33,3,6,5,1,0,0,51.0,Emergency
19:10:55,0,0,1,1,73,40.0,6,47,1,8,5,1,1,0,36.5,Emergency
19:11:04,0,0,0,1,68,47.9,41,10,0,7,5,0,1,0,34.0,Emergency
19:11:14,1,0,0,0,69,45.7,44,3,4,9,6,1,1,1,34.5,Emergency
19:11:23,1,0,1,1,50,39.9,32,3,2,1,7,1,0,1,25.0,Emergency
19:11:32,0,0,1,1,49,29.3,4,38,0,6,0,0,1,0,24.5,Emergency
19:11:41,1,1,0,1,70,36.4,14,42,3,5,1,1,1,0,35.0,Emergency
19:11:51,0,1,0,0,49,35.0,6,34,1,2,1,0,0,1,24.5,Emergency
19:12:00,0,1,1,1,63,42.2,40,4,4,6,8,0,0,0,31.5,Low
19:12:09,0,1,0,1,101,28.5,43,36,1,9,9,0,0,1,50.5,Emergency
19:12:19,0,1,0,0,91,33.8,22,55,2,5,5,0,0,0,45.5,Low
19:12:28,0,0,1,0,48,33.3,11,22,4,4,6,0,0,0,24.0,Low
19:12:37,0,0,0,1,57,44.3,10,31,0,7,6,1,0,0,28.5,Emergency
19:12:47,1,1,0,1,65,43.6,14,32,2,2,9,1,1,1,32.5,Emergency
19:12:56,1,1,1,0,103,42.4,51,43,0,1,5,0,0,0,51.5,Medium
19:13:05,0,0,0,0,71,42.3,57,9,0,3,0,0,0,0,35.5,Low
19:13:15,0,0,1,0,93,45.4,28,48,0,7,5,1,0,1,46.5,Emergency
19:13:24,0,0,0,1,45,51.1,18,7,4,4,7,1,0,0,22.5,Emergency
19:13:33,1,1,0,1,75,43.4,28,30,4,9,2,1,0,0,37.5,Emergency
19:13:43,1,0,0,1,86,42.1,48,23,3,1,7,1,1,0,43.0,Emergency
19:13:52,1,1,0,1,115,23.7,48,44,3,9,7,1,1,1,57.5,Emergency
19:14:01,0,0,1,0,71,42.6,27,26,4,0,9,0,1,1,35.5,Emergency
19:14:11,0,1,0,0,137,36.0,87,39,4,1,0,1,1,0,68.5,Emergency
19:14:20,1,1,1,0,45,42.2,16,8,1,7,8,1,1,0,22.5,Emergency
19:14:29,0,1,0,0,109,49.1,26,67,2,2,9,0,1,0,54.5,Emergency
19:14:39,1,1,1,0,78,41.1,36,33,1,1,5,1,0,1,39.0,Emergency
19:14:48,1,0,1,0,77,37.0,43,18,4,8,1,0,1,0,38.5,Emergency
19:14:57,1,1,0,0,74,43.5,39,23,1,0,7,1,1,0,37.0,Emergency
19:15:06,1,1,0,0,78,37.4,15,41,3,7,7,1,1,1,39.0,Emergency
19:15:16,0,1,1,1,54,36.3,24,8,1,8,8,1,1,0,27.0,Emergency
19:15:25,1,0,1,1,92,32.9,43,34,1,5,5,0,1,0,46.0,Emergency
19:15:34,0,1,0,0,78,42.0,30,26,2,7,9,0,0,0,39.0,Low
19:15:44,1,1,0,1,49,44.1,18,18,3,5,0,1,0,1,24.5,Emergency
19:15:53,1,0,1,1,46,43.2,22,5,2,5,6,1,0,1,23.0,Emergency
19:16:02,1,0,1,0,27,45.0,9,9,1,4,3,1,0,0,13.5,Emergency
19:16:12,1,0,0,1,107,39.5,50,42,1,4,5,1,0,1,53.5,Emergency
19:16:21,1,1,0,1,117,43.8,67,42,2,1,4,0,0,1,58.5,Emergency
19:16:30,0,0,1,0,68,37.3,44,4,1,8,7,0,0,0,34.0,Low
19:16:40,1,0,1,1,84,33.5,58,12,1,3,5,1,1,1,42.0,Emergency
19:16:49,0,0,1,0,59,45.7,16,24,2,8,5,0,0,1,29.5,Emergency
19:16:58,0,0,1,1,96,32.3,55,34,1,0,4,0,0,1,48.0,Emergency
19:17:08,1,1,1,0,56,39.2,26,13,1,5,7,1,1,0,28.0,Emergency
19:17:17,1,1,1,1,13,43.4,0,0,0,3,6,1,1,0,6.5,Emergency
19:17:26,1,0,1,0,46,38.3,32,6,0,0,1,1,1,1,23.0,Emergency
19:17:36,1,1,0,1,93,38.9,69,15,0,1,4,0,0,0,46.5,Low
19:17:45,0,0,0,1,57,39.2,21,15,3,6,8,1,1,0,28.5,Emergency
19:17:54,1,0,1,0,58,45.4,33,17,2,2,3,0,0,0,29.0,Low
19:18:04,0,0,1,1,74,44.1,18,50,0,1,3,1,0,0,37.0,Emergency
19:18:13,0,0,1,1,50,47.2,6,29,3,5,3,1,0,0,25.0,Emergency
19:18:22,0,1,0,0,108,36.4,24,62,4,3,9,1,1,1,54.0,Emergency
19:18:31,0,1,0,0,17,46.2,4,1,4,5,1,0,1,1,8.5,Emergency
19:18:41,0,1,1,0,20,34.9,2,7,0,3,2,1,1,0,10.0,Emergency
19:18:50,1,0,0,1,51,45.1,24,12,2,3,8,1,0,0,25.5,Emergency
19:18:59,0,0,1,0,44,28.4,2,21,0,7,9,0,1,0,22.0,Emergency
19:19:09,1,1,0,1,53,40.2,6,35,4,2,3,0,0,1,26.5,Emergency
19:19:18,1,0,1,0,42,33.4,21,7,1,6,1,1,0,1,21.0,Emergency
19:19:27,1,0,1,0,45,33.9,19,16,0,5,1,0,1,0,22.5,Emergency
19:19:37,1,0,1,1,95,41.7,40,30,4,9,9,0,0,0,47.5,Low
19:19:46,0,1,0,0,48,41.4,14,24,1,3,4,1,0,1,24.0,Emergency
19:19:55,0,0,0,0,117,43.6,75,38,2,0,0,0,1,0,58.5,Emergency
19:20:05,0,0,1,1,62,43.5,39,6,4,7,1,1,1,0,31.0,Emergency
19:20:14,1,0,0,0,113,49.3,19,74,2,8,9,0,0,0,56.5,Medium
19:20:23,1,0,1,1,72,30.8,6,50,0,7,7,1,0,1,36.0,Emergency
19:20:33,0,1,1,0,30,36.3,5,7,4,2,8,0,1,0,15.0,Emergency
19:20:42,1,1,0,0,73,33.2,20,36,3,5,6,0,0,0,36.5,Low
19:20:51,1,0,1,0,109,38.4,38,49,2,5,9,1,1,1,54.5,Emergency
19:21:01,0,1,1,0,98,37.5,68,12,2,6,4,1,1,0,49.0,Emergency
19:21:10,0,1,0,1,60,30.6,27,25,0,1,3,0,1,0,30.0,Emergency
19:21:19,1,0,1,1,135,43.3,75,43,1,8,4,0,1,1,67.5,Emergency
19:21:29,0,0,1,0,58,37.3,40,1,4,1,7,1,1,0,29.0,Emergency
19:21:38,1,1,0,0,36,36.7,9,4,4,9,8,0,0,0,18.0,Low
19:21:47,1,0,0,0,61,43.7,20,33,4,2,0,1,1,0,30.5,Emergency
19:21:56,0,1,0,1,69,31.0,14,37,0,5,6,1,1,1,34.5,Emergency
19:22:06,1,0,1,1,56,46.5,20,19,4,4,3,1,1,0,28.0,Emergency
19:22:15,1,1,1,0,90,35.3,44,27,3,5,6,0,0,1,45.0,Emergency
19:22:24,0,0,0,1,67,48.4,23,28,4,1,5,1,1,1,33.5,Emergency
19:22:34,0,0,1,0,100,45.0,62,22,2,9,3,0,0,1,50.0,Emergency
19:22:43,0,1,1,0,67,40.0,4,59,2,0,2,0,0,0,33.5,Low
19:22:52,1,1,1,1,37,46.6,0,16,3,8,5,1,0,0,18.5,Emergency
19:23:02,1,1,0,1,28,37.6,1,15,3,0,4,1,1,0,14.0,Emergency
19:23:11,1,1,1,0,37,38.8,19,8,2,0,3,1,1,0,18.5,Emergency
19:23:20,1,1,0,0,49,35.0,17,14,1,9,4,0,0,1,24.5,Emergency
19:23:30,1,0,1,1,40,41.7,23,12,2,0,2,0,1,0,20.0,Emergency
19:23:39,0,0,0,0,44,42.6,17,21,0,2,0,0,1,0,22.0,Emergency
19:23:48,0,1,0,0,107,41.6,59,28,3,3,8,1,1,0,53.5,Emergency
19:23:58,0,0,0,1,108,43.4,66,33,1,0,4,1,1,0,54.0,Emergency
19:24:07,0,0,1,0,76,40.2,20,46,1,4,0,1,1,1,38.0,Emergency
19:24:16,0,1,1,1,39,40.6,8,8,4,7,7,1,1,1,19.5,Emergency
19:24:26,0,0,1,1,27,29.7,0,13,3,3,5,0,1,0,13.5,Emergency
19:24:35,0,1,0,0,108,32.5,64,25,0,3,9,1,1,1,54.0,Emergency
19:24:44,0,0,1,0,58,44.7,33,7,1,7,7,0,0,0,29.0,Low
19:24:54,1,1,1,0,93,37.3,71,16,2,1,3,0,0,0,46.5,Low
19:25:03,0,1,1,0,126,30.3,53,58,4,5,4,1,0,1,63.0,Emergency
19:25:12,1,0,0,0,101,44.5,56,30,1,4,9,1,0,0,50.5,Emergency
19:25:22,0,1,1,0,49,32.6,3,30,1,2,8,1,1,1,24.5,Emergency
19:25:31,0,0,0,0,35,36.0,15,2,1,3,8,1,1,0,17.5,Emergency
19:25:40,1,1,1,0,37,37.0,22,3,4,6,0,0,1,0,18.5,Emergency
19:25:49,0,1,0,0,87,39.2,14,57,4,1,5,1,1,0,43.5,Emergency
19:25:59,0,1,1,1,29,37.5,13,0,2,3,8,0,0,0,14.5,Low
19:26:08,1,1,0,0,43,40.6,5,19,4,7,6,1,0,0,21.5,Emergency
19:26:17,1,1,0,0,90,41.8,55,24,0,2,5,1,0,0,45.0,Emergency
19:26:27,1,1,1,1,22,39.9,9,1,0,0,9,0,1,0,11.0,Emergency
19:26:36,0,1,0,0,43,38.5,15,11,2,6,5,0,1,0,21.5,Emergency
19:26:45,1,1,0,1,55,39.2,27,16,2,8,2,0,0,0,27.5,Low
19:26:55,1,0,1,0,54,34.6,30,12,3,1,4,0,0,1,27.0,Emergency
19:27:04,0,1,0,1,129,42.5,73,40,3,5,2,0,1,1,64.5,Emergency
19:27:13,0,1,0,1,55,36.0,29,13,3,1,6,0,0,0,27.5,Low
19:27:23,0,1,1,1,96,34.8,40,40,2,9,2,1,1,0,48.0,Emergency
19:27:32,1,0,1,1,96,44.1,17,59,4,1,9,1,1,0,48.0,Emergency
19:27:41,1,1,0,0,88,38.7,43,30,2,9,0,1,0,0,44.0,Emergency
19:27:51,0,0,0,0,60,39.8,36,15,0,3,4,0,1,0,30.0,Emergency
19:28:00,1,0,0,0,37,41.2,13,8,1,8,2,1,0,0,18.5,Emergency
19:28:09,0,1,0,1,34,46.5,23,7,0,1,0,1,1,1,17.0,Emergency
19:28:19,1,1,0,0,26,44.0,4,1,2,7,7,0,1,1,13.0,Emergency
19:28:28,0,0,1,0,63,39.3,4,47,0,8,3,0,1,0,31.5,Emergency
19:28:37,1,1,0,1,67,39.9,44,7,1,8,4,1,0,1,33.5,Emergency
19:28:47,1,1,1,1,19,31.2,4,1,0,3,5,1,1,1,9.5,Emergency
19:28:56,1,0,0,0,82,37.4,45,19,2,7,7,0,1,0,41.0,Emergency
19:29:05,0,1,1,1,72,42.3,35,19,3,6,4,0,0,1,36.0,Emergency
19:29:14,0,1,0,0,96,40.0,51,24,4,4,8,0,1,0,48.0,Emergency
19:29:24,0,1,0,0,107,44.1,43,55,0,1,5,0,1,0,53.5,Emergency
19:29:33,1,0,1,1,106,40.0,76,11,0,7,7,0,1,0,53.0,Emergency
19:29:42,0,0,0,0,62,40.1,37,10,1,5,6,0,1,0,31.0,Emergency
19:29:52,1,1,0,0,21,26.4,3,7,2,1,3,0,0,1,10.5,Emergency
19:30:01,1,1,1,0,52,34.6,10,29,2,1,5,1,1,0,26.0,Emergency
19:30:10,0,0,1,1,70,41.2,48,12,2,2,0,1,1,1,35.0,Emergency
19:30:20,1,0,0,0,54,37.8,21,24,1,4,2,0,1,0,27.0,Emergency
19:30:29,0,0,0,0,50,39.2,31,3,1,5,5,0,0,1,25.0,Emergency
19:30:38,0,1,0,1,26,37.3,13,2,0,3,6,1,0,1,13.0,Emergency
19:30:48,0,0,1,0,55,42.1,13,23,1,8,7,1,0,1,27.5,Emergency
19:30:57,0,1,0,0,146,40.6,68,57,4,8,3,0,1,1,73.0,Emergency
19:31:06,0,1,0,1,61,45.8,23,18,4,2,8,1,1,1,30.5,Emergency
19:31:16,0,1,1,0,90,44.2,7,63,4,7,7,1,1,0,45.0,Emergency
19:31:25,1,0,1,0,141,37.5,84,41,4,1,6,1,0,1,70.5,Emergency
19:31:34,0,1,0,0,63,31.2,32,21,1,5,1,0,0,1,31.5,Emergency
19:31:44,0,1,0,0,83,47.4,50,23,0,5,0,0,1,0,41.5,Emergency
19:31:53,0,0,1,0,35,37.6,21,5,0,2,4,0,0,0,17.5,Low
19:32:02,1,1,0,0,98,43.5,51,32,0,4,7,0,0,0,49.0,Low
19:32:12,1,0,0,0,79,43.0,51,14,4,3,5,0,1,0,39.5,Emergency
19:32:21,0,1,0,0,51,35.6,10,18,0,9,9,1,1,1,25.5,Emergency
19:32:30,1,1,1,1,46,37.5,17,12,2,1,9,1,0,0,23.0,Emergency
19:32:39,1,0,1,1,56,43.4,33,15,1,0,4,0,1,1,28.0,Emergency
19:32:49,1,1,1,1,16,38.3,1,2,4,4,0,1,1,0,8.0,Emergency
19:32:58,1,0,0,1,45,34.5,35,0,2,0,4,1,0,0,22.5,Emergency
19:33:07,1,1,0,1,75,42.6,10,54,1,0,4,1,1,1,37.5,Emergency
19:33:17,0,1,0,1,41,45.2,0,26,1,3,6,0,1,1,20.5,Emergency
19:33:26,0,0,1,0,104,37.1,44,44,2,4,5,0,1,0,52.0,Emergency
19:33:35,0,0,1,1,101,39.7,72,17,0,5,5,0,1,0,50.5,Emergency
19:33:45,0,0,0,1,40,46.3,9,11,4,5,5,0,1,1,20.0,Emergency
19:33:54,1,0,1,0,50,39.3,31,7,2,9,0,0,1,0,25.0,Emergency
19:34:03,0,0,0,1,43,34.0,24,3,1,4,9,0,1,0,21.5,Emergency
19:34:13,0,0,0,0,46,36.0,11,24,4,1,4,0,1,1,23.0,Emergency
19:34:22,0,1,1,0,93,41.4,76,2,2,3,8,0,0,1,46.5,Emergency
19:34:31,0,0,1,0,91,41.9,55,22,4,7,0,1,0,0,45.5,Emergency
19:34:41,0,0,1,0,62,36.2,47,4,1,3,5,0,0,1,31.0,Emergency
19:34:50,0,0,1,0,89,35.9,35,33,1,9,8,1,0,0,44.5,Emergency
19:34:59,0,1,0,0,74,45.3,29,33,0,6,3,1,0,0,37.0,Emergency
19:35:09,1,1,0,1,106,34.9,12,78,3,2,7,1,1,1,53.0,Emergency
19:35:18,1,1,0,1,40,36.5,18,4,0,8,9,0,0,1,20.0,Emergency
19:35:27,1,0,0,0,31,38.9,10,13,3,0,3,0,1,0,15.5,Emergency
19:35:37,0,0,1,1,84,36.3,31,33,0,8,9,0,0,1,42.0,Emergency
19:35:46,0,1,0,1,83,43.5,16,44,1,9,9,1,1,0,41.5,Emergency
19:35:55,0,1,0,0,26,44.0,4,5,1,2,8,1,1,0,13.0,Emergency
19:36:04,0,0,0,1,78,33.6,21,45,0,2,8,1,1,0,39.0,Emergency
19:36:14,0,1,1,1,47,37.3,14,17,3,7,5,0,1,0,23.5,Emergency
19:36:23,1,1,0,1,56,33.7,20,22,0,9,2,1,1,1,28.0,Emergency
19:36:32,0,1,0,0,71,44.0,6,54,2,3,3,0,1,0,35.5,Emergency
19:36:42,1,1,0,1,53,38.3,26,11,1,7,6,1,0,0,26.5,Emergency
19:36:51,1,1,1,1,117,39.0,69,21,4,9,9,1,1,0,58.5,Emergency
19:37:00,1,0,0,1,87,41.2,43,33,1,5,0,1,1,1,43.5,Emergency
19:37:10,0,0,0,0,69,37.3,21,29,3,6,7,0,0,0,34.5,Low
19:37:19,0,0,1,1,75,44.5,36,30,0,3,3,0,1,0,37.5,Emergency
19:37:28,1,1,0,0,36,39.6,8,16,3,6,1,1,1,0,18.0,Emergency
19:37:38,1,0,1,0,48,42.0,22,5,3,7,8,1,1,1,24.0,Emergency
19:37:47,1,1,1,1,50,33.4,2,25,4,6,8,0,1,1,25.0,Emergency
19:37:56,1,1,1,1,99,32.9,55,29,0,9,3,0,1,0,49.5,Emergency
19:38:06,0,0,1,0,84,27.4,33,32,4,7,3,0,1,0,42.0,Emergency
19:38:15,1,1,0,0,58,47.4,22,20,4,8,0,0,1,0,29.0,Emergency
19:38:24,0,0,1,1,46,49.6,27,11,1,2,0,1,1,0,23.0,Emergency
19:38:34,0,0,0,1,82,42.2,21,48,3,3,4,1,1,1,41.0,Emergency
19:38:43,0,0,1,1,47,41.7,30,5,1,6,3,0,1,1,23.5,Emergency
19:38:52,1,1,1,1,116,41.8,63,33,1,6,8,0,1,0,58.0,Emergency
19:39:02,0,1,0,0,64,30.6,40,12,3,6,0,0,0,1,32.0,Emergency
19:39:11,0,1,0,1,64,33.3,51,6,0,4,2,0,0,0,32.0,Low
19:39:20,1,1,0,1,35,33.5,6,13,3,2,8,1,0,0,17.5,Emergency
19:39:29,1,1,1,1,69,44.1,38,21,2,2,3,1,1,1,34.5,Emergency
19:39:39,1,1,0,0,104,36.0,58,36,3,1,1,1,0,1,52.0,Emergency
19:39:48,0,0,0,0,58,46.9,25,13,4,6,9,0,0,1,29.0,Emergency
19:39:57,0,1,1,0,78,39.6,21,37,0,9,8,0,0,0,39.0,Low
19:40:07,1,0,1,1,49,37.0,22,12,2,7,2,1,1,1,24.5,Emergency
19:40:16,1,1,1,1,19,41.7,2,3,1,9,2,1,0,0,9.5,Emergency
19:40:25,1,0,1,1,68,52.4,37,20,2,2,2,1,1,1,34.0,Emergency
19:40:35,1,1,1,1,43,37.7,25,0,1,5,8,0,1,1,21.5,Emergency
19:40:44,1,1,1,0,96,36.7,39,38,1,8,7,0,0,1,48.0,Emergency
19:40:53,1,1,1,1,119,41.6,60,48,3,0,4,0,0,1,59.5,Emergency
19:41:03,1,0,1,1,89,47.2,61,12,1,7,4,1,1,1,44.5,Emergency
19:41:12,0,0,0,0,54,34.3,9,30,1,4,5,1,1,1,27.0,Emergency
19:41:21,1,1,1,0,71,41.5,6,49,1,7,6,1,1,0,35.5,Emergency
19:41:31,1,0,1,1,57,32.2,15,24,4,7,3,1,0,0,28.5,Emergency
19:41:40,0,0,0,1,86,35.7,25,46,0,7,5,0,1,0,43.0,Emergency
19:41:49,0,0,1,0,42,42.6,3,24,2,6,6,0,0,1,21.0,Emergency
19:41:59,1,1,0,0,36,30.3,17,7,1,5,4,1,0,1,18.0,Emergency
19:42:08,0,0,0,0,78,45.8,27,30,3,8,7,1,0,1,39.0,Emergency
19:42:17,1,1,0,0,89,44.4,25,50,3,2,5,1,1,1,44.5,Emergency
19:42:27,0,1,0,1,63,41.6,36,7,4,7,7,0,1,0,31.5,Emergency
19:42:36,0,1,1,0,33,39.0,4,7,3,4,9,1,1,0,16.5,Emergency
19:42:45,1,0,1,0,84,35.9,68,1,0,2,9,1,0,0,42.0,Emergency
19:42:54,1,0,1,1,69,39.2,49,5,0,9,2,0,1,0,34.5,Emergency
19:43:04,0,0,0,1,20,33.2,7,4,2,1,1,0,1,1,10.0,Emergency
19:43:13,0,0,0,0,32,44.7,10,11,1,6,3,0,0,0,16.0,Low
19:43:22,0,0,0,1,23,40.1,9,11,0,2,0,0,1,0,11.5,Emergency
19:43:32,0,1,0,0,58,38.5,35,8,2,4,8,1,0,0,29.0,Emergency
19:43:41,1,0,1,0,44,31.7,24,9,1,6,0,1,1,0,22.0,Emergency
19:43:50,1,1,0,1,99,46.5,19,61,2,8,8,0,1,0,49.5,Emergency
19:44:00,1,0,1,1,64,45.4,31,14,3,7,6,1,1,1,32.0,Emergency
19:44:09,1,0,1,1,93,29.6,57,16,4,5,6,0,1,1,46.5,Emergency
19:44:18,1,1,0,0,98,46.9,66,22,0,0,4,0,1,1,49.0,Emergency
19:44:28,0,0,1,1,21,39.0,4,8,3,0,5,0,0,0,10.5,Low
19:44:37,0,0,0,0,84,38.0,36,39,0,3,2,1,1,1,42.0,Emergency
19:44:46,0,1,0,0,108,42.8,40,58,1,0,5,1,1,0,54.0,Emergency
19:44:56,0,0,0,1,73,50.1,25,39,0,3,1,0,1,1,36.5,Emergency
19:45:05,0,1,1,0,56,42.7,6,36,3,7,1,0,1,1,28.0,Emergency
19:45:14,1,0,0,0,50,35.2,12,22,2,6,2,1,1,0,25.0,Emergency
19:45:24,1,1,1,1,127,44.8,75,33,1,5,7,0,1,1,63.5,Emergency
19:45:33,0,1,0,1,50,36.1,32,4,3,5,3,1,0,1,25.0,Emergency
19:45:42,1,0,1,0,62,37.3,43,0,2,5,7,1,0,1,31.0,Emergency
19:45:52,0,1,1,1,125,35.2,87,29,4,0,1,0,1,1,62.5,Emergency
19:46:01,1,0,0,0,47,43.3,2,25,3,6,6,1,1,1,23.5,Emergency
19:46:10,1,1,0,0,125,44.9,59,50,3,0,8,0,1,1,62.5,Emergency
19:46:19,0,1,1,1,35,33.6,11,13,1,1,4,1,1,1,17.5,Emergency
19:46:29,1,0,0,1,58,39.1,24,21,3,0,5,1,0,0,29.0,Emergency
19:46:38,1,0,1,0,74,36.6,23,40,4,4,0,1,0,0,37.0,Emergency
19:46:47,0,0,1,1,76,34.3,36,27,3,6,4,0,0,0,38.0,Low
19:46:57,1,1,1,1,88,37.6,52,20,1,6,8,0,1,0,44.0,Emergency
19:47:06,1,0,1,0,34,38.1,12,7,4,2,8,0,0,0,17.0,Low
19:47:15,1,1,1,0,32,46.4,13,14,0,0,2,0,0,0,16.0,Low
19:47:25,1,1,1,0,61,39.4,35,12,3,7,2,1,1,0,30.5,Emergency
19:47:34,1,1,1,1,35,41.8,2,17,2,3,6,0,1,0,17.5,Emergency
19:47:43,0,1,0,1,71,39.9,4,45,3,5,9,0,0,1,35.5,Emergency
19:47:53,0,1,0,1,61,36.5,29,14,0,7,5,1,0,1,30.5,Emergency
19:48:02,0,1,1,1,41,34.1,2,26,3,6,1,1,0,0,20.5,Emergency
19:48:11,1,0,1,0,97,45.7,55,24,3,3,7,0,0,1,48.5,Emergency
19:48:21,1,1,1,0,84,37.5,11,67,0,3,1,1,0,1,42.0,Emergency
19:48:30,0,1,0,1,76,41.1,12,46,1,7,6,0,0,1,38.0,Emergency
19:48:39,1,0,1,1,91,41.7,76,0,0,0,9,1,0,1,45.5,Emergency
19:48:49,1,1,1,0,69,41.3,27,29,4,6,1,1,0,0,34.5,Emergency
19:48:58,1,1,1,1,121,36.6,57,39,1,8,9,1,1,1,60.5,Emergency
19:49:07,0,0,0,0,34,35.7,10,2,1,9,7,1,0,1,17.0,Emergency
19:49:17,1,1,1,0,67,49.6,33,21,0,6,3,0,0,0,33.5,Low
19:49:26,1,0,1,0,76,43.8,39,26,0,0,7,1,0,0,38.0,Emergency
19:49:35,1,0,1,0,93,41.9,51,30,2,0,4,1,1,1,46.5,Emergency
19:49:44,0,0,1,0,96,51.5,53,27,2,4,7,0,1,1,48.0,Emergency
19:49:54,0,0,1,0,63,29.6,43,11,4,0,2,0,1,0,31.5,Emergency
19:50:03,0,1,1,1,38,37.2,1,23,3,4,5,0,0,1,19.0,Emergency
19:50:12,0,1,1,0,67,41.0,48,0,3,8,4,0,0,0,33.5,Low
19:50:22,0,0,0,1,94,46.6,56,18,2,9,6,0,1,1,47.0,Emergency
19:50:31,0,0,0,0,39,38.1,5,12,2,8,7,1,1,0,19.5,Emergency
19:50:40,1,0,1,1,97,42.7,86,0,2,6,0,1,1,1,48.5,Emergency
19:50:50,1,0,1,1,44,35.7,29,3,2,6,4,0,0,0,22.0,Low
19:50:59,0,0,0,0,104,35.8,66,28,2,6,0,1,0,0,52.0,Emergency
19:51:08,0,0,1,0,29,38.1,13,2,4,0,6,0,1,0,14.5,Emergency
19:51:18,1,1,0,1,43,43.8,6,14,2,7,9,1,0,0,21.5,Emergency
19:51:27,1,1,1,1,80,39.7,47,23,0,4,6,0,0,0,40.0,Low
19:51:36,0,0,1,1,29,42.1,15,3,4,2,2,0,0,1,14.5,Emergency
19:51:46,0,1,1,1,35,40.4,15,6,0,2,7,1,1,0,17.5,Emergency
19:51:55,1,1,0,1,42,39.9,20,14,2,2,1,1,1,0,21.0,Emergency
19:52:04,0,1,0,0,81,40.1,54,15,3,3,1,1,1,1,40.5,Emergency
19:52:14,0,0,1,0,64,32.7,27,14,4,9,9,0,1,0,32.0,Emergency
19:52:23,1,1,0,1,119,30.8,11,86,3,9,8,0,1,1,59.5,Emergency
19:52:32,1,1,0,0,45,50.0,27,11,3,0,1,0,1,0,22.5,Emergency
19:52:42,0,1,0,1,78,41.6,45,23,0,4,5,0,1,0,39.0,Emergency
19:52:51,1,1,0,1,85,37.3,47,15,4,9,5,0,1,0,42.5,Emergency
19:53:00,0,1,1,1,44,34.6,29,10,0,3,0,0,1,0,22.0,Emergency
19:53:09,0,1,0,1,66,36.2,35,11,3,6,7,1,1,0,33.0,Emergency
19:53:19,1,1,0,1,131,38.7,82,41,3,1,2,1,1,0,65.5,Emergency
19:53:28,0,1,1,1,70,44.1,23,32,0,8,6,0,0,0,35.0,Low
19:53:37,1,1,0,0,62,35.0,19,26,3,8,2,1,1,1,31.0,Emergency
19:53:47,1,0,0,1,96,48.6,29,48,1,4,8,1,1,1,48.0,Emergency
19:53:56,1,1,1,0,63,33.5,34,15,4,4,6,0,0,0,31.5,Low
19:54:05,0,1,1,1,42,33.7,19,10,1,2,6,0,0,1,21.0,Emergency
19:54:15,0,0,0,1,31,39.4,18,2,3,1,7,0,0,0,15.5,Low
19:54:24,1,0,0,1,73,42.1,8,48,2,6,4,1,0,1,36.5,Emergency
19:54:33,1,1,1,1,57,46.2,37,5,3,1,9,0,0,0,28.5,Low
19:54:43,0,1,0,1,105,41.2,51,38,0,7,4,1,0,1,52.5,Emergency
19:54:52,0,1,1,1,78,38.2,11,50,3,1,7,0,1,1,39.0,Emergency
19:55:01,1,1,1,1,92,37.4,54,32,1,2,2,0,0,1,46.0,Emergency
19:55:11,0,0,0,1,138,32.6,83,42,2,0,7,1,0,1,69.0,Emergency
19:55:20,1,0,0,1,76,41.8,16,43,4,1,8,0,0,0,38.0,Low
19:55:29,0,1,0,0,96,42.5,63,22,1,6,3,0,1,0,48.0,Emergency
19:55:39,1,0,1,0,45,35.0,21,9,1,9,3,1,0,0,22.5,Emergency
19:55:48,1,1,0,1,75,39.1,42,17,3,6,5,1,0,0,37.5,Emergency
19:55:57,1,0,1,1,89,29.4,31,37,1,8,6,0,1,1,44.5,Emergency
19:56:07,0,1,0,0,107,43.6,75,21,4,1,4,0,0,0,53.5,Medium
19:56:16,0,1,1,1,46,43.8,13,14,0,8,8,0,0,0,23.0,Low
19:56:25,0,1,1,1,103,37.7,81,9,2,0,6,1,1,1,51.5,Emergency
19:56:34,1,0,0,0,59,41.6,31,15,0,3,8,0,1,0,29.5,Emergency
19:56:44,0,0,1,1,9,39.9,1,1,4,1,0,0,0,0,4.5,Low
19:56:53,0,1,1,1,29,39.6,16,0,1,8,0,1,1,1,14.5,Emergency
19:57:02,0,1,1,0,77,40.3,58,6,0,8,3,0,0,0,38.5,Low
19:57:12,0,1,0,1,86,40.8,49,27,1,5,2,0,0,1,43.0,Emergency
19:57:21,0,1,1,0,87,34.9,52,21,1,8,2,1,0,1,43.5,Emergency
19:57:30,1,1,1,1,96,33.9,46,33,3,8,5,0,0,0,48.0,Low
19:57:40,1,1,1,0,69,35.6,5,53,2,2,4,0,1,0,34.5,Emergency
19:57:49,1,1,0,0,51,47.8,24,17,2,2,0,0,1,1,25.5,Emergency
19:57:58,1,0,0,1,31,42.7,3,18,4,1,0,1,0,0,15.5,Emergency
19:58:08,0,0,1,1,85,45.7,37,35,4,7,0,1,0,1,42.5,Emergency
19:58:17,0,0,0,1,58,39.2,31,11,0,9,4,1,1,1,29.0,Emergency
19:58:26,0,0,0,0,63,41.2,24,33,1,0,0,1,1,0,31.5,Emergency
19:58:36,0,1,0,0,97,38.5,19,61,0,4,8,1,1,0,48.5,Emergency
19:58:45,0,0,1,0,115,43.2,49,50,3,7,0,1,1,0,57.5,Emergency
19:58:54,1,0,1,0,44,34.5,23,5,3,4,4,0,1,0,22.0,Emergency
19:59:04,0,0,0,0,96,40.3,56,20,4,5,9,0,0,1,48.0,Emergency
19:59:13,1,0,1,1,98,38.2,58,27,2,8,0,0,0,1,49.0,Emergency
19:59:22,0,1,1,0,74,33.3,33,22,2,6,9,1,0,1,37.0,Emergency
19:59:32,1,1,1,0,54,44.5,27,16,1,1,7,1,0,1,27.0,Emergency
19:59:41,1,0,0,1,54,26.0,15,26,0,2,9,0,1,0,27.0,Emergency
19:59:50,0,1,1,1,49,37.4,27,6,1,8,4,1,0,1,24.5,Emergency
20:00:00,0,1,1,1,104,42.0,56,30,4,0,8,1,1,0,52.0,Emergency
